gene_id,gene_symbol,baseMean,log2FoldChange,lfcSE,stat,pvalue,padj
ENSG00000224389,C4B,874.644215185362,5.06965496967616,0.317388437582901,15.9730297936641,1.96980612001024e-57,3.48320816201412e-53
ENSG00000123500,COL10A1,517.085972305905,7.66231274253754,0.715108107659783,10.7149012302668,8.66496977934781e-27,7.66113303041037e-23
ENSG00000099953,MMP11,324.769376458987,5.0793428642588,0.477952012108059,10.6273072098929,2.2244253419623e-26,1.31115044406398e-22
ENSG00000060718,COL11A1,790.206959900398,6.38314414353514,0.662893193083146,9.62921962412505,6.0184796837126e-22,2.66061940617725e-18
ENSG00000120875,DUSP4,1803.05344630624,2.44307045142175,0.261370900619081,9.34714019669025,9.00495447315213e-21,3.18469219897498e-17
ENSG00000162482,AKR7A3,291.785081737929,3.94914222512407,0.445606498063008,8.862398197267,7.83113117750289e-19,2.30796487686306e-15
ENSG00000075275,CELSR1,1471.56799571644,4.16309436864814,0.475510062105441,8.75500793866482,2.04089119612399e-18,5.15558271729436e-15
ENSG00000124171,PARD6B,671.909237322674,2.51283013123136,0.287973543046751,8.72590622265396,2.64057438612504e-18,5.83665960873113e-15
ENSG00000227746,C4A,1791.10491904976,3.85272606053474,0.443004680463706,8.69680667143738,3.41354283447486e-18,6.70685310466878e-15
ENSG00000176532,PRR15,117.79403576254,4.10079525633503,0.486336171259304,8.43201780718172,3.39755266180527e-17,6.00789237187025e-14
ENSG00000197774,EME2,240.392190709601,2.56474089208519,0.312460830502352,8.20819969005965,2.24529571460413e-16,3.60941492012226e-13
ENSG00000187017,ESPN,92.7375632284288,4.1586977333445,0.515572380931015,8.06617632588224,7.25340316712138e-16,1.06884940170173e-12
ENSG00000100219,XBP1,7404.09026632513,2.89223197015611,0.372710917028813,7.75998726630409,8.49379131921831e-15,1.10141251095306e-11
ENSG00000175356,SCUBE2,1250.75514983264,1.85284342394949,0.238871557452886,7.75665149801243,8.72011262418302e-15,1.10141251095306e-11
ENSG00000185499,MUC1,1231.93972876072,4.82260360363782,0.638245777398985,7.55602900075761,4.15561228838796e-14,4.89891280637096e-11
ENSG00000188312,CENPP,255.393251813295,2.92913694623036,0.393342275098352,7.44678904777768,9.56393604411256e-14,1.05699425667526e-10
ENSG00000117114,ADGRL2,563.69548573472,-2.07058072444069,0.281381479596437,-7.35862476595957,1.85814536450542e-13,1.93279908709113e-10
ENSG00000091831,ESR1,3361.70041075827,2.61945732211242,0.357842192059662,7.32014664630626,2.47700118838454e-13,2.43337844523354e-10
ENSG00000160180,TFF3,285.947677232678,4.65722058666577,0.640352402571621,7.272902495505,3.51844292662303e-13,3.27455927744605e-10
ENSG00000019505,SYT13,195.059465791309,4.95697484345914,0.703466005503491,7.04650232517105,1.8347106124222e-12,1.62215938797309e-09
ENSG00000183010,PYCR1,193.096675663151,3.27695760304584,0.465920517005073,7.03329749054637,2.01708656065962e-12,1.69848293581638e-09
ENSG00000166351,POTED,79.6935348346152,3.88248179555277,0.555591999842145,6.98800882060192,2.78814864554643e-12,2.24103784087262e-09
ENSG00000166819,PLIN1,8958.13205108981,-6.10552295199691,0.876529105172101,-6.96556784705755,3.27081742490601e-12,2.45387299587822e-09
ENSG00000175445,LPL,7029.14843163252,-6.44455863224566,0.925637723943819,-6.96229039238769,3.34784501994296e-12,2.45387299587822e-09
ENSG00000172061,LRRC15,320.639668954647,4.96726319641664,0.713967111377114,6.95727172479372,3.46925436277529e-12,2.45387299587822e-09
ENSG00000074410,CA12,789.911718323945,2.84398080879656,0.409433322225425,6.94613910108354,3.75418618674911e-12,2.55327978231864e-09
ENSG00000182175,RGMA,235.680071329203,-2.28055217537552,0.328835515025971,-6.93523683168896,4.0554118273606e-12,2.65599434604509e-09
ENSG00000167588,GPD1,3683.01012085571,-6.68689846962782,0.965940944196396,-6.92267835813804,4.43183260777221e-12,2.70596865054857e-09
ENSG00000154856,APCDD1,317.086560302863,-3.52148766292907,0.508702546986035,-6.92248875849591,4.43777022371253e-12,2.70596865054857e-09
ENSG00000085831,TTC39A,464.005743221275,3.09997770209277,0.448518665488582,6.91159129066767,4.79246961652781e-12,2.82484134096871e-09
ENSG00000241534,CFB,826.53176207351,3.60260188087068,0.523885035973677,6.87670315716308,6.12535597543113e-12,3.49402160366286e-09
ENSG00000204385,SLC44A4,155.068962670978,3.59604430995637,0.523821866402814,6.86501373959644,6.64848538793832e-12,3.67391147234104e-09
ENSG00000196549,MME,1263.14014574211,-4.08143337437704,0.597509520339325,-6.83074199731446,8.44765436114299e-12,4.48304877514903e-09
ENSG00000119927,GPAM,7781.13010411493,-5.99928770400369,0.878649863805998,-6.82784798715715,8.61978501131409e-12,4.48304877514903e-09
ENSG00000175130,MARCKSL1,458.70150096603,2.60265900650052,0.382515610534646,6.80405958560165,1.01711437741844e-11,5.13875243882579e-09
ENSG00000126878,AIF1L,312.376114089542,-2.54950867241245,0.375706743334547,-6.7859007527641,1.15364440346924e-11,5.66663721848514e-09
ENSG00000187134,AKR1C1,1285.42973657148,-6.49172428434231,0.958778564669497,-6.77082751279498,1.28047863252045e-11,6.11964963752947e-09
ENSG00000004799,PDK4,3980.75951097586,-3.87673352088753,0.580009596462407,-6.68391272236268,2.32645394174987e-11,1.08259697505166e-08
ENSG00000126803,HSPA2,341.989572726772,2.26167678653592,0.339694232457829,6.65797817693796,2.77619983736814e-11,1.2587574801072e-08
ENSG00000162073,PAQR4,72.8888160022737,2.79937933704334,0.421231884247945,6.64569668566584,3.01786163052078e-11,1.33412118031247e-08
ENSG00000135218,CD36,12643.0667961607,-6.25303365980608,0.944133853173323,-6.62303723014384,3.51892345130157e-11,1.51768593632599e-08
ENSG00000173208,ABCD2,370.876714447064,-5.90715012078054,0.893556852077067,-6.61082739956546,3.82177877000888e-11,1.60905985690636e-08
ENSG00000197766,CFD,1402.97724922402,-4.99588666422508,0.756701465103574,-6.60218975992238,4.05128468182339e-11,1.66602016345774e-08
ENSG00000196616,ADH1B,8192.2529923189,-6.36462522686035,0.970534093520014,-6.55785847128419,5.45859765818466e-11,2.1937359634018e-08
ENSG00000167702,KIFC2,190.603680035275,2.78451027205648,0.42625840999994,6.53244653180419,6.47038999499484e-11,2.54257569514431e-08
ENSG00000148488,ST8SIA6,350.851293605059,2.79751262605233,0.428947419384932,6.52180780120718,6.94649932309439e-11,2.67032494631039e-08
ENSG00000154258,ABCA9,723.813455114534,-2.97186854514239,0.456313800270408,-6.51277376091034,7.37755869754086e-11,2.77568873294925e-08
ENSG00000101938,CHRDL1,2015.69012253336,-5.98279405991034,0.920054052611492,-6.50265497220376,7.89146548373468e-11,2.90718300310167e-08
ENSG00000204434,POTEKP,891.554920951009,5.34003520539162,0.823810070919975,6.48211935480254,9.04430451452394e-11,3.26388646388422e-08
ENSG00000189367,KIAA0408,377.935560990897,-4.59861112829471,0.710120786204965,-6.475815407222,9.43012777688073e-11,3.33505898957164e-08
ENSG00000135917,SLC19A3,1188.50806692819,-5.47423463855403,0.845980779052412,-6.4708735400416,9.74379580387896e-11,3.37842237647042e-08
ENSG00000140545,MFGE8,726.996559607325,-2.0672037389897,0.320343349705511,-6.45308772880741,1.09593871807849e-10,3.67666895407808e-08
ENSG00000141424,SLC39A6,5882.09916234671,3.11542857590109,0.482843398927631,6.45225467060394,1.10198187279386e-10,3.67666895407808e-08
ENSG00000101210,EEF1A2,158.700358832175,4.08719757194837,0.634412495979078,6.44249222367644,1.17527388045847e-10,3.8485866718791e-08
ENSG00000236625,C4B,201.013928749209,5.82888109403051,0.905875724860231,6.43452620935378,1.23859065885544e-10,3.93018202788635e-08
ENSG00000143126,CELSR2,674.978008180765,2.36023442655214,0.366850020330915,6.43378573189967,1.24464284092991e-10,3.93018202788635e-08
ENSG00000122641,INHBA,283.554021705738,2.78734828612523,0.434155277167974,6.42016447273727,1.36127189438325e-10,4.16790332489093e-08
ENSG00000143196,DPT,2449.4709632145,-5.24668319272589,0.81730175823324,-6.41951780951461,1.36706663373678e-10,4.16790332489093e-08
ENSG00000184226,PCDH9,1082.91111285654,-4.34074694027499,0.680674572477499,-6.37712515758546,1.80442997036816e-10,5.40809070610512e-08
ENSG00000162849,KIF26B,142.310373165611,6.62473611070289,1.03947625965468,6.37314806295205,1.85186940631975e-10,5.44054665788962e-08
ENSG00000106789,CORO2A,225.800650295325,2.32004153600953,0.364150957077792,6.37109827920597,1.87679322587382e-10,5.44054665788962e-08
ENSG00000185842,DNAH14,392.086918316969,1.93731381805999,0.304897234491704,6.35398947218954,2.0980119986304e-10,5.94279455853709e-08
ENSG00000115902,SLC1A4,378.48649515539,2.03196737904936,0.319864657093905,6.35258486358129,2.11726549334297e-10,5.94279455853709e-08
ENSG00000142910,TINAGL1,451.978908515677,-2.50266305332307,0.394143804613874,-6.34961915936958,2.15848617553807e-10,5.94510272943431e-08
ENSG00000130827,PLXNA3,441.83502547148,1.99778172752334,0.31472442210488,6.34771751795477,2.18532871918357e-10,5.94510272943431e-08
ENSG00000158186,MRAS,788.29612678173,-3.56447062715526,0.563415278722024,-6.32654236008726,2.50715497493747e-10,6.71727597300293e-08
ENSG00000149124,GLYAT,199.663932637827,-6.5423792025112,1.03601302577847,-6.31495844137208,2.70234085896647e-10,7.13216319538868e-08
ENSG00000105974,CAV1,4777.3602578689,-4.8476116377784,0.769235978378078,-6.30185245365084,2.94109081117125e-10,7.64813364910901e-08
ENSG00000148053,NTRK2,2048.69127923054,-3.65721303832053,0.580613820634969,-6.29887355130634,2.99816441869039e-10,7.68355672691335e-08
ENSG00000132970,WASF3,373.163331067065,-4.41928867651834,0.702592193498938,-6.28997691322202,3.17513188303543e-10,8.0208367268165e-08
ENSG00000196405,EVL,1539.73132703604,2.47132972075223,0.393205956082594,6.28507702521454,3.27691179733625e-10,8.16135652285872e-08
ENSG00000163710,PCOLCE2,533.638989980184,-6.14161614950996,0.983335549745931,-6.24569726081479,4.21913678656186e-10,1.03620827495518e-07
ENSG00000244731,C4A,468.854000958635,4.14129866765806,0.664564727215743,6.23159565661636,4.61707927641168e-10,1.11840839513408e-07
ENSG00000133816,MICAL2,593.331726964444,1.81937016811404,0.292202435377619,6.22640316383001,4.77264979175808e-10,1.1251777548255e-07
ENSG00000170017,ALCAM,1310.51306849755,1.73804262336189,0.279225579549336,6.22451075638219,4.83061006492794e-10,1.1251777548255e-07
ENSG00000105971,CAV2,1595.16898244383,-4.29382553348376,0.689844463822805,-6.22433861350329,4.8359163810857e-10,1.1251777548255e-07
ENSG00000259916,AQP7B,283.45982527969,-5.29778024780179,0.851529347336365,-6.22148874184263,4.92459501549815e-10,1.13093004752018e-07
ENSG00000123612,ACVR1C,594.328435726428,-4.94317236432229,0.800413856742518,-6.17577060002403,6.58415298055426e-10,1.49266124557873e-07
ENSG00000165072,MAMDC2,227.754580627091,-3.4343126982941,0.558339645319186,-6.15093828117975,7.7025891315079e-10,1.70277467764848e-07
ENSG00000120049,KCNIP2,579.773551602779,-4.86600629240981,0.791102399456708,-6.15091838395579,7.7035556303726e-10,1.70277467764848e-07
ENSG00000285043,NA,134.629973468714,2.65796616537883,0.433353505308703,6.13348255596872,8.59758498118112e-10,1.87692710150896e-07
ENSG00000165474,GJB2,58.3587342488809,4.64508963352773,0.758034244589348,6.12780974828404,8.90970309571499e-10,1.9213448761162e-07
ENSG00000133800,LYVE1,753.346957150659,-5.41863038745589,0.885291125319016,-6.12073275387605,9.3146013775636e-10,1.98445898987298e-07
ENSG00000151632,AKR1C2,987.013087874768,-6.26644108750132,1.02495546538276,-6.11386669874595,9.7245545220825e-10,2.04713449540458e-07
ENSG00000079435,LIPE,1462.60456995005,-5.31750356021429,0.870114167364122,-6.11127109482984,9.88406980552259e-10,2.05623536907125e-07
ENSG00000141338,ABCA8,1041.90400812598,-3.77382899533175,0.617751999300565,-6.10897091325415,1.0027559943914e-09,2.06182956381665e-07
ENSG00000291559,MASP1,42.8629780414229,-3.97639823888255,0.652402869883708,-6.09500421049856,1.09434571003434e-09,2.22282264185962e-07
ENSG00000133392,MYH11,1125.44079574637,-2.67381900642484,0.438814309805909,-6.0932812505761,1.10619460772293e-09,2.22282264185962e-07
ENSG00000189334,S100A14,552.422511469435,6.22983680057351,1.02337637122091,6.08753238375161,1.14664188571866e-09,2.27820993990596e-07
ENSG00000094963,FMO2,1031.42849301551,-4.49849063287312,0.739621387336685,-6.0821532609702,1.18579136569503e-09,2.32981652439835e-07
ENSG00000198018,ENTPD7,266.854258448298,1.69358720150866,0.278913463826636,6.07208837563086,1.26257412211259e-09,2.45341738476009e-07
ENSG00000133110,POSTN,3634.78210044738,2.09457964329009,0.345055780027402,6.07026389508314,1.27700232665528e-09,2.45448175459188e-07
ENSG00000095637,SORBS1,5709.87028708093,-4.38405968603638,0.722894840841547,-6.0645884274575,1.32291978495218e-09,2.51539683411929e-07
ENSG00000160753,RUSC1,190.489228009213,2.01032044914653,0.331712860967898,6.06042359431185,1.35763530924379e-09,2.55394310354871e-07
ENSG00000263155,MYZAP,661.921538170937,-5.04022053436726,0.833488307792523,-6.04714005852845,1.47439579627195e-09,2.74439377531335e-07
ENSG00000135525,MAP7,311.473351676243,1.80116260919206,0.298731425755508,6.029371046708,1.64598991523528e-09,3.03187913240682e-07
ENSG00000127955,GNAI1,556.414780674471,-4.00639644066568,0.665640500070849,-6.01885918936611,1.75650581177708e-09,3.20209198656228e-07
ENSG00000105664,COMP,101.05233499865,3.34861168126091,0.558274450299337,5.99814603635441,1.99582997827105e-09,3.57210544207895e-07
ENSG00000168079,SCARA5,420.716979138906,-4.94748192169539,0.824880450524187,-5.99781691825939,1.99987806800778e-09,3.57210544207895e-07
ENSG00000186458,DEFB132,126.091821303343,-4.74501654348811,0.791546638789126,-5.99461397593303,2.03969369391548e-09,3.60679035895075e-07
ENSG00000132170,PPARG,862.380298883425,-3.60350826157051,0.601964637812189,-5.98624576132459,2.14739824255496e-09,3.74489639550777e-07
ENSG00000179627,ZBTB42,108.550323549184,2.5135570361152,0.419956314583851,5.98528215632611,2.16015060986141e-09,3.74489639550777e-07
ENSG00000172201,ID4,369.788873040668,-3.0405683513375,0.508285827466382,-5.98200498033482,2.204075316516e-09,3.78394794387888e-07
ENSG00000022267,FHL1,4414.59765831723,-4.45543338273128,0.745083555231858,-5.97977683367984,2.23443525115821e-09,3.7991844755991e-07
ENSG00000108381,ASPA,189.905615613049,-3.29740883719193,0.552376958813455,-5.96949019067521,2.37996068999867e-09,4.00808046488063e-07
ENSG00000173467,AGR3,322.160825616686,5.061738219953,0.848199742672303,5.96762527185601,2.40731451381528e-09,4.01590024035807e-07
ENSG00000066279,ASPM,136.611899595886,2.47240908156209,0.414513565672304,5.96460354090478,2.45228727145524e-09,4.05269119823766e-07
ENSG00000170921,TANC2,908.183888462223,1.92677267536284,0.324159290499503,5.94390699829655,2.78307539579622e-09,4.55677057628376e-07
ENSG00000117724,CENPF,267.087742692759,2.12075726058025,0.357151228219016,5.93798114920591,2.88553210926568e-09,4.66463819089912e-07
ENSG00000172901,LVRN,199.446947905068,-6.42821570437351,1.08272636667031,-5.93706397318292,2.90171464682974e-09,4.66463819089912e-07
ENSG00000170500,LONRF2,579.292906639906,1.92700702439656,0.325289154934878,5.92398177179421,3.14238303605134e-09,5.00601434472936e-07
ENSG00000178773,CPNE7,73.0362152451203,4.83732213717116,0.816870663655787,5.92177238379748,3.18490243974548e-09,5.02844909303744e-07
ENSG00000288411,SAA1,1294.32370210031,-5.78773868445507,0.979697865995668,-5.90767713735192,3.46965167108575e-09,5.39409868537567e-07
ENSG00000196139,AKR1C3,473.404859120597,-4.22483260258637,0.715187877459846,-5.90730454994824,3.47750523176399e-09,5.39409868537567e-07
ENSG00000118596,SLC16A7,1548.84994607816,-4.48464006430686,0.759520666820646,-5.90456620894803,3.53575854551384e-09,5.43676681394098e-07
ENSG00000114737,CISH,193.978416584785,2.25538869743797,0.382305830255726,5.89943578921968,3.64746686316588e-09,5.56018590873813e-07
ENSG00000152270,PDE3B,1152.65680089686,-4.01677247165937,0.683269994934089,-5.87874852026372,4.13379826114082e-09,6.23274482900008e-07
ENSG00000265972,TXNIP,10055.7349991147,-2.99619845454716,0.50975384215171,-5.87773589287718,4.15915789075388e-09,6.23274482900008e-07
ENSG00000145911,N4BP3,155.348305880009,2.10275059904308,0.358041404998022,5.87292578369447,4.28170191558341e-09,6.36246512380348e-07
ENSG00000204186,ZDBF2,126.225986300605,-2.88773910905542,0.492567398319422,-5.86262736613918,4.55599892444592e-09,6.7136440817481e-07
ENSG00000106772,PRUNE2,146.103957945467,-2.36835752571693,0.404395671168264,-5.85653530581805,4.72623150996385e-09,6.9069381645199e-07
ENSG00000154721,JAM2,281.117072565912,-2.81777300436741,0.482662031319927,-5.83798356100583,5.28363690583149e-09,7.61951676860244e-07
ENSG00000146648,EGFR,1173.28780229162,-3.1814083926186,0.544998006785488,-5.8374679411824,5.3000088363858e-09,7.61951676860244e-07
ENSG00000134962,KLB,431.396089290165,-4.20526425540784,0.720861669054313,-5.83366328927526,5.42234906220073e-09,7.73253213442706e-07
ENSG00000106034,CPED1,863.878203114325,-3.38016339931153,0.580347826256672,-5.82437504955275,5.73267086680574e-09,8.10966551501807e-07
ENSG00000168497,CAVIN2,1132.66095188988,-4.38001460449699,0.752451084680053,-5.82099580115483,5.84980394114109e-09,8.20968913422205e-07
ENSG00000170153,RNF150,783.581014368049,-4.60135169697121,0.791356690487471,-5.81451038739156,6.08116097843482e-09,8.46717870721756e-07
ENSG00000078596,ITM2A,308.231470901915,-3.20250516053716,0.550957559880623,-5.81261678527662,6.15037472511582e-09,8.49664658314242e-07
ENSG00000154736,ADAMTS5,853.774721121805,-3.44734576183696,0.593678922094132,-5.80675114702887,6.36966994165166e-09,8.73138554869971e-07
ENSG00000291754,IQGAP3,84.7430567391325,3.36657333066381,0.580195776478588,5.80247817572324,6.53419010134012e-09,8.88339270753614e-07
ENSG00000109846,CRYAB,1684.33560811882,-4.45284512703967,0.767562441493282,-5.8012806337641,6.58103514498238e-09,8.88339270753614e-07
ENSG00000131471,AOC3,2128.82522929925,-4.85884819785222,0.839056501512813,-5.79084744482851,7.00321655574472e-09,9.38165745115409e-07
ENSG00000167306,MYO5B,462.711813740025,2.21670034560809,0.383124281578066,5.78585188199931,7.21457647412852e-09,9.54071648731242e-07
ENSG00000134215,VAV3,727.157552523717,2.43408433565991,0.420721792691067,5.78549620662801,7.22985923938169e-09,9.54071648731242e-07
ENSG00000138696,BMPR1B,1892.6461320143,5.25793384643979,0.909028119206544,5.78412673419744,7.28899765510957e-09,9.54750707668907e-07
ENSG00000112837,TBX18,169.450129722739,-2.48676132948482,0.430093918729754,-5.78190302441211,7.38602836229583e-09,9.60346614194686e-07
ENSG00000170262,MRAP,113.757323346472,-7.8267817380786,1.35620643338432,-5.77108436106398,7.8763028286971e-09,1.01661797751716e-06
ENSG00000165478,HEPACAM,133.619153777655,-6.69110708678103,1.16042976758159,-5.76605950114994,8.11464204893934e-09,1.03979141558981e-06
ENSG00000025039,RRAGD,229.20088091702,-2.33561961068633,0.405420446989222,-5.7609812924616,8.36263095201756e-09,1.06385901528436e-06
ENSG00000143418,CERS2,1196.46631595099,1.71825327804217,0.298530419844783,5.75570583036578,8.62805209043495e-09,1.08978460796544e-06
ENSG00000169347,GP2,297.892469854644,4.03566573809804,0.702086251558733,5.74810534907681,9.02490048314621e-09,1.12449686663823e-06
ENSG00000102316,MAGED2,2000.73843101579,1.8094432627482,0.314800852444021,5.74789823058043,9.03595952156888e-09,1.12449686663823e-06
ENSG00000165269,AQP7,607.821345299678,-5.19919166300573,0.904707318068712,-5.74682171699959,9.09365220433562e-09,1.12449686663823e-06
ENSG00000112996,MRPS30,1969.80627041241,2.08961868408705,0.364207395386977,5.73744166250879,9.6117370862696e-09,1.17543070792768e-06
ENSG00000144218,AFF3,1192.92549965333,2.12110011889073,0.369724760179478,5.73697070723927,9.63849192159213e-09,1.17543070792768e-06
ENSG00000113368,LMNB1,89.8900457323166,2.51360248251019,0.438560467622727,5.73148440883304,9.95555013935533e-09,1.20531243844756e-06
ENSG00000206384,COL6A6,284.495386917468,-3.34357132423304,0.583499811728068,-5.73020120491704,1.00311577569769e-08,1.20531243844756e-06
ENSG00000196834,POTEI,842.051522277051,4.65795336796725,0.813013822235674,5.72924253016822,1.0088007741347e-08,1.20531243844756e-06
ENSG00000132031,MATN3,82.123432145439,3.00669188064462,0.525082979332316,5.72612710560122,1.02749250092165e-08,1.21940603314077e-06
ENSG00000062282,DGAT2,1879.45584940441,-5.42434000795296,0.94771870800637,-5.72357595363255,1.04304903112624e-08,1.22961573449368e-06
ENSG00000077943,ITGA8,95.5160237757929,-2.16062716332696,0.378479077470068,-5.7087096538324,1.13835892887269e-08,1.3330861549176e-06
ENSG00000187699,C2orf88,62.0903501576092,-3.07609264079867,0.539866430140763,-5.69787723233063,1.21308351055088e-08,1.41124708664942e-06
ENSG00000167779,IGFBP6,214.387550826792,-4.30820732074366,0.756555007224273,-5.69450638698441,1.23729354685898e-08,1.43000403850375e-06
ENSG00000180921,FAM83H,358.254485072862,2.91066765489364,0.511428250584727,5.69125317493864,1.26110355426597e-08,1.44530307797936e-06
ENSG00000007541,PIGQ,316.899254799855,1.83585382536959,0.32261883116877,5.69047323963927,1.26687766265227e-08,1.44530307797936e-06
ENSG00000203499,IQANK1,225.487792477895,3.3540038462183,0.589846450602866,5.68623214192483,1.29872828288475e-08,1.47087154809112e-06
ENSG00000211445,GPX3,1168.80448747403,-4.4387902763183,0.780750324521896,-5.68528777626377,1.30592565204041e-08,1.47087154809112e-06
ENSG00000276043,UHRF1,78.2952955907551,2.44042549599162,0.429784902348024,5.67824854400178,1.36080891151576e-08,1.52103389837534e-06
ENSG00000161649,CD300LG,320.455358146482,-3.92331623066774,0.691042408280065,-5.67738851285911,1.36766606255544e-08,1.52103389837534e-06
ENSG00000189184,PCDH18,663.773801469617,-2.90456358369626,0.512759740072679,-5.66457027863491,1.47393444014426e-08,1.62897391906694e-06
ENSG00000113594,LIFR,1659.44719581114,-2.58215424530634,0.45592936220672,-5.66349627672276,1.48319390426156e-08,1.62902595087311e-06
ENSG00000184384,MAML2,539.540330472033,-2.28793707570928,0.404446754772953,-5.65695496059469,1.54082176179227e-08,1.68187353171437e-06
ENSG00000138640,FAM13A,833.270303280778,-2.68572587188802,0.475229679315538,-5.65142706523762,1.59121202541097e-08,1.72622099664676e-06
ENSG00000172292,CERS6,981.107082855581,1.44781280030858,0.25654333118331,5.64354097076125,1.66587860474416e-08,1.79620313217628e-06
ENSG00000137726,FXYD6,113.205212042538,-2.31003703712748,0.409713888170114,-5.63817118195504,1.71865617848678e-08,1.84187861843526e-06
ENSG00000134107,BHLHE40,1014.7164749308,1.46934070087059,0.260680454733903,5.63655876068827,1.73481858172718e-08,1.84799981811335e-06
ENSG00000133317,LGALS12,197.677315941729,-4.7047846167787,0.837034531346083,-5.62077720881201,1.90100294246069e-08,2.01290030128937e-06
ENSG00000151726,ACSL1,4633.85396969425,-3.96408248006251,0.705850688010987,-5.61603544119631,1.95388600938889e-08,2.05658132762046e-06
ENSG00000080200,CRYBG3,1184.88094119032,-2.59389050158497,0.462106490529017,-5.61318777110337,1.98632850348175e-08,2.06888840379402e-06
ENSG00000163884,KLF15,155.387224992865,-3.78518157160307,0.674364946658818,-5.61295718343158,1.98897827656497e-08,2.06888840379402e-06
ENSG00000115468,EFHD1,525.674832465531,2.05942440381244,0.367201035980006,5.6084384356818,2.04160296003639e-08,2.11120848785518e-06
ENSG00000169241,SLC50A1,229.354793055014,1.82897589833091,0.326210033739436,5.6067432303196,2.06169169990805e-08,2.11958687962058e-06
ENSG00000116106,EPHA4,138.859597605923,-2.22911027763574,0.39777528858551,-5.60394358725114,2.09528927499084e-08,2.14167631500942e-06
ENSG00000170271,FAXDC2,333.71325922754,-1.85137591686788,0.330794960149142,-5.5967476530875,2.18410249709965e-08,2.20783220116763e-06
ENSG00000165197,VEGFD,79.6317503379603,-5.18024899996328,0.925593588761229,-5.59667770267973,2.18498351639617e-08,2.20783220116763e-06
ENSG00000170421,KRT8,1660.7328134073,3.63856423436476,0.65039310993546,5.59440771862701,2.21376175771315e-08,2.22179943107065e-06
ENSG00000135046,ANXA1,3253.5880450733,-3.4267064836337,0.612610676646804,-5.59361208392608,2.22393541423687e-08,2.22179943107065e-06
ENSG00000138316,ADAMTS14,38.8725037669205,3.84010252977727,0.686963963493623,5.58996211423966,2.27119160064469e-08,2.25207812828129e-06
ENSG00000169418,NPR1,550.890312234809,-4.67480781713197,0.836456325629478,-5.58882475258219,2.28611518477619e-08,2.25207812828129e-06
ENSG00000091409,ITGA6,1171.36231813012,-2.32601116026399,0.416225473174589,-5.58834408313191,2.29245073285434e-08,2.25207812828129e-06
ENSG00000288174,SLC2A4,109.425737992459,-7.366498122399,1.31877994310412,-5.58584330988527,2.3256885819884e-08,2.27210780084535e-06
ENSG00000130988,RGN,49.9905486788855,-2.72193146058973,0.489127160498199,-5.56487490454898,2.62340537362064e-08,2.54888336383153e-06
ENSG00000182118,FAM89A,142.724824662653,-4.72021491151634,0.848734471775075,-5.56147425194632,2.67505151487725e-08,2.58485988729915e-06
ENSG00000162433,AK4,603.500346006091,-2.09497048062372,0.376856271899926,-5.55907022606231,2.71215562294791e-08,2.60646999351021e-06
ENSG00000109107,ALDOC,290.877942421266,-4.224673916362,0.760118531077417,-5.55791464572481,2.73016827944111e-08,2.60959814515444e-06
ENSG00000104332,SFRP1,2079.17794192938,-4.85878936522534,0.874699835828727,-5.55480767939315,2.77917578771587e-08,2.64215943302042e-06
ENSG00000116194,ANGPTL1,188.088405998184,-4.18540253795716,0.754200120857531,-5.54945885343843,2.86555181119889e-08,2.7097086993278e-06
ENSG00000214530,STARD10,277.395036440502,2.35305221037886,0.424507210708878,5.54302059192242,2.97297883981827e-08,2.79633961832481e-06
ENSG00000124253,PCK1,193.884228982849,-6.28158325306304,1.13396991729113,-5.53946198861141,3.03402288686831e-08,2.83865749780382e-06
ENSG00000186205,MTARC1,708.089695985254,-3.42229411401826,0.617918209267346,-5.53842573772992,3.05202610339209e-08,2.84047250454117e-06
ENSG00000291544,APOB,124.813596873366,-5.91491051647945,1.06827686118681,-5.53687038574273,3.07924254419552e-08,2.85079821513138e-06
ENSG00000107731,UNC5B,215.870952610579,1.85436235070064,0.335612309038957,5.52531090415218,3.28902651722726e-08,3.02159100087765e-06
ENSG00000206053,JPT2,674.530400332649,1.74977358027306,0.316710383753938,5.52483805403901,3.2978966417994e-08,3.02159100087765e-06
ENSG00000144642,RBMS3,912.059792297256,-2.07934023484062,0.376512777081051,-5.5226286102716,3.33965172622495e-08,3.04407533375443e-06
ENSG00000138131,LOXL4,65.5596182878722,-2.71172392064432,0.491671555418436,-5.51531584603569,3.48154130626446e-08,3.15713307275253e-06
ENSG00000003436,TFPI,1057.12508079526,-1.76172441362818,0.320218293786566,-5.50163575227345,3.7628372063079e-08,3.39480868975218e-06
ENSG00000163431,LMOD1,387.264027849879,-3.2759738387043,0.595647843101446,-5.4998500819659,3.80114298733962e-08,3.41195997183383e-06
ENSG00000135052,GOLM1,624.514819019983,2.07448244406821,0.37767029352973,5.49283986484606,3.95521403453472e-08,3.53232574609482e-06
ENSG00000117472,TSPAN1,129.827514515038,3.39065419814228,0.61771339218661,5.48904110066303,4.04121590322195e-08,3.59099602093838e-06
ENSG00000123080,CDKN2C,224.551283825719,-3.9535514818432,0.721301104229143,-5.4811388179814,4.22596724154258e-08,3.73638893660987e-06
ENSG00000160182,TFF1,165.775527050473,4.39567023091071,0.80243256593384,5.47793100320548,4.30327856004337e-08,3.78581466553467e-06
ENSG00000147526,TACC1,2510.89997149442,-2.69713008844247,0.492676996555054,-5.47443884594089,4.38900172824952e-08,3.84072607542982e-06
ENSG00000118276,B4GALT6,78.0021236339225,-2.93113109389859,0.535500578824458,-5.4736282458052,4.40913528989568e-08,3.84072607542982e-06
ENSG00000144908,ALDH1L1,282.902674076485,-3.81414843020657,0.697243397594653,-5.47032563286307,4.4920946365327e-08,3.87927787321448e-06
ENSG00000108984,MAP2K6,346.320258857571,-2.1383055800419,0.390921929611592,-5.46990439284503,4.50278409413091e-08,3.87927787321448e-06
ENSG00000132840,BHMT2,280.488113424703,-3.40444013797452,0.622468246190634,-5.46925912897394,4.51920625392853e-08,3.87927787321448e-06
ENSG00000184601,C14orf180,183.381614679408,-6.33316196927857,1.15829849250873,-5.4676424170783,4.56060745961237e-08,3.89590443035389e-06
ENSG00000179094,PER1,839.492877055384,-1.50670810987857,0.275649307216172,-5.46603263797418,4.60219635530972e-08,3.91253068033374e-06
ENSG00000176194,CIDEA,190.47237603981,-6.1863942170747,1.13343927742801,-5.45807291160124,4.81330013831381e-08,4.07242039932072e-06
ENSG00000168078,PBK,26.2436525920749,3.7019212736366,0.678422011122003,5.45666445508483,4.85161928684939e-08,4.08529446901703e-06
ENSG00000143476,DTL,52.1672486959505,2.8951205303618,0.531541598292914,5.44664902927578,5.13275999770184e-08,4.30154478859534e-06
ENSG00000079308,TNS1,10643.6574302021,-3.35857531512394,0.616969791349983,-5.44366249727573,5.21960737060348e-08,4.35369420445195e-06
ENSG00000129596,CDO1,253.579885982266,-5.29910232380175,0.974161121293439,-5.43965696020171,5.33832595900816e-08,4.43181304850428e-06
ENSG00000124743,KLHL31,279.015206783369,-3.92268186141135,0.721931485229765,-5.43359299554985,5.52304784748966e-08,4.55715358962287e-06
ENSG00000090539,CHRD,332.944815908868,2.46322204186758,0.453405506972082,5.4327131099871,5.55036052143617e-08,4.55715358962287e-06
ENSG00000165092,ALDH1A1,682.11363515122,-3.24734975536056,0.597797380862947,-5.43219133993672,5.5666186470539e-08,4.55715358962287e-06
ENSG00000113389,NPR3,943.500272519285,-3.98865067929868,0.735506963033111,-5.42299513093682,5.86085896457665e-08,4.77592484196354e-06
ENSG00000108001,EBF3,238.349897284916,-3.6063419859809,0.665338165859415,-5.42031431688967,5.94943385543927e-08,4.82586416815287e-06
ENSG00000167106,EEIG1,396.493767964585,2.10975853189968,0.389590270801482,5.41532653666991,6.11769558104998e-08,4.93968999816013e-06
ENSG00000166265,CYYR1,247.180425443257,-2.64918889369259,0.489411374821517,-5.41301046519142,6.19738667727485e-08,4.98129039155687e-06
ENSG00000188219,POTEE,274.987542674257,5.25512668116328,0.973791421378357,5.39656292486629,6.79295951448311e-08,5.43528973278755e-06
ENSG00000079462,PAFAH1B3,73.673825590322,2.83808347728609,0.526353251195379,5.39197482078933,6.96875346681511e-08,5.55083187178791e-06
ENSG00000143303,METTL25B,146.543756158205,1.68564711521495,0.31289763601797,5.38721588525566,7.15574640256927e-08,5.67421810029742e-06
ENSG00000173267,SNCG,332.630998384629,-4.28333442951332,0.795382371597274,-5.38525190206516,7.23432589585585e-08,5.7109189650187e-06
ENSG00000116128,BCL9,267.688603704537,1.85432867868225,0.344666238814371,5.3800705432044,7.44566566384008e-08,5.85163137483041e-06
ENSG00000146278,PNRC1,1235.33441307022,-2.10415477065137,0.39137876343182,-5.37626199286085,7.60481113461076e-08,5.95025996873107e-06
ENSG00000155886,SLC24A2,38.8790321330859,4.38658108929627,0.817323710228026,5.36700579513649,8.0054485558578e-08,6.23613862613363e-06
ENSG00000084444,FAM234B,658.084934476359,2.78423313763825,0.519091094736753,5.36366962536744,8.15479986020702e-08,6.30300678183053e-06
ENSG00000115648,MLPH,1334.26739691904,3.03903038103765,0.566613552146106,5.36349751877099,8.16257735134984e-08,6.30300678183053e-06
ENSG00000139629,GALNT6,741.622382174889,3.39970738192391,0.634464036054757,5.35839257818941,8.39656361661148e-08,6.45549714924091e-06
ENSG00000173641,HSPB7,450.539818952241,-4.6028514741068,0.85935572951172,-5.35616545749,8.50066710277405e-08,6.5072422674612e-06
ENSG00000163040,CCDC74A,76.8348335021709,2.34089282174153,0.437429583357805,5.3514734960821,8.7240916982336e-08,6.59524209549872e-06
ENSG00000107372,ZFAND5,2266.01371462845,-1.504010279996,0.281106746201831,-5.35031727383784,8.78001651464864e-08,6.59524209549872e-06
ENSG00000143578,CREB3L4,455.732500005465,3.38106755022607,0.631942596102181,5.35027638757141,8.78200046552453e-08,6.59524209549872e-06
ENSG00000134339,SAA2,332.843371175236,-4.52494686728248,0.845970647194485,-5.34882254164335,8.85282918039483e-08,6.59524209549872e-06
ENSG00000182272,B4GALNT4,113.421097768657,4.49012662583158,0.839493640519029,5.3486130318456,8.86308159949264e-08,6.59524209549872e-06
ENSG00000136158,SPRY2,224.300900389612,-2.08482459374957,0.389806526241654,-5.34835733472845,8.8756097846361e-08,6.59524209549872e-06
ENSG00000147027,TMEM47,427.628213790223,-2.8446338233764,0.531872782191489,-5.34833501284947,8.87670428506868e-08,6.59524209549872e-06
ENSG00000147251,DOCK11,1127.2639756098,-3.28353074764694,0.614210576376321,-5.34593651418199,8.99507348521665e-08,6.65093259322759e-06
ENSG00000157613,CREB3L1,198.340278706163,2.70580221615783,0.506202393463261,5.34529715998707,9.02688357391066e-08,6.65093259322759e-06
ENSG00000169083,AR,1978.60785339233,1.27831841469472,0.239234280189407,5.34337476085219,9.12318702566294e-08,6.69399652177585e-06
ENSG00000129514,FOXA1,993.979940802305,4.99968029040112,0.936341358165308,5.33959142870462,9.31562812451841e-08,6.80695256718426e-06
ENSG00000118513,MYB,526.087986513595,3.16016816900547,0.592213517258663,5.33619729524882,9.49161210403956e-08,6.90700316196426e-06
ENSG00000103888,CEMIP,178.063274585771,4.99934533246628,0.937310052004995,5.33371569180573,9.62231423763976e-08,6.97341732230262e-06
ENSG00000177542,SLC25A22,66.2131155309384,2.18220826910097,0.409368150480623,5.33067427580511,9.78487819179529e-08,7.06228575777617e-06
ENSG00000197496,SLC2A10,483.291003147103,2.22921376699505,0.418742316564059,5.32359324294378,1.01737265044945e-07,7.31308966581204e-06
ENSG00000133687,TMTC1,843.626159616524,-3.20040460418422,0.601399850505332,-5.32159195166917,1.02863094882674e-07,7.3640814040904e-06
ENSG00000157303,SUSD3,110.956923986139,3.14895212721668,0.592113446142024,5.31815676156993,1.04823739508273e-07,7.47008127050091e-06
ENSG00000135447,PPP1R1A,648.325416127925,-4.35640082080493,0.819253572888847,-5.31752434773451,1.05188612585801e-07,7.47008127050091e-06
ENSG00000154065,ANKRD29,124.45540557975,-3.04827069454898,0.574001327319726,-5.31056384274014,1.09286591470427e-07,7.73005918788622e-06
ENSG00000166025,AMOTL1,737.092256497189,-1.73996023251138,0.327724410464359,-5.30921767483234,1.10096781295208e-07,7.75634017387712e-06
ENSG00000148773,MKI67,197.738789595127,2.84453251773938,0.535937758632301,5.30757997906053,1.11090266038491e-07,7.79527450142314e-06
ENSG00000108960,MMD,1059.15435639924,-3.95296254879496,0.74508935826442,-5.30535365315488,1.12454758354398e-07,7.85983198411393e-06
ENSG00000222036,POTEM,233.819405091735,3.25400372230203,0.61348944127204,5.30409083415521,1.13235921303547e-07,7.88327085201033e-06
ENSG00000163815,CLEC3B,379.625500615455,-4.35105925224425,0.820886411154953,-5.30044010123458,1.15523863169755e-07,8.01101361737561e-06
ENSG00000005249,PRKAR2B,2775.3483463454,-3.06254400008408,0.578107627356023,-5.29753259629289,1.17377956649316e-07,8.1077906540229e-06
ENSG00000282830,CALB2,233.716172450547,-5.44399181072274,1.02885168808445,-5.2913280638714,1.21431317446523e-07,8.35513613387887e-06
ENSG00000116678,LEPR,700.54147654299,-3.38819410521945,0.640648011062004,-5.28869839087275,1.2318982683319e-07,8.42606372327736e-06
ENSG00000104415,CCN4,82.5927257791462,3.02664215360856,0.572321067986074,5.28836403709362,1.23415173009605e-07,8.42606372327736e-06
ENSG00000148180,GSN,9605.64941616016,-3.07679751628921,0.582682862877411,-5.28039815877772,1.28903457936057e-07,8.76692248724344e-06
ENSG00000115306,SPTBN1,15095.6571745414,-2.69657608500089,0.511063216223457,-5.27640416958093,1.3174335601623e-07,8.9257385610536e-06
ENSG00000151468,CCDC3,431.062897970041,-3.94750826471234,0.749057313770876,-5.26996825495227,1.36447355115954e-07,9.20915488746344e-06
ENSG00000092607,TBX15,277.016354423334,-3.33069043802534,0.632476016213596,-5.26611342192068,1.39342213884593e-07,9.36877706509983e-06
ENSG00000136960,ENPP2,912.095807376297,-3.8358271788777,0.728760298218409,-5.263496362597,1.4134130542006e-07,9.46719054448077e-06
ENSG00000168309,FAM107A,212.477732648362,-3.71068715782829,0.705263542723567,-5.26141921854979,1.4294769136531e-07,9.5070098534411e-06
ENSG00000158571,PFKFB1,149.410442521854,-3.97796651654734,0.756223361031784,-5.26030630833705,1.43815625431149e-07,9.5070098534411e-06
ENSG00000056998,GYG2,1110.35348911762,-4.16967562661389,0.792743867851308,-5.2598018044789,1.44210753776558e-07,9.5070098534411e-06
ENSG00000111057,KRT18,1312.8869804354,3.79698081499863,0.721918211557915,5.25957200443061,1.44391081462463e-07,9.5070098534411e-06
ENSG00000280789,PAGR1,231.190547122001,1.758781338488,0.334415128740059,5.25927563479076,1.44623969381647e-07,9.5070098534411e-06
ENSG00000135437,RDH5,265.537286391184,-3.73948666608346,0.711552392300422,-5.25539188195804,1.47709608283333e-07,9.67388519731178e-06
ENSG00000136542,GALNT5,274.598653178725,2.62677288478865,0.499938974952631,5.25418704360375,1.48679723997192e-07,9.70148914923374e-06
ENSG00000017427,IGF1,1312.26605594067,-2.72423682084848,0.518591187195645,-5.25314908566065,1.49520408864973e-07,9.72047569837982e-06
ENSG00000198523,PLN,108.303258664941,-3.26786191398575,0.623195625849336,-5.24371766815929,1.57372952731677e-07,1.01650790584461e-05
ENSG00000170323,FABP4,8477.82860132197,-7.35001265945104,1.40172230878268,-5.24355830923041,1.57509000849077e-07,1.01650790584461e-05
ENSG00000123243,ITIH5,1864.20992953242,-3.6717151514986,0.700434225575556,-5.24205559555789,1.5879750492714e-07,1.02109682895514e-05
ENSG00000158445,KCNB1,363.151590263835,-1.5036352580014,0.287122433378015,-5.2369131882557,1.63284446571643e-07,1.04584226119194e-05
ENSG00000167861,HID1,367.557304680492,2.00934548549236,0.383733928725267,5.23629873482191,1.63828709127505e-07,1.04584226119194e-05
ENSG00000046889,PREX2,695.794991668157,-2.73691411672353,0.522756218542796,-5.23554578528551,1.64498039040096e-07,1.04633770659929e-05
ENSG00000135111,TBX3,842.887212764141,1.89296455830388,0.361670799362426,5.23394357974408,1.65931120835759e-07,1.05155456627976e-05
ENSG00000158106,RHPN1,164.586210277662,3.84025470606449,0.733810897932673,5.2333029079882,1.6650753749835e-07,1.05155456627976e-05
ENSG00000108932,SLC16A6,100.210006433314,2.2971985334663,0.439051941388916,5.23217942323462,1.67523021940705e-07,1.0542027035507e-05
ENSG00000262243,CES1,302.053673498767,-4.6968471124174,0.899082104825396,-5.22404693321033,1.75054378816351e-07,1.09769027681189e-05
ENSG00000107485,GATA3,1411.53633823649,3.82822577736587,0.733091649366772,5.22202889730445,1.76973343564901e-07,1.10580199090394e-05
ENSG00000105926,PALS2,217.763756597612,-1.97542087993543,0.378700000155678,-5.21632130742901,1.82511475751077e-07,1.136390994967e-05
ENSG00000187193,MT1X,266.331947408612,-2.43665624701703,0.467321824432969,-5.21408613854825,1.84725621161538e-07,1.14614145929806e-05
ENSG00000131844,MCCC2,1072.69792502013,1.42092762670256,0.27290068023394,5.20675736493031,1.92169101300311e-07,1.18731535296667e-05
ENSG00000177707,NECTIN3,142.435888438734,-3.02420714618729,0.580881153723204,-5.20624077197787,1.92704578579106e-07,1.18731535296667e-05
ENSG00000117594,HSD11B1,134.866765759779,-5.64629830999843,1.08583688830006,-5.19995072081039,1.99341370604529e-07,1.21246941678377e-05
ENSG00000102683,SGCG,67.0072476071414,-4.98469821413704,0.958609085140326,-5.19992799088417,1.99365749478727e-07,1.21246941678377e-05
ENSG00000168528,SERINC2,274.133541990208,3.05652939042566,0.587859950452627,5.19941763012136,1.99913893833538e-07,1.21246941678377e-05
ENSG00000198759,EGFL6,228.668550533993,-5.11482373010167,0.983763097695022,-5.19924333621155,2.0010142471121e-07,1.21246941678377e-05
ENSG00000054598,FOXC1,72.2403836194006,-2.53000562188495,0.486662155598851,-5.19868987711137,2.00698044777109e-07,1.21246941678377e-05
ENSG00000244734,HBB,6274.20121667677,-7.6556529797217,1.47266525256088,-5.1985018091579,2.0090117011686e-07,1.21246941678377e-05
ENSG00000108176,DNAJC12,100.828834030728,3.3446619509198,0.643675609056774,5.19619184548717,2.03412342588813e-07,1.22344913401292e-05
ENSG00000162444,RBP7,228.437382298599,-3.9705287126437,0.764818009574273,-5.19146864082587,2.0864173227246e-07,1.25056293896614e-05
ENSG00000084628,NKAIN1,39.2315436504007,4.08367450444145,0.786706121615978,5.19085131313476,2.093347451982e-07,1.25056293896614e-05
ENSG00000164330,EBF1,951.6906209576,-3.42099162209509,0.659504658461924,-5.187213734128,2.13463692920959e-07,1.27093551579842e-05
ENSG00000245848,CEBPA,857.082207631099,-3.27079410543589,0.631826998641751,-5.17672418631551,2.25815666934193e-07,1.33996591892528e-05
ENSG00000164855,TMEM184A,169.00665972364,4.04865615517769,0.782394751201916,5.17469748992837,2.28280537631839e-07,1.35006178827552e-05
ENSG00000073350,LLGL2,271.009552677204,2.54936949658273,0.492793657370782,5.17330013982824,2.29995115811819e-07,1.35566787763347e-05
ENSG00000172927,MYEOV,40.0400548327388,-4.82361480102965,0.933982265783298,-5.16456787001652,2.40995023469497e-07,1.41578571428941e-05
ENSG00000160991,ORAI2,308.872497404745,1.39805783758447,0.270890503431924,5.16097028087887,2.45673182738261e-07,1.43848969879492e-05
ENSG00000165507,DEPP1,1404.32236294536,-3.52061633840778,0.683276520703438,-5.15254985607186,2.56968270145308e-07,1.49682353537763e-05
ENSG00000157064,NMNAT2,84.9792695033835,-4.56082217786911,0.885203426868768,-5.15228707823931,2.573287082253e-07,1.49682353537763e-05
ENSG00000198901,PRC1,83.034222240683,1.91684341768847,0.372386189522809,5.14746108104813,2.64035762428856e-07,1.53080143837032e-05
ENSG00000185432,TMT1A,1150.51951163153,-2.43841159357072,0.473998112449384,-5.14434874217164,2.68450442218603e-07,1.55131018619332e-05
ENSG00000092820,EZR,1018.76616516041,2.0638258871247,0.401280769786922,5.14309690997798,2.70246127721723e-07,1.5566000900662e-05
ENSG00000154188,ANGPT1,283.903650914852,-3.1640890796251,0.615368588239616,-5.14177866744321,2.72149614362802e-07,1.56247455544722e-05
ENSG00000154262,ABCA6,1356.12717433587,-2.9206462600005,0.568200644138655,-5.14016710492814,2.74494238399446e-07,1.57083547495709e-05
ENSG00000146374,RSPO3,120.415287374776,-4.84820833735771,0.943481143983356,-5.13863829529087,2.76736491123789e-07,1.57530235458535e-05
ENSG00000149212,SESN3,1128.5410689729,-1.98835244773591,0.386957864860065,-5.13842107448818,2.77056513191225e-07,1.57530235458535e-05
ENSG00000196684,HSH2D,70.469159256622,2.68322395238099,0.522955933212807,5.13087964390511,2.88391272533142e-07,1.63449451032165e-05
ENSG00000102287,GABRE,447.687316703007,-3.83354480338142,0.747701505896957,-5.12710590141533,2.94230029947014e-07,1.66225866439395e-05
ENSG00000132676,DAP3,616.849379899558,1.24881759623179,0.243761730611071,5.12310768840213,3.00540585523542e-07,1.69080602842595e-05
ENSG00000111275,ALDH2,3219.6916169563,-3.84584181066767,0.750745452990266,-5.12269744072301,3.01195441358465e-07,1.69080602842595e-05
ENSG00000131016,AKAP12,2767.36838981858,-3.64169056272169,0.711142445304822,-5.12090170790007,3.04078121172348e-07,1.70158652426919e-05
ENSG00000197558,SSPOP,84.552901583367,2.40274886062725,0.46947596125108,5.11793799670659,3.08894107570356e-07,1.72308343980019e-05
ENSG00000140263,SORD,371.04929854496,1.76307449462779,0.344774070357091,5.11370966152337,3.15892773668479e-07,1.75402504722628e-05
ENSG00000075651,PLD1,269.322634734198,-1.76563840589851,0.345296904369576,-5.11339193475284,3.16424809175583e-07,1.75402504722628e-05
ENSG00000181744,DIPK2A,194.44071745056,-1.57818069887235,0.308757294419465,-5.11139567354901,3.19787408245635e-07,1.76712523125236e-05
ENSG00000170369,CST2,239.278657731572,3.89364562738744,0.762094702856682,5.10913619106951,3.23635015235377e-07,1.78281556835114e-05
ENSG00000109062,NHERF1,431.876304888518,2.16099986064141,0.423035332632557,5.10832002422462,3.25035799102304e-07,1.78486214612973e-05
ENSG00000176058,TPRN,113.990458450248,2.78583428558453,0.545413677064687,5.10774555668893,3.26025263360235e-07,1.78486214612973e-05
ENSG00000076555,ACACB,2842.40276398852,-2.75397724074154,0.539276302114385,-5.10680189347055,3.27656945953041e-07,1.78825857261964e-05
ENSG00000136826,KLF4,724.175818565761,-3.46565426276236,0.678790276449918,-5.10563333477282,3.29688421862088e-07,1.78892144677031e-05
ENSG00000167434,CA4,76.6388650230802,-5.90555783634851,1.15668960144533,-5.10556836420874,3.29801725751921e-07,1.78892144677031e-05
ENSG00000139304,PTPRQ,90.1180860868385,-4.13536755172017,0.810386539016869,-5.10295686393933,3.34387242392409e-07,1.80824758630733e-05
ENSG00000141431,ASXL3,45.6044086205474,-4.06257426596251,0.796492161200534,-5.10058286052568,3.38609098862554e-07,1.82549533389834e-05
ENSG00000047648,ARHGAP6,87.9008310515986,-2.45280795838845,0.481447584096326,-5.09465212706873,3.49382192091881e-07,1.87591850210358e-05
ENSG00000073756,PTGS2,89.3542831432688,-2.70883982675674,0.531742278045163,-5.09427205358809,3.50083755977029e-07,1.87591850210358e-05
ENSG00000123689,G0S2,1375.70428158307,-6.87166308115326,1.3514225202196,-5.08476289120639,3.68085610368522e-07,1.96072669928454e-05
ENSG00000174697,LEP,1937.16181255093,-7.50307640506685,1.47565846693316,-5.08456161991223,3.68476129843886e-07,1.96072669928454e-05
ENSG00000118804,STBD1,363.492538828171,-3.40993375103715,0.67069624907181,-5.08417000356902,3.69237115230306e-07,1.96072669928454e-05
ENSG00000250722,SELENOP,3925.3095598058,-2.30767117811902,0.454402512816597,-5.0784736286228,3.80479230982927e-07,2.01437552139853e-05
ENSG00000163736,PPBP,20.5125073371899,-7.12531062719644,1.40336559105184,-5.07730178980372,3.82832541306007e-07,2.02078442624302e-05
ENSG00000153823,PID1,141.310193503266,-2.40600912643417,0.474047425081775,-5.07546080651977,3.86558033528605e-07,2.03437669847807e-05
ENSG00000185442,FAM174B,218.39883108477,2.07023638535011,0.408203600420077,5.0715779655536,3.94530567334285e-07,2.06634817529012e-05
ENSG00000048540,LMO3,250.469402108562,-3.70843328217403,0.731249374064131,-5.07136609439175,3.9497013133974e-07,2.06634817529012e-05
ENSG00000102760,RGCC,192.461828569312,-2.73816646842812,0.540065228260235,-5.07006621635102,3.97677318712812e-07,2.07437404920314e-05
ENSG00000148926,ADM,206.793895775945,-3.93476502080918,0.776782913276384,-5.06546289002776,4.07409143012035e-07,2.11566980408108e-05
ENSG00000165548,TMEM63C,148.007332710327,4.02379250467738,0.79441523407654,5.06509987733908,4.08186282131633e-07,2.11566980408108e-05
ENSG00000147535,PLPP5,242.708856664512,1.9352621219122,0.382131489222223,5.06438798291962,4.09714463715278e-07,2.11566980408108e-05
ENSG00000166482,MFAP4,521.479792830208,-2.98953848709789,0.590342015510858,-5.06407880271044,4.10379880563145e-07,2.11566980408108e-05
ENSG00000066382,MPPED2,53.3837988423367,-2.48180956732436,0.490407608871954,-5.06070771012927,4.17703136472139e-07,2.14716411692931e-05
ENSG00000267795,SMIM22,154.50246149103,3.61599696638533,0.715176155965368,5.0560927349491,4.27933305561962e-07,2.19337525862382e-05
ENSG00000140538,NTRK3,202.465706236087,-2.63944350664953,0.522166229092882,-5.05479550302368,4.3085217398057e-07,2.20195346604001e-05
ENSG00000274205,MAPK15,55.5079700046106,4.92430335820507,0.975145101183976,5.04981602453441,4.42235765096915e-07,2.25361816547803e-05
ENSG00000137309,HMGA1,157.669109849494,1.56768297706153,0.310798113602993,5.04405563755786,4.55766679910277e-07,2.31589718415328e-05
ENSG00000159433,STARD9,577.953735909512,-1.4391558534469,0.285401516342519,-5.04256554726823,4.59331335054132e-07,2.32732263546196e-05
ENSG00000189058,APOD,1880.39115423883,-3.62269118571725,0.718874411634634,-5.03939370644684,4.67008910185953e-07,2.35946244537663e-05
ENSG00000171227,TMEM37,348.60811615935,-4.48864686854164,0.891480533902583,-5.03504753927935,4.77730258598713e-07,2.40675332273534e-05
ENSG00000115414,FN1,17006.5377443297,2.47009032095975,0.491449164191954,5.02613596875498,5.00461117600341e-07,2.5141062336724e-05
ENSG00000273707,CDKN1C,120.679011636867,-3.24031320685755,0.644838026799681,-5.02500329104219,5.03423903287653e-07,2.52182574556249e-05
ENSG00000010319,SEMA3G,881.42933516879,-3.76061415049776,0.748906680231514,-5.02147230057452,5.12768994812837e-07,2.5613825240891e-05
ENSG00000162944,RFTN2,123.241753377232,-1.96341801965571,0.391115834265404,-5.02004226789595,5.16601109201592e-07,2.56725516329436e-05
ENSG00000108551,RASD1,375.355396078693,-2.90400453213091,0.578492676986866,-5.01995037734391,5.16848293916638e-07,2.56725516329436e-05
ENSG00000126351,THRA,391.932493384405,-1.49715223556736,0.298312680940843,-5.01873480820703,5.20128915972422e-07,2.57631361936704e-05
ENSG00000171848,RRM2,92.5376595477836,1.99996603779546,0.398645330073124,5.01690572276015,5.25103185611109e-07,2.5936870478104e-05
ENSG00000125740,FOSB,2052.78161628925,-3.52990992311798,0.704209892278869,-5.01258213186265,5.37044401889942e-07,2.64528026702502e-05
ENSG00000162733,DDR2,3702.1478075644,-3.36424469163903,0.671725823906697,-5.00835991695672,5.48958078278507e-07,2.69645158283301e-05
ENSG00000291357,ECM2,388.476006267099,-3.11787790484043,0.623564357386095,-5.00008999537785,5.73035608186698e-07,2.79764780232254e-05
ENSG00000064787,BCAS1,104.105291783476,2.97224241745163,0.594480041529481,4.99973457444362,5.74092894391961e-07,2.79764780232254e-05
ENSG00000013588,GPRC5A,858.521716066681,2.30836553691935,0.461704240035921,4.99966285070233,5.74306482069266e-07,2.79764780232254e-05
ENSG00000118495,PLAGL1,370.089720773957,-1.99366603889749,0.399055803542698,-4.99595801188286,5.85443985705681e-07,2.84406758220702e-05
ENSG00000099849,RASSF7,59.0898760687751,2.73876837622861,0.548289976491147,4.99510932838078,5.8802445853233e-07,2.84877712334992e-05
ENSG00000081377,CDC14B,314.01563975037,-1.9709947779884,0.395005025426882,-4.98979671425279,6.04428664644689e-07,2.92024920134209e-05
ENSG00000117308,GALE,94.5407947613463,2.04167879303811,0.409218894970464,4.98920948697999,6.06268738290775e-07,2.92115806517596e-05
ENSG00000205221,VIT,102.679959020698,-3.53277340292869,0.708422658006814,-4.98681593960919,6.1382492011493e-07,2.94952882130226e-05
ENSG00000170145,SIK2,1739.9820431078,-3.01147031709588,0.604009694310293,-4.98579798546879,6.17065935080411e-07,2.95118049613814e-05
ENSG00000158966,CACHD1,323.659536533874,-2.77458858134009,0.556513797653269,-4.98566000167487,6.17506522406328e-07,2.95118049613814e-05
ENSG00000099260,PALMD,1378.3520640617,-2.95619579691128,0.593179641603922,-4.98364338485708,6.23980354755309e-07,2.97408210596715e-05
ENSG00000114166,KAT2B,315.55911238515,-2.19677144755251,0.440872061787709,-4.98278670379959,6.26750263162931e-07,2.97925400631992e-05
ENSG00000164035,EMCN,399.260170724192,-2.5735404658098,0.517904307998877,-4.96914280507468,6.72495300671536e-07,3.1881325473927e-05
ENSG00000127920,GNG11,491.995869497259,-3.21436302335641,0.647209212633191,-4.96649763417099,6.81728844472281e-07,3.22326501518806e-05
ENSG00000149970,CNKSR2,76.0861733688652,-2.42084380990845,0.487679841670764,-4.96400220606776,6.90551582509852e-07,3.25627296893913e-05
ENSG00000183549,ACSM5,149.267873273584,-3.36904137918611,0.678810601638597,-4.96315374428965,6.93576356923592e-07,3.26052577313029e-05
ENSG00000139132,FGD4,512.013512585315,-1.76042844987643,0.354730833190658,-4.96271619256239,6.95141218384957e-07,3.26052577313029e-05
ENSG00000136732,GYPC,351.570987847084,-3.37484868339933,0.680209965770256,-4.96148079744425,6.99577873868332e-07,3.27265490571791e-05
ENSG00000073712,FERMT2,1371.81510213545,-2.6327818806662,0.531593029273542,-4.95262679471941,7.32183168065098e-07,3.41459094465539e-05
ENSG00000167676,PLIN4,22402.1584096098,-6.53071389368432,1.31874928711403,-4.95220278600205,7.33780783220635e-07,3.41459094465539e-05
ENSG00000142197,DOP1B,580.104041376601,1.78019219697756,0.359561066479354,4.9510148982712,7.38274509388774e-07,3.42648507861462e-05
ENSG00000169744,LDB2,374.100725576717,-2.22679857537585,0.449881925670205,-4.94974002802738,7.43126779634021e-07,3.43997666080325e-05
ENSG00000197872,CYRIA,171.591327194793,-1.81460200083322,0.367138677474778,-4.94255198965759,7.71065340821113e-07,3.55998653309132e-05
ENSG00000175920,DOK7,63.1297074899752,3.35470371049382,0.678842624108089,4.94179886671298,7.74050472877888e-07,3.56446211247388e-05
ENSG00000184564,SLITRK6,647.157358179869,3.65963385208785,0.741042366773725,4.93849476922728,7.87278897842584e-07,3.61596175338972e-05
ENSG00000104447,TRPS1,9545.52465483676,2.86299492009757,0.580378034953615,4.93298289678792,8.09832487838432e-07,3.70432732115462e-05
ENSG00000092445,TYRO3,366.955769674864,-2.48499989289091,0.503773519594134,-4.93277196247424,8.10707839895289e-07,3.70432732115462e-05
ENSG00000143320,CRABP2,409.47419465933,1.99254782518577,0.40401184643242,4.93190445473503,8.14317483304548e-07,3.71123094259647e-05
ENSG00000147852,VLDLR,781.910429239004,-2.64514789368049,0.536785789258896,-4.92775320548718,8.31805906025927e-07,3.78118864685256e-05
ENSG00000008394,MGST1,1859.46714986743,-3.66682175348556,0.744407854869129,-4.92582356500014,8.40057733014661e-07,3.80644783421629e-05
ENSG00000152583,SPARCL1,2899.67978019691,-2.32987875140574,0.473028683768823,-4.92544919864604,8.41667761793004e-07,3.80644783421629e-05
ENSG00000078549,ADCYAP1R1,118.154098516365,-2.89227396280083,0.587472405360232,-4.92325075426704,8.51182695673646e-07,3.83676172016044e-05
ENSG00000069431,ABCC9,1344.68503303722,-1.89952197116584,0.385854263936463,-4.92290003947871,8.52710148743457e-07,3.83676172016044e-05
ENSG00000165028,NIPSNAP3B,119.625374552989,-2.18571726528344,0.444173748155481,-4.9208609792003,8.61643203448127e-07,3.86134367591801e-05
ENSG00000157617,C2CD2,800.921531833725,-2.69137389397696,0.54695414925853,-4.92065723904916,8.62540718196919e-07,3.86134367591801e-05
ENSG00000170509,HSD17B13,100.176891733289,-2.1401822592973,0.435239848435641,-4.91724796566684,8.77693471796815e-07,3.91925597519775e-05
ENSG00000106537,TSPAN13,704.018393686614,1.52385372989349,0.309931651725799,4.91674122797132,8.79967470319327e-07,3.91951253845256e-05
ENSG00000105707,HPN,136.033356115293,3.3927388135464,0.69019745225615,4.91560611018782,8.85081947066585e-07,3.93238795728101e-05
ENSG00000103534,TMC5,703.059861372856,4.55994685956989,0.927881349537854,4.91436417149783,8.90710513864584e-07,3.94747719715976e-05
ENSG00000112320,SOBP,99.401855861087,-1.9166388026271,0.390253194605711,-4.91126998861229,9.04883906709228e-07,4.00026553058482e-05
ENSG00000188157,AGRN,601.379846289753,1.52406038002092,0.310601611548296,4.90680126359852,9.257374978768e-07,4.07638658901665e-05
ENSG00000120833,SOCS2,172.872184543116,-2.88741108020524,0.58852017230374,-4.90622278740688,9.28470584250163e-07,4.07638658901665e-05
ENSG00000211892,IGHG4,28.3564127911329,5.2725481937409,1.07469083471318,4.90610696903178,9.29018715926999e-07,4.07638658901665e-05
ENSG00000122756,CNTFR,118.956716228238,-4.96086112972187,1.01162932247347,-4.90383287585259,9.39844606866107e-07,4.11368123346865e-05
ENSG00000130529,TRPM4,304.914807346609,1.61866142154202,0.330522972936426,4.89727357575643,9.71755052623567e-07,4.24285051741791e-05
ENSG00000122863,CHST3,231.181813245095,-2.03646991856261,0.416005911199665,-4.8952908209643,9.81604550455925e-07,4.27529883391924e-05
ENSG00000165816,VWA2,327.193244554497,3.06426876830976,0.626174284388331,4.89363559748074,9.89900544954293e-07,4.30083816619822e-05
ENSG00000196932,TMEM26,225.420743670405,2.69027000955386,0.549969401473953,4.89167215911242,9.9982884340815e-07,4.33148662281625e-05
ENSG00000109819,PPARGC1A,69.763965013347,-3.34919029398382,0.684727595906175,-4.89127401028941,1.00185377409481e-06,4.33148662281625e-05
ENSG00000120738,EGR1,1949.38825376318,-2.20393612582175,0.450803947780898,-4.88890156501673,1.01400179754148e-06,4.37331555754294e-05
ENSG00000143367,TUFT1,233.443612077296,1.50497648228969,0.30789403381612,4.88796896658443,1.01881585264357e-06,4.38338703705507e-05
ENSG00000086548,CEACAM6,682.357655592083,4.50350695273189,0.921473275144943,4.8872898153487,1.02233545378222e-06,4.38785384204638e-05
ENSG00000248144,ADH1C,46.3025097118858,-4.19378230046435,0.85878856931222,-4.88336995894465,1.04287936925814e-06,4.46519028731035e-05
ENSG00000136068,FLNB,5237.98076032271,1.24843802721963,0.25576095381113,4.88126904680513,1.05405318480749e-06,4.50213103066444e-05
ENSG00000101605,MYOM1,258.308541458357,-2.87227631765145,0.58871824722919,-4.8788640935963,1.06698551362677e-06,4.54638670782223e-05
ENSG00000100304,TTLL12,236.243310300909,1.74325574716254,0.357462592350547,4.87675013964262,1.07847902239998e-06,4.57580671397155e-05
ENSG00000143373,ZNF687,318.027995053519,1.37925586144287,0.282828966413187,4.87664286630354,1.07906542991921e-06,4.57580671397155e-05
ENSG00000168477,TNXB,1346.40506387041,-3.0722903974696,0.630119641477673,-4.87572548963063,1.08409279904551e-06,4.58612750371333e-05
ENSG00000100154,TTC28,545.965547619021,-1.45444326204608,0.298390354563603,-4.87429717416037,1.09196509027356e-06,4.60840541558647e-05
ENSG00000146859,TMEM140,228.249233478767,-2.89604509923615,0.594382046096128,-4.87236301677891,1.10271310876811e-06,4.64101896558828e-05
ENSG00000162949,CAPN13,207.511062654922,3.93134644264177,0.806932541730584,4.87196418452827,1.1049420259643e-06,4.64101896558828e-05
ENSG00000267561,NA,152.718826868725,-5.4941017047563,1.12788890569735,-4.87113728754997,1.10957705007804e-06,4.6494433593673e-05
ENSG00000102547,CAB39L,281.198176486574,-1.81015690824541,0.371839391930147,-4.86811496449914,1.12667783397159e-06,4.70787509858105e-05
ENSG00000041982,TNC,1156.12578862299,1.38825837716403,0.285195972255596,4.86773486380047,1.12884637323891e-06,4.70787509858105e-05
ENSG00000186469,GNG2,628.604993175681,-3.13780650735865,0.644758552356899,-4.86663805526655,1.13512639192941e-06,4.71219738546684e-05
ENSG00000120129,DUSP1,2723.83163853586,-2.45524179815055,0.504506258351919,-4.86662307455042,1.13521239959785e-06,4.71219738546684e-05
ENSG00000130876,SLC7A10,71.7994407972841,-5.93358108970821,1.22031849204829,-4.86232170402396,1.16016865634853e-06,4.80451108904241e-05
ENSG00000168874,ATOH8,158.499013052325,-3.2458286326571,0.667680371591722,-4.86135098583051,1.16587326678187e-06,4.81685443376257e-05
ENSG00000277494,GPIHBP1,125.548222462792,-3.79043573918104,0.779849107166916,-4.86047326892656,1.17105456375809e-06,4.82698318203598e-05
ENSG00000145431,PDGFC,353.585386790031,-1.55893094919634,0.32094374989676,-4.85733387765867,1.18976881701808e-06,4.89271674216994e-05
ENSG00000159387,IRX6,52.4677714317865,-4.05023073785371,0.834088640602116,-4.85587567159518,1.19855889158292e-06,4.91202930885388e-05
ENSG00000160145,KALRN,418.708016500066,-2.37311116733109,0.488733518282482,-4.85563416168125,1.20002073258207e-06,4.91202930885388e-05
ENSG00000139865,TTC6,572.317562115716,3.19416524274084,0.658277429197238,4.85230861801853,1.2203252550528e-06,4.98360542381029e-05
ENSG00000067225,PKM,1957.49291273029,1.39225600941692,0.287020517732207,4.85071945524087,1.23014440618263e-06,5.00935527733694e-05
ENSG00000233323,TNXB,913.05491254063,-3.32826856127743,0.686208444752006,-4.85022967398814,1.23318596839466e-06,5.00935527733694e-05
ENSG00000292165,SH3D19,1580.2746286243,-2.08493705069962,0.429891252069619,-4.84991737017707,1.23512916412312e-06,5.00935527733694e-05
ENSG00000275498,PDXDC1,603.936087837662,1.43544333242908,0.296090557751136,4.84798753236694,1.247202371421e-06,5.04349884016626e-05
ENSG00000186910,SERPINA11,27.3488483532283,4.20444241885184,0.867313500168246,4.84766167946912,1.24925210201483e-06,5.04349884016626e-05
ENSG00000076706,MCAM,2599.63862602349,-3.24067793244673,0.668589755407611,-4.84703498107149,1.25320337095255e-06,5.04639279575276e-05
ENSG00000278381,NA,28.5912236746752,4.40897089390707,0.909695694577459,4.84664368556232,1.2556765425161e-06,5.04639279575276e-05
ENSG00000139318,DUSP6,767.377545449371,-1.52218084699976,0.314312830670593,-4.84288485376863,1.27967453633683e-06,5.13117569751569e-05
ENSG00000001617,SEMA3F,275.687114618947,1.52852468366214,0.315805212372112,4.84008693897389,1.29782340281893e-06,5.1921744868885e-05
ENSG00000154133,ROBO4,215.963918392222,-2.21510964818599,0.458420615174704,-4.83204632353153,1.35136800054937e-06,5.39418518142539e-05
ENSG00000046653,GPM6B,148.935136055563,-2.54504365752982,0.527042097835856,-4.82891910908121,1.37276154736325e-06,5.46723928874422e-05
ENSG00000109814,UGDH,1350.82782732481,2.1056322072652,0.436173723140741,4.82750815914182,1.38252026303898e-06,5.49373164299286e-05
ENSG00000203697,CAPN8,810.298246803045,4.4040277006312,0.913171447422907,4.82278296486379,1.41568986206099e-06,5.61292462574541e-05
ENSG00000278931,NA,99.2136532971451,-3.14684691611723,0.652626610396262,-4.8218182740151,1.42255516964661e-06,5.62752641272059e-05
ENSG00000176438,SYNE3,1656.08915754675,-2.84623750131534,0.590842299002275,-4.81725412368348,1.45547273058823e-06,5.7301600724635e-05
ENSG00000173114,LRRN3,64.8123606724617,-4.41544958776779,0.916653361309432,-4.81692401308642,1.45788174624209e-06,5.7301600724635e-05
ENSG00000129538,RNASE1,907.826276769351,-3.58923607845746,0.745137491939489,-4.8168775793514,1.45822090856109e-06,5.7301600724635e-05
ENSG00000145217,SLC26A1,19.8445572461101,3.66736190389135,0.761803610868351,4.81405161588964,1.47900579892784e-06,5.79825167169085e-05
ENSG00000152580,IGSF10,367.175175979874,-3.87586474591495,0.805184887226547,-4.81363325045175,1.48210697031288e-06,5.79825167169085e-05
ENSG00000162407,PLPP3,814.023685618638,-2.22256935328466,0.462013947660279,-4.81061094484301,1.50469653552527e-06,5.87363108999852e-05
ENSG00000281123,FCGBP,180.458572762389,1.85422301312802,0.385615526748015,4.80847601953456,1.52085268608228e-06,5.92362071541695e-05
ENSG00000107562,CXCL12,1522.17325495494,-2.61198683411318,0.543295819566143,-4.80766967100725,1.52699805236507e-06,5.9344849582355e-05
ENSG00000121753,ADGRB2,115.155220239886,2.33409145758084,0.485629864471679,4.80631779126706,1.53735463734417e-06,5.96163202898179e-05
ENSG00000116141,MARK1,217.094254163487,-2.68497917219653,0.559084339233418,-4.80245820492487,1.56729540162272e-06,6.06443864045832e-05
ENSG00000009694,TENM1,97.8210646402736,-2.93321975285091,0.610908368036512,-4.80140706253281,1.57554627679802e-06,6.08305345253699e-05
ENSG00000127663,KDM4B,742.348778767244,1.78221834884149,0.371312930114795,4.79977454135653,1.58844348904773e-06,6.11948719320935e-05
ENSG00000188783,PRELP,575.536281488519,-3.26746869494962,0.681223704514072,-4.79646946120343,1.61486563668359e-06,6.20775414205997e-05
ENSG00000177098,SCN4B,186.240578091751,-2.71203624242138,0.565588738730432,-4.79506761133372,1.6261997355408e-06,6.23776354090412e-05
ENSG00000186642,PDE2A,253.654476824673,-3.06724825170101,0.639850270058408,-4.79369689321382,1.63735604394061e-06,6.26696253787918e-05
ENSG00000114654,EFCC1,56.9809178908797,2.65654406216074,0.554332382418136,4.79233064208198,1.64854918309181e-06,6.29249921392249e-05
ENSG00000119138,KLF9,1005.44848925315,-1.99287686748938,0.415904874417605,-4.79166508995601,1.65402838535812e-06,6.29249921392249e-05
ENSG00000181085,MAPK15,62.6305746111485,4.62141996746558,0.964487047419105,4.7915832357025,1.65470346348129e-06,6.29249921392249e-05
ENSG00000137033,IL33,293.191589116663,-3.44833633043495,0.720746257620225,-4.78439713557549,1.71501298496055e-06,6.50784862941146e-05
ENSG00000153956,CACNA2D1,424.347460066741,-2.59829461226525,0.54342439520669,-4.78133597825876,1.74134049886777e-06,6.59360257847511e-05
ENSG00000166173,LARP6,162.780682658809,-3.34172323114014,0.699017860827202,-4.7805977764082,1.74774729664262e-06,6.60372124925887e-05
ENSG00000133401,PDZD2,1758.96424719376,-3.17829417595179,0.664923943905258,-4.77993641992332,1.75350639291702e-06,6.61135470062935e-05
ENSG00000161996,WDR90,265.891413302828,1.63334311441092,0.341753532116004,4.77930134122654,1.75905382367916e-06,6.61496205267248e-05
ENSG00000153291,SLC25A27,83.9303341622993,-2.20888688288862,0.462221921424989,-4.77884492383836,1.76305105450834e-06,6.61496205267248e-05
ENSG00000189129,PLAC9,179.713205868601,-4.19024628370041,0.876887547970919,-4.77854463026242,1.7656857370703e-06,6.61496205267248e-05
ENSG00000111962,UST,97.5996259589549,-2.18004524732947,0.456299551700886,-4.77766247896411,1.7734473597939e-06,6.62999358630772e-05
ENSG00000123119,NECAB1,43.9398731094804,-5.03901421422136,1.05540434078999,-4.77448691413336,1.8016599723626e-06,6.71244514011993e-05
ENSG00000112214,FHL5,201.887838041888,-2.32861575576883,0.487736988336201,-4.77432676105282,1.80309418173215e-06,6.71244514011993e-05
ENSG00000197046,SIGLEC15,31.9157750245295,3.32190753290763,0.69610480457758,4.77213705617716,1.82281389690325e-06,6.77160044935719e-05
ENSG00000121879,PIK3CA,735.940610199455,-1.44420750423006,0.302841830269454,-4.76885079893051,1.85279814383715e-06,6.86855965984746e-05
ENSG00000141582,CBX4,134.996106592678,1.98969056737574,0.417465320288551,4.76612180863425,1.8780574539606e-06,6.94763388250737e-05
ENSG00000198963,RORB,49.9482636484101,-2.65042173325154,0.556287351182229,-4.76448318952215,1.8933830069062e-06,6.98970599397127e-05
ENSG00000026025,VIM,12090.2244275951,-2.51679762428149,0.528920981280408,-4.75836223813404,1.95170022848911e-06,7.18998232091103e-05
ENSG00000274126,C14orf180,40.5650790423413,-6.11550777051311,1.28540801014041,-4.75763938163501,1.95870008231324e-06,7.20076789096572e-05
ENSG00000222038,POTEJ,40.400336637995,5.96101795354588,1.25391596398922,4.75392141478241,1.9950861167667e-06,7.31931697153226e-05
ENSG00000174292,TNK1,64.8514678051789,2.15669932112851,0.453735139442621,4.75321202536319,2.00210195869881e-06,7.32984864092568e-05
ENSG00000143590,EFNA3,41.8904309186114,2.32720908139818,0.489947578743278,4.74991444465856,2.03502726245595e-06,7.41902693800884e-05
ENSG00000266964,FXYD1,78.611901738963,-3.56899650510287,0.75143642257916,-4.74956549597766,2.03854168071145e-06,7.41902693800884e-05
ENSG00000165272,AQP3,149.781463326445,2.27689951493744,0.479396179423526,4.74951535424294,2.03904715934643e-06,7.41902693800884e-05
ENSG00000156711,MAPK13,318.540273350727,2.41651042338233,0.509116604656225,4.74647733207218,2.06989909692531e-06,7.51151628468723e-05
ENSG00000100077,GRK3,1089.62477113317,-2.27874560388917,0.480122234737505,-4.74617803346479,2.07296270255464e-06,7.51151628468723e-05
ENSG00000173253,DMRT2,43.0022611224689,-4.25601981409727,0.89739853073838,-4.7426195478562,2.10972253263548e-06,7.62908456944645e-05
ENSG00000115380,EFEMP1,1249.90056848868,-3.26664402386747,0.689742222828539,-4.73603603745094,2.17938851208427e-06,7.86492388962983e-05
ENSG00000262179,MYMX,24.6259303031863,-5.03209965710317,1.0631080142856,-4.73338512125197,2.20805958370827e-06,7.94180134885669e-05
ENSG00000177685,CRACR2B,382.253175717025,2.53273721476337,0.535096234154381,4.73323685180832,2.20967384699287e-06,7.94180134885669e-05
ENSG00000163513,TGFBR2,2317.36566797925,-2.62188183167231,0.554522734528958,-4.72817734677637,2.26544271752342e-06,8.12572486287355e-05
ENSG00000169116,PARM1,397.456809076878,-2.87234992599139,0.607644879121371,-4.72702070680607,2.27838038920436e-06,8.15558713002038e-05
ENSG00000103647,CORO2B,82.684450863491,-2.75609816804507,0.583339638844144,-4.7246886453767,2.30468187521597e-06,8.2330686059483e-05
ENSG00000069122,ADGRF5,927.628889614546,-2.74990210382651,0.582326875181997,-4.7222654852862,2.33231952972397e-06,8.31500125889293e-05
ENSG00000048740,CELF2,793.274419439787,-2.61216734193368,0.553338292979048,-4.72074203986563,2.34985800172691e-06,8.36067183994707e-05
ENSG00000157654,PALM2AKAP2,1994.88553054874,-2.66862368547229,0.566159017066086,-4.71355856752307,2.43427715269276e-06,8.62717564753458e-05
ENSG00000124374,PAIP2B,97.4495368808803,-2.16106776311471,0.458481002025236,-4.71353830053739,2.43451939609781e-06,8.62717564753458e-05
ENSG00000153253,SCN3A,44.7876360259542,-3.06637367560366,0.651449857702935,-4.70699876490255,2.51390430542022e-06,8.89067396654917e-05
ENSG00000140104,CLBA1,96.4388021224961,1.99919954634117,0.424785240633138,4.70637714097925,2.52157835005895e-06,8.89611809169338e-05
ENSG00000178935,ZNF552,603.576428870038,2.42785742431279,0.515900256511486,4.70605973474397,2.52550544705654e-06,8.89611809169338e-05
ENSG00000147872,PLIN2,470.011850519533,-2.12085761039115,0.450792730376428,-4.70472895297171,2.54203449588337e-06,8.92351006105117e-05
ENSG00000285485,NFATC4,355.787109532448,1.5828038962445,0.336435974392963,4.70462143384155,2.54337446743753e-06,8.92351006105117e-05
ENSG00000167964,RAB26,27.4886432819069,5.0057299648723,1.06422317288714,4.7036468406267,2.55555143107559e-06,8.93974829664561e-05
ENSG00000111424,VDR,166.641571126016,2.10708671788043,0.447988211920138,4.70344232686208,2.55811380314578e-06,8.93974829664561e-05
ENSG00000112769,LAMA4,3166.30011147265,-2.56166641751698,0.544908966919794,-4.70109059132813,2.58775670576595e-06,9.02550331914383e-05
ENSG00000150907,FOXO1,748.956630754468,-2.43392027002512,0.518002336850323,-4.69866658290462,2.61865551184185e-06,9.11529240470462e-05
ENSG00000166250,CLMP,1438.09180248169,-3.43964909578074,0.732656070564198,-4.69476639036371,2.66911574663691e-06,9.2726863944559e-05
ENSG00000111404,RERGL,48.1566255203802,-4.69411985436065,1.00097329398585,-4.68955553815905,2.73799115101405e-06,9.49331323987871e-05
ENSG00000000005,TNMD,48.5706622884128,-5.55594000984109,1.18547459127487,-4.6866799598515,2.77672664060172e-06,9.60111803136362e-05
ENSG00000115963,RND3,482.186891812173,-2.07021694640072,0.441758936029257,-4.68630462805989,2.78182118097421e-06,9.60111803136362e-05
ENSG00000171914,TLN2,1405.52693232728,-2.2554227673263,0.481340666635689,-4.68570998392985,2.78991090910617e-06,9.60111803136362e-05
ENSG00000106511,MEOX2,180.719900562269,-3.27499086484299,0.698941371034632,-4.68564460563419,2.79080171244749e-06,9.60111803136362e-05
ENSG00000171867,PRNP,538.675616694407,-2.27993797820977,0.486754864735741,-4.68395519672421,2.81391540861931e-06,9.64967823143012e-05
ENSG00000081277,PKP1,100.961080820797,-2.30169496488752,0.491414494567395,-4.68381578144894,2.81583100572185e-06,9.64967823143012e-05
ENSG00000154263,ABCA10,520.331983919867,-2.84222474827325,0.607012643205996,-4.68231556638057,2.8365236355891e-06,9.70178867468513e-05
ENSG00000168675,LDLRAD4,1975.24176491504,1.65304961060696,0.353114213001653,4.68134543935569,2.8499823032508e-06,9.7290032950548e-05
ENSG00000166557,TMED3,319.918792705269,1.89835066192975,0.405624955707138,4.68006377620503,2.86785691547775e-06,9.73939456002559e-05
ENSG00000169291,SHE,255.87049577483,-2.16002137995323,0.461543933081131,-4.67999084189791,2.86887731603956e-06,9.73939456002559e-05
ENSG00000119865,CNRIP1,145.628527214111,-3.22852490867578,0.689907898432936,-4.6796462484472,2.8737031257691e-06,9.73939456002559e-05
ENSG00000006625,GGCT,215.535059436739,1.60784678770846,0.343590069412632,4.67954964605663,2.87505737733041e-06,9.73939456002559e-05
ENSG00000167900,TK1,65.4902463246617,2.31226612962258,0.494354349398019,4.67734557698998,2.90612271440783e-06,9.82580649309249e-05
ENSG00000183722,LHFPL6,498.078753166177,-2.52596559787677,0.540210025410425,-4.67589544632694,2.92673701407946e-06,9.87662034732198e-05
ENSG00000153162,BMP6,69.3235794273573,-3.31603001230706,0.709755275605702,-4.67207518743299,2.98171763103894e-06,0.000100429929275546
ENSG00000163297,ANTXR2,668.298915202699,-2.19681367018083,0.470583423482613,-4.66827678272861,3.03736534588502e-06,0.000102109755534762
ENSG00000143457,GOLPH3L,417.858683162131,1.25023892942778,0.268058081737461,4.66405982361792,3.10031187102838e-06,0.000103424767371232
ENSG00000168952,STXBP6,36.9809603481349,-3.85727271558042,0.827038104817798,-4.66396009217762,3.10181560370415e-06,0.000103424767371232
ENSG00000153993,SEMA3D,118.583873827406,-2.67123283881294,0.572761168070712,-4.66378132409136,3.10451278785359e-06,0.000103424767371232
ENSG00000163141,BNIPL,181.919495731374,3.3441794952722,0.717065418738199,4.66370209451303,3.10570889263204e-06,0.000103424767371232
ENSG00000123240,OPTN,845.388182826368,-2.13016385050035,0.456753952644093,-4.663700966722,3.10572592173977e-06,0.000103424767371232
ENSG00000133116,KL,51.3299983916672,-3.07637823258673,0.659836331117693,-4.66233532090551,3.12641237708356e-06,0.000103917951248061
ENSG00000169764,UGP2,1585.47040791992,-2.08599329087798,0.447455085339487,-4.66190542743598,3.13295159992684e-06,0.000103939930847104
ENSG00000167642,SPINT2,909.641961866297,3.22669060004734,0.69224056280519,4.66122728632329,3.14329366194679e-06,0.000104087756225103
ENSG00000163145,C1QTNF7,76.1077998700712,-2.96125991990683,0.635389083860902,-4.66054579016832,3.15371987660921e-06,0.000104237810426319
ENSG00000167608,TMC4,81.931719287428,3.47848413566372,0.746441251300265,4.6600909711305,3.16069660448515e-06,0.000104273503837894
ENSG00000171345,KRT19,2227.9995972688,4.57347675776247,0.982220480354968,4.65626287502134,3.22000751636878e-06,0.000106032389035287
ENSG00000172260,NEGR1,448.978065224941,-1.62696068285565,0.349584583574969,-4.65398292515591,3.25583776708551e-06,0.000107012972556455
ENSG00000135272,MDFIC,860.004716275056,-2.24927161587091,0.483345627864657,-4.65354704005047,3.26273126421497e-06,0.000107040588024329
ENSG00000206172,HBA1,849.342835866593,-9.88395974300699,2.12456768828011,-4.65222162491246,3.28377872937924e-06,0.000107531591243728
ENSG00000120907,ADRA1A,174.547875066451,-2.81508418179943,0.605206605017846,-4.65144325666509,3.29619976748797e-06,0.000107738817908484
ENSG00000198885,ITPRIPL1,32.851516566798,-2.59215990952787,0.557425394920193,-4.65023648572557,3.31554629314594e-06,0.000108171227124907
ENSG00000180354,MTURN,1757.68942935579,-2.57565855643903,0.554292782208023,-4.64674742142394,3.37209625506724e-06,0.000109813587621278
ENSG00000164318,EGFLAM,199.524718612537,-2.53262402462894,0.545165278414912,-4.64560771733782,3.39076789836093e-06,0.00011007006183642
ENSG00000169282,KCNAB1,84.5788418745851,-2.93514352092009,0.63182413942778,-4.64550709249308,3.39242117858105e-06,0.00011007006183642
ENSG00000143153,ATP1B1,1172.94630973339,1.86627313859654,0.40194520394696,4.6431033888958,3.43214493019854e-06,0.000111154979488463
ENSG00000165124,SVEP1,2259.04365362437,-3.4682244709941,0.74706198582049,-4.6424855458078,3.44242727721076e-06,0.000111284171010819
ENSG00000285442,FBXL6,52.1717700584938,2.34772746543952,0.505867672380705,4.64099129796275,3.46741729095153e-06,0.000111887481671343
ENSG00000145708,CRHBP,46.4398777229543,-4.02639442460471,0.867655374213115,-4.64054571004794,3.47490297579714e-06,0.000111924789291477
ENSG00000075213,SEMA3A,158.570098374711,-3.41347530059076,0.736174734465295,-4.63677322894009,3.5389029985231e-06,0.000113778948587062
ENSG00000181092,ADIPOQ,11262.8261004621,-7.13907896102413,1.54095892735704,-4.63288075644472,3.60612267893948e-06,0.000115729704776201
ENSG00000185518,SV2B,116.349835295525,-1.90815512004856,0.411943420600499,-4.63208058346217,3.6200918638507e-06,0.000115967544254478
ENSG00000109906,ZBTB16,1209.97985276657,-1.72742139031315,0.372966821789907,-4.63156851867701,3.62905854815006e-06,0.000116044561133703
ENSG00000115255,REEP6,84.1374897049311,2.08805629136847,0.450896637145332,4.63089790287226,3.64083380184688e-06,0.000116210946061477
ENSG00000135678,CPM,805.45133367418,-2.78761546306357,0.602211762752742,-4.62896216161775,3.67502904942325e-06,0.000117091060686399
ENSG00000141736,ERBB2,996.253412895304,1.85985495003813,0.402084409031973,4.62553361498342,3.73635199826851e-06,0.000118622721825299
ENSG00000179776,CDH5,706.513601577994,-2.57863579731908,0.557479668185988,-4.62552438138207,3.7365184672675e-06,0.000118622721825299
ENSG00000103253,HAGHL,61.8240837769513,3.51675091230746,0.760396727245386,4.62488959552371,3.74797983596571e-06,0.000118773346665559
ENSG00000105699,LSR,150.336100883451,1.60671724921191,0.347452348374478,4.62428087399259,3.75900225013651e-06,0.000118909547028916
ENSG00000131943,C19orf12,430.924671071756,-2.35851549571774,0.510454137587492,-4.62042585620828,3.82953182480477e-06,0.000120924305817898
ENSG00000139112,GABARAPL1,486.585793531245,-2.32495243715566,0.503365922146345,-4.61881175277439,3.85943791416662e-06,0.000121651409333705
ENSG00000240583,AQP1,1423.95546992521,-2.50907358275186,0.54375182325709,-4.61437272563508,3.94284299018953e-06,0.000124059239493811
ENSG00000198624,CCDC69,622.506622360334,-3.03053714426507,0.657232226141183,-4.61105987157433,4.00621122603739e-06,0.000125829188472503
ENSG00000154330,PGM5,228.973208824258,-2.5429224910509,0.551559268952106,-4.61042472531038,4.01847129192688e-06,0.000125990474920466
ENSG00000125505,MBOAT7,115.70671298833,1.50964787152008,0.327506343408148,4.6095225387397,4.03594779870103e-06,0.000126314451193682
ENSG00000112964,GHR,923.816597809177,-2.52783158484132,0.548461354058269,-4.60895114329743,4.04705411060584e-06,0.000126438264731171
ENSG00000073464,CLCN4,92.2377377004331,-2.68822600840549,0.583355969762192,-4.60820862003239,4.06153043235756e-06,0.000126666741861338
ENSG00000118432,CNR1,82.8083577141585,-3.93901491465176,0.855008045735219,-4.6069916351075,4.08536429602948e-06,0.000127185733885016
ENSG00000143398,PIP5K1A,542.993277618926,1.32662597670473,0.288065604956727,4.60529113464973,4.11889209809585e-06,0.000128004163393021
ENSG00000153902,LGI4,57.4525990949344,-3.30517167468302,0.718269470801912,-4.60157616192842,4.19305777550215e-06,0.000130080422182815
ENSG00000103460,TOX3,183.581419475835,4.20655169084764,0.914383043276009,4.6004261800138,4.21627421542051e-06,0.000130571588356009
ENSG00000277236,CCL14,61.7094959213123,-4.1347854898566,0.899419825078676,-4.59716961375063,4.28268971172837e-06,0.00013236003358457
ENSG00000113580,NR3C1,1487.1198233102,-2.06900588284726,0.450119974322237,-4.59656536229622,4.29512277488749e-06,0.00013236003358457
ENSG00000003137,CYP26B1,131.025063293094,-3.4928706679013,0.759897977457905,-4.59649949271616,4.2964801943982e-06,0.00013236003358457
ENSG00000106829,TLE4,144.300860469026,-1.97553950181898,0.42992099323195,-4.59512220365833,4.32495726535945e-06,0.000133005598823219
ENSG00000260314,MRC1,743.811647478336,-3.38915801439331,0.737831829582258,-4.59340174618405,4.360783855783e-06,0.000133874550211477
ENSG00000161267,BDH1,107.001046061395,2.80025153133308,0.609982854072381,4.59070531677732,4.41750663775394e-06,0.00013538088366621
ENSG00000172059,KLF11,316.038843834422,-2.03892685080128,0.444399239318387,-4.58805207211549,4.47401055577405e-06,0.000136875309096458
ENSG00000125845,BMP2,62.2304637847633,-3.66923454007267,0.800146824940951,-4.58570155589064,4.5246453685504e-06,0.000138185326514813
ENSG00000137727,ARHGAP20,169.222354751849,-3.03558139108295,0.662405443722671,-4.58266371427022,4.59090023748069e-06,0.000139967049826502
ENSG00000101255,TRIB3,88.7392021125563,1.66957360719757,0.364397710861351,4.58173461971287,4.6113485540595e-06,0.000140348496525704
ENSG00000196136,SERPINA3,2144.14645342139,3.60429145130487,0.787148141588685,4.57892391644399,4.67374151138029e-06,0.000142003043205735
ENSG00000170802,FOXN2,451.708764246964,-2.25657493788426,0.493075531266134,-4.5765299529055,4.72752047624239e-06,0.00014339064250668
ENSG00000053438,NNAT,151.37843569413,-4.81062863984805,1.05134475736698,-4.57569090076213,4.74650917587298e-06,0.000143720071501647
ENSG00000131187,F12,73.5707207723226,2.82591229425452,0.617699393275286,4.57489893145341,4.76449934235474e-06,0.000143858453252775
ENSG00000117983,MUC5B,265.318035125795,4.10826808350862,0.898026516555778,4.57477369294746,4.76735020110422e-06,0.000143858453252775
ENSG00000149289,ZC3H12C,200.88014437853,-1.96860506875834,0.430516624608551,-4.57265749156216,4.81576998288935e-06,0.000144944247211544
ENSG00000104549,SQLE,179.675512927028,2.30366473545558,0.50381017970384,4.5724854881054,4.81972614151375e-06,0.000144944247211544
ENSG00000124243,BCAS4,71.9019176233929,2.75962772251216,0.60365880551463,4.57150247342045,4.84239572987695e-06,0.000145378749900533
ENSG00000186868,MAPT,230.731630801626,1.44042436959117,0.315168039680022,4.57033768732889,4.86938940535661e-06,0.000145941377720205
ENSG00000164849,GPR146,242.379624487944,-2.57394311066938,0.563352398425741,-4.56897515278559,4.90114876407494e-06,0.000146644693054378
ENSG00000160188,RSPH1,29.5281580691268,3.2169843647039,0.704222999972983,4.5681330556192,4.9208763236059e-06,0.000146986243294465
ENSG00000174944,P2RY14,91.2893927092288,-3.56443932615907,0.78062446480834,-4.56613837619632,4.96790894912643e-06,0.000148140866690392
ENSG00000273079,GRIN2B,63.4261855152823,-4.22428294656258,0.926002301850678,-4.56184929359255,5.07050376536745e-06,0.000150945653338372
ENSG00000101955,SRPX,235.07566737886,-2.81142528922173,0.616508994924161,-4.56023401502451,5.10966464585461e-06,0.00015185579820613
ENSG00000086289,EPDR1,190.883147957749,-3.56932225388283,0.782943720487577,-4.5588490723957,5.14347171605068e-06,0.000152604044219671
ENSG00000179178,TMEM125,77.3906165852428,3.75742988582527,0.824537959983561,4.5570126157687,5.18863087716328e-06,0.000153686029817217
ENSG00000136944,LMX1B,229.541157406128,3.12851029911292,0.686794066864612,4.55523780715719,5.23263467390997e-06,0.000154730232339047
ENSG00000196159,FAT4,691.370843555509,-2.09162996150836,0.459542172499811,-4.55155171097865,5.32517054944932e-06,0.000157147334757044
ENSG00000160862,AZGP1,5095.18253667013,1.85378471999574,0.407310969214326,4.55127619953756,5.33214957044769e-06,0.000157147334757044
ENSG00000078401,EDN1,97.9010375335323,-2.38487028827769,0.524135989770193,-4.55009832338234,5.36208539824485e-06,0.000157766649080139
ENSG00000085552,IGSF9,99.5293779370925,4.14671221494534,0.912151739959106,4.54607718572268,5.46550000521091e-06,0.000160542253475323
ENSG00000276409,CCL14,197.100985093692,-4.59902534816725,1.0118837548623,-4.54501352163035,5.49317276392607e-06,0.000161087519045613
ENSG00000171163,ZNF692,166.835337262262,2.28643735565103,0.503186639991983,4.54391506834812,5.52189137586969e-06,0.000161661598012423
ENSG00000136160,EDNRB,315.41005718589,-2.80447397632816,0.617257108194263,-4.54344541212725,5.5342141613441e-06,0.000161754560355451
ENSG00000076554,TPD52,977.494748858693,3.07091506008011,0.67614461910849,4.54180211347266,5.57753837501792e-06,0.000162751833474327
ENSG00000185818,NAT8L,426.610327852724,-4.07528962881752,0.897546506774566,-4.54047739928545,5.61269954066749e-06,0.0001635080164376
ENSG00000146477,SLC22A3,87.4751470438535,-3.74771567140165,0.826133832430746,-4.53645102558588,5.72087666068089e-06,0.000166385299327007
ENSG00000076944,STXBP2,158.560657390071,2.0403627140868,0.450532985048959,4.52877543220297,5.9326510369839e-06,0.000172261195873541
ENSG00000124785,NRN1,171.905789481941,-3.29852603166573,0.728443435623678,-4.5281841668895,5.94927199454358e-06,0.0001724606175074
ENSG00000122591,HYCC1,514.749685904254,-1.99534677777392,0.440782747044197,-4.52682595032207,5.9876215205439e-06,0.000173288234611748
ENSG00000135069,PSAT1,37.8064579403801,-3.19793877912656,0.707361926949517,-4.5209371006404,6.15664810071205e-06,0.000177888902557012
ENSG00000165731,RET,138.808988321969,2.34965928097396,0.51980016124892,4.52031272042789,6.1748349533209e-06,0.000178123338465862
ENSG00000171451,DSEL,509.878407155149,-2.55297189350174,0.564881144462945,-4.51948506075372,6.1990221526213e-06,0.000178529818770037
ENSG00000106541,AGR2,720.215399647157,4.59373188125434,1.01716292969393,4.51622030959841,6.29531701116617e-06,0.000181008277574718
ENSG00000105647,PIK3R2,217.897858713979,1.2678758494106,0.280995893463263,4.5120796385459,6.41950741698835e-06,0.000184227524268323
ENSG00000168004,PLAAT5,294.733285775005,-4.06363160362208,0.900668402975349,-4.51179545124256,6.42811640974694e-06,0.000184227524268323
ENSG00000180694,TMEM64,329.319677974397,-2.58706187566987,0.573654800035775,-4.50978859674587,6.48922599178661e-06,0.000185677966363694
ENSG00000170745,KCNS3,217.469237827171,2.29443330445147,0.509010756333185,4.50763225708651,6.55550679263156e-06,0.000187271448488051
ENSG00000111860,CEP85L,175.236195229689,-1.71117017816743,0.379766868419878,-4.50584377011933,6.6109715607263e-06,0.000188551306626328
ENSG00000067113,PLPP1,418.537485446616,-2.16720494783613,0.481028874339739,-4.50535313667156,6.62626544021682e-06,0.000188683175168042
ENSG00000196604,POTEF,347.863188496898,4.62645063927608,1.02702145920624,4.50472635971185,6.64585238823549e-06,0.00018893666845847
ENSG00000164220,F2RL2,68.4286471756736,2.33663712218633,0.518783832518796,4.5040669653129,6.66651842187585e-06,0.000189219976330707
ENSG00000109610,SOD3,202.344289891063,-3.46704446711977,0.771311685705389,-4.49499797730803,6.9570608477537e-06,0.00019715017142761
ENSG00000132854,KANK4,265.705176414094,-2.79490365620616,0.622283418691865,-4.49136771486129,7.07672494678056e-06,0.000200220363574273
ENSG00000158887,MPZ,53.3972543163862,-4.2495627647588,0.946288919304777,-4.49076669721641,7.09672522498333e-06,0.000200465482673131
ENSG00000136854,STXBP1,243.828997623273,-1.70917290778092,0.380713565770374,-4.48939323799091,7.14263344531194e-06,0.000201440489973606
ENSG00000125508,SRMS,88.3652337087031,4.6616315237876,1.03868131433963,4.48802867581321,7.18852546742979e-06,0.000202411936051849
ENSG00000173918,C1QTNF1,391.503647361895,-3.05753725986408,0.682259986654022,-4.48148406717947,7.41257677131985e-06,0.000208388863350157
ENSG00000243649,CFB,179.217185837707,3.04908375863723,0.680649332593513,4.47966906397917,7.47588566847097e-06,0.000209835057580273
ENSG00000119383,PTPA,450.662672806424,1.18277384706248,0.264274119209623,4.47555685967227,7.62124123469176e-06,0.000213443636299616
ENSG00000116260,QSOX1,1476.91874544443,1.80956503806384,0.404340367878262,4.47535092169836,7.62859119727182e-06,0.000213443636299616
ENSG00000103550,KNOP1,309.608525798417,1.48821922240863,0.33270951008616,4.47302880528792,7.71193839821849e-06,0.000215434765712002
ENSG00000187288,CIDEC,1223.24067235358,-7.92203970657227,1.7712281037938,-4.47262534373976,7.72650824673809e-06,0.000215501333323454
ENSG00000134121,CHL1,443.83048871568,-3.40980044204648,0.762739571754482,-4.47046484582297,7.80497726259577e-06,0.000217290063920387
ENSG00000146072,TNFRSF21,436.204105341761,-1.51043672421561,0.337902551923792,-4.47003645168168,7.82062673654343e-06,0.000217290063920387
ENSG00000075035,WSCD2,25.9304319909374,-4.89632784740456,1.09541250257322,-4.46984842322198,7.82750498881902e-06,0.000217290063920387
ENSG00000125968,ID1,126.305742017313,-2.10879434162615,0.472135937815249,-4.46649825341476,7.95103110697543e-06,0.000220373170947722
ENSG00000165410,CFL2,342.027296213895,-2.5218961910547,0.565073149998417,-4.4629552670513,8.0836933754009e-06,0.000223699452202213
ENSG00000187535,IFT140,317.551269325725,1.53522861998648,0.344392019159671,4.45779383544512,8.28074851662119e-06,0.000228794493780332
ENSG00000221866,PLXNA4,927.05652215105,-3.24719057157518,0.72875775071456,-4.45578872868419,8.35853171167451e-06,0.000230583332695071
ENSG00000020129,NCDN,135.805794835181,1.50560906786983,0.338279938892432,4.45077846708667,8.5559568822566e-06,0.000235661971260036
ENSG00000119729,RHOQ,1340.83189416827,-2.48068974152813,0.557428925107778,-4.45023505202657,8.57763562883997e-06,0.000235719534011713
ENSG00000135604,STX11,173.711292360578,-3.16463516575517,0.711144689585805,-4.45005807130242,8.5847073405838e-06,0.000235719534011713
ENSG00000128655,PDE11A,213.173119162329,-2.770239334992,0.622662392630849,-4.44902304648157,8.62617607931249e-06,0.000236490963737183
ENSG00000166292,TMEM100,148.829340454351,-4.69325772071739,1.05579630547848,-4.44523029334757,8.77977654100493e-06,0.000239989947243516
ENSG00000000971,CFH,1260.95387482951,-1.93891585040195,0.436181756236042,-4.44520162221709,8.78094756922213e-06,0.000239989947243516
ENSG00000150471,ADGRL3,155.420357853965,-3.70576445040746,0.833924133420014,-4.44376688705448,8.83973810850721e-06,0.000241223902735699
ENSG00000156298,TSPAN7,146.2296851269,-2.76623919387773,0.622571307246858,-4.44324876793731,8.86106115326193e-06,0.000241433196260602
ENSG00000105976,MET,309.438866214054,-2.71300327295193,0.610695155154392,-4.44248370083441,8.8926371659828e-06,0.000241920773855498
ENSG00000117595,IRF6,662.911895802334,2.79296052319021,0.628775445529079,4.44190456712267,8.91661076569074e-06,0.000242200350491105
ENSG00000160307,S100B,340.101719406254,-7.11699062148985,1.6029460106978,-4.43994406174145,8.99822634020563e-06,0.000244042387076467
ENSG00000124664,SPDEF,392.630707041784,4.48720180989209,1.0108137662621,4.43919736717218,9.02949844631824e-06,0.000244515499274495
ENSG00000169554,ZEB2,1606.70418191112,-2.23624991029464,0.503911036045029,-4.43778712974013,9.0888436982589e-06,0.000245746212716074
ENSG00000090971,NAT14,35.5799309085708,2.66964876265641,0.601792557545835,4.43616114752812,9.15773042965169e-06,0.000247230759064933
ENSG00000288335,TWIST2,94.3687775580902,-3.65890212165095,0.82504410821708,-4.43479577056533,9.21596135804104e-06,0.000248423543741219
ENSG00000138160,KIF11,77.3597435511905,1.75300167471437,0.395335825032877,4.43420900336716,9.24109448133476e-06,0.000248721877798238
ENSG00000153132,CLGN,100.990693060691,3.04279851974762,0.686576794284056,4.43184002879178,9.34323276114222e-06,0.000251088730874282
ENSG00000243244,STON1,279.934797530065,-2.10107224528854,0.474166936446704,-4.43108130025575,9.37617272462532e-06,0.000251591596797495
ENSG00000196118,CFAP119,28.6195632471164,3.50966385976249,0.792587145692475,4.4281110018459,9.50619781600909e-06,0.000254694084818922
ENSG00000081041,CXCL2,177.448826129218,-3.09116186830839,0.6982857162716,-4.42678662369498,9.56472621557979e-06,0.000255874513873067
ENSG00000122952,ZWINT,51.9312045939034,2.11105085694172,0.477048153548165,4.42523640693346,9.63367244156304e-06,0.000257329652241932
ENSG00000160710,ADAR,2753.58586847546,1.06186847757819,0.239996047338738,4.42452485927586,9.66547740647251e-06,0.000257789799364485
ENSG00000256235,SMIM3,216.875191132414,-2.71741503305473,0.614350242513749,-4.42323424816409,9.72342164697746e-06,0.000258944676179974
ENSG00000154175,ABI3BP,561.400962458555,-2.1528146276018,0.486920054969484,-4.42128970788998,9.81135218955735e-06,0.000260538574048705
ENSG00000122420,PTGFR,88.4874141005883,-3.38796330293563,0.766289239304194,-4.4212591397107,9.81274050310681e-06,0.000260538574048705
ENSG00000174059,CD34,900.778721490813,-2.44544860322103,0.55333187836642,-4.41949704839098,9.8930872584779e-06,0.000262278053960517
ENSG00000177469,CAVIN1,4239.23952890892,-2.83513824921157,0.641616502121562,-4.41874272222883,9.92767429467645e-06,0.000262800994839467
ENSG00000189057,FAM111B,55.4447704599716,2.64571395957479,0.599026495517356,4.41668937747034,1.00224094313417e-05,0.000264912206239783
ENSG00000011465,DCN,8090.38259051761,-2.54394758108399,0.576376518742286,-4.41369052756547,1.01623200564848e-05,0.000268209411281822
ENSG00000082458,DLG3,315.549943905395,1.7767245666197,0.402705263957411,4.41197254080989,1.02433106903642e-05,0.000269944058029374
ENSG00000206538,VGLL3,653.35529060964,-3.06037989672154,0.693938363086743,-4.41016098765386,1.03293798628766e-05,0.000271807178742927
ENSG00000104413,ESRP1,477.882473844605,3.759261385517,0.852769659338389,4.40829636039535,1.04186917236689e-05,0.000273403156810191
ENSG00000285516,NAALAD2,65.836328290891,-3.79368650646008,0.860588007280062,-4.40824932995551,1.04209538930085e-05,0.000273403156810191
ENSG00000164638,SLC29A4,337.259965671336,-2.58074080584192,0.585528999741562,-4.40753712793217,1.04552682750831e-05,0.000273897050234512
ENSG00000087074,PPP1R15A,478.895628148489,-1.86144484092959,0.422367892595528,-4.40716463907963,1.04732579906821e-05,0.000273962457173419
ENSG00000127564,PKMYT1,17.1604044577986,4.00997967447821,0.910494233111651,4.40417910256712,1.06185191458883e-05,0.000277351955770669
ENSG00000171435,KSR2,56.0523011477172,2.87566712531944,0.653078448712698,4.40324915174854,1.06641574439468e-05,0.000277806388317252
ENSG00000196507,TCEAL3,99.9867070023116,1.6556673504055,0.376015893966282,4.40318448494619,1.06673379894483e-05,0.000277806388317252
ENSG00000115504,EHBP1,743.863216525107,-1.93732491620722,0.440052955010804,-4.40248132445709,1.07019804692601e-05,0.000278298706820481
ENSG00000138722,MMRN1,149.540465634586,-2.2942241194852,0.521295266425117,-4.40100700552738,1.07749645367011e-05,0.000279785165789259
ENSG00000128872,TMOD2,275.12192007256,-1.21679984669134,0.276539472934579,-4.40009461860513,1.08203687541234e-05,0.000280447309781471
ENSG00000162522,NHSL3,705.219300581945,2.18157001591205,0.495827392600203,4.39985779017075,1.08321841644938e-05,0.000280447309781471
ENSG00000162618,ADGRL4,570.520340060837,-2.47261395443152,0.562016465537045,-4.39954005986065,1.08480551341036e-05,0.000280447600784143
ENSG00000118785,SPP1,370.357593195044,2.38509856553005,0.542178515532368,4.39910195111311,1.08699755531739e-05,0.000280604055046386
ENSG00000161281,COX7A1,138.529124857678,-3.41327262537568,0.776364277207742,-4.3964833591414,1.10018791178004e-05,0.000283595085189598
ENSG00000147799,ARHGAP39,101.745049593657,2.7389696510971,0.623252040225208,4.39464209392301,1.10955407757997e-05,0.000285593082297622
ENSG00000099812,MISP,87.0136062464993,3.4637145475826,0.788270056958292,4.39407093673973,1.11247488163386e-05,0.000285928682150168
ENSG00000221968,FADS3,275.548437863302,-2.62260053580135,0.596921696427472,-4.39354198632316,1.11518639287498e-05,0.000286209593399249
ENSG00000107954,NEURL1,20.8458540310304,3.75541040992977,0.854970848278277,4.3924426399945,1.12084207122706e-05,0.000287244207905915
ENSG00000170989,S1PR1,363.348013013474,-2.91956961570954,0.664849478028174,-4.39132422028587,1.12662396775596e-05,0.000288308127667564
ENSG00000131386,GALNT15,451.399770810211,-2.46499375913975,0.561587486430952,-4.38933170467435,1.13699529801038e-05,0.00029054173200459
ENSG00000223509,WHAMMP1,138.719203676248,-1.58926536330826,0.362119085589149,-4.38879204812585,1.13981993510269e-05,0.000290843231059464
ENSG00000249967,NA,10.9430182041377,-6.84606858904042,1.56003292520771,-4.38841288438121,1.14180853594074e-05,0.000290930840648992
ENSG00000187164,SHTN1,559.5451223046,1.35903178989415,0.309715705463712,4.38799765694601,1.14399007937247e-05,0.000291067288827962
ENSG00000106538,RARRES2,561.592525354299,-3.02911964163769,0.690488372406958,-4.38692346270589,1.14965221275668e-05,0.000291804504572314
ENSG00000274110,LAIR1,74.8673599327693,-3.55186767651113,0.80966759311669,-4.38682208193459,1.15018797538259e-05,0.000291804504572314
ENSG00000091513,TF,691.862356567095,-3.36752155760678,0.768104539722603,-4.38419692041261,1.16414433068322e-05,0.000294922123201595
ENSG00000182636,NDN,173.98230668581,-3.06665902386485,0.699694925440068,-4.38285160055448,1.17135906099261e-05,0.000296325354442521
ENSG00000065361,ERBB3,1352.14695040063,3.23726963460008,0.739174784193761,4.37957260424009,1.18912298917054e-05,0.000300109072092679
ENSG00000123096,SSPN,553.132718238146,-2.16841280269318,0.49513189371716,-4.37946500762455,1.18971022754605e-05,0.000300109072092679
ENSG00000158560,DYNC1I1,27.4538974468759,-2.67984183643577,0.612209934395286,-4.37732497608487,1.20144770348227e-05,0.000302638172944115
ENSG00000175895,PLEKHF2,534.243259023095,1.78069820588729,0.407201576121091,4.37301403115825,1.22542844780403e-05,0.000308239704729995
ENSG00000137265,IRF4,59.7876501870753,-2.09476455977901,0.479070183687658,-4.37256300038232,1.22796365371664e-05,0.000308438654668627
ENSG00000144476,ACKR3,286.954173139454,-2.76574971177978,0.632999504203755,-4.36927626864226,1.24658980758056e-05,0.000312673015141092
ENSG00000112984,KIF20A,23.4961000082359,2.85332996952163,0.653421706843672,4.3667511189742,1.26108283167228e-05,0.00031586016589888
ENSG00000143013,LMO4,248.283579976414,-1.61166727084572,0.369221717161069,-4.36503920527146,1.27099960802074e-05,0.000317893720914156
ENSG00000114480,GBE1,529.704912085103,-2.09747010607271,0.480748899880359,-4.36292232097606,1.28336521226038e-05,0.000320533150401134
ENSG00000168502,MTCL1,179.373817419663,1.96213208537272,0.449799304006137,4.36223904282865,1.28738097017919e-05,0.000320940973529968
ENSG00000188536,HBA2,2389.47144016867,-6.65731656536401,1.52619783139933,-4.36202727352854,1.28862801111959e-05,0.000320940973529968
ENSG00000148396,SEC16A,1422.70537263237,1.32717706417524,0.304435954444628,4.35946229346125,1.3038241629271e-05,0.000324268954613781
ENSG00000116711,PLA2G4A,100.991902737003,-2.56563570315469,0.588574259441126,-4.35906882096892,1.30617035122546e-05,0.000324396212369661
ENSG00000185101,ANO9,72.5318777783267,2.55613401146303,0.586512087630697,4.35819493812807,1.31139553407635e-05,0.000325237128037477
ENSG00000121716,PILRB,597.593786278708,1.55777487001107,0.357522052000351,4.35714345813147,1.31770905311332e-05,0.000326345226697519
ENSG00000205269,TMEM170B,392.300280613308,-2.54127851796837,0.583325928944944,-4.35653275787818,1.32138924987306e-05,0.000326798966510565
ENSG00000122729,ACO1,1012.07062074282,-2.67699357569338,0.615053380945003,-4.35245729660131,1.34620099186915e-05,0.000332470281274052
ENSG00000166148,AVPR1A,290.486912813126,-2.45149811654967,0.563372408585438,-4.3514699676278,1.35227846572113e-05,0.000333505440855602
ENSG00000168994,PXDC1,229.752889572693,-2.52317032617563,0.579915888857506,-4.35092463347837,1.35564646474444e-05,0.000333870423900779
ENSG00000186994,KANK3,90.963636054177,-2.89882006279902,0.666343682741163,-4.35033772793349,1.3592801492567e-05,0.000334299734065456
ENSG00000019169,MARCO,95.8273618003636,-4.57644427872529,1.05246288428262,-4.34831892608229,1.37185014770615e-05,0.000336922585581777
ENSG00000180071,ANKRD18A,247.570731473299,2.57013764912206,0.591127870253671,4.34785395589474,1.37476093745643e-05,0.000337169176935397
ENSG00000138207,RBP4,812.163578489819,-7.20805612519247,1.65854722528839,-4.34600595948609,1.38638803838439e-05,0.000339549857101818
ENSG00000145390,USP53,1012.21418403133,-1.17035654302263,0.269517905904754,-4.3424073776984,1.409299053078e-05,0.000344069818490727
ENSG00000120279,MYCT1,161.597799029965,-2.7827929906472,0.64087065382762,-4.34220692432534,1.41058583547006e-05,0.000344069818490727
ENSG00000140983,RHOT2,241.26842716728,1.23904062904581,0.285349098515573,4.34219219717698,1.4106804185137e-05,0.000344069818490727
ENSG00000186160,CYP4Z1,445.677146812242,3.23370819293219,0.744814717268594,4.34162767995634,1.41431051417971e-05,0.000344480066422036
ENSG00000187079,TEAD1,1326.03790823676,-2.12438927202191,0.489629012029997,-4.33877327492137,1.43280242720917e-05,0.000348341632954437
ENSG00000175161,CADM2,88.5356895988302,-2.66097518100366,0.6133295002691,-4.33857360494832,1.43410455686722e-05,0.000348341632954437
ENSG00000143742,SRP9,1796.23562699661,1.05601226347064,0.243470125788844,4.33733814384476,1.44218663411824e-05,0.000349824228410326
ENSG00000273831,LRRC56,25.7999146407223,2.82171633589061,0.650881009152674,4.3352260954179,1.4561038190951e-05,0.000352612988101974
ENSG00000148468,FAM171A1,117.361267168266,-2.08139757893509,0.480139028542623,-4.33498935767169,1.45767174293131e-05,0.000352612988101974
ENSG00000137960,GIPC2,65.146766923799,-2.83460834077535,0.653976934420011,-4.33441638624345,1.46147322281739e-05,0.000353049603812568
ENSG00000134548,SPX,310.746838944042,-8.19312049417156,1.891283732085,-4.33204196450167,1.47732774349422e-05,0.00035639272153081
ENSG00000177732,SOX12,87.8230950850429,2.42101282999527,0.558902193687791,4.33172898109553,1.47942979380049e-05,0.000356413583702645
ENSG00000213949,ITGA1,1599.19885328759,-2.15575449981003,0.497942082964083,-4.32932779446465,1.49565171297834e-05,0.000359831418239402
ENSG00000080493,SLC4A4,171.816934212087,-3.37173995352973,0.779314499529364,-4.3265459010014,1.5146576793332e-05,0.000363908855212623
ENSG00000157150,TIMP4,458.946190440763,-4.00607044848217,0.926386228469692,-4.32440630631982,1.52943187523102e-05,0.00036695988941262
ENSG00000138336,TET1,275.760363206565,-1.25469710486178,0.290509377244785,-4.31895561087022,1.56769306447856e-05,0.000375630304324857
ENSG00000177606,JUN,2126.28786899891,-1.68705531080567,0.390875016191445,-4.31609911332725,1.58810694501157e-05,0.00037954741399531
ENSG00000086570,FAT2,271.707798393468,-3.69614632504092,0.856368970520268,-4.31606755064398,1.58833391594486e-05,0.00037954741399531
ENSG00000169692,AGPAT2,654.702296607123,-3.0046097125019,0.696297607961679,-4.31512284136305,1.59514176202121e-05,0.00038065980806776
ENSG00000172403,SYNPO2,1561.37102992913,-2.1837865338544,0.506582720286975,-4.31081923326817,1.62650830686335e-05,0.000387621919006262
ENSG00000116183,PAPPA2,47.4288666558288,-2.88649405895699,0.669816180923066,-4.30938239649443,1.63711086302663e-05,0.000389623571882905
ENSG00000138039,LHCGR,23.6704555192274,-5.65444967312812,1.31226139347476,-4.30893547676169,1.64042213573214e-05,0.000389886890136443
ENSG00000105514,RAB3D,372.772968936248,1.42845231850127,0.331673745471551,4.30679949198391,1.65633621352346e-05,0.000393140849177655
ENSG00000177301,KCNA2,61.9082563617766,-3.69034974380147,0.856993796118444,-4.30615689461938,1.66115258224064e-05,0.000393755510881519
ENSG00000143412,ANXA9,69.2553906780376,3.577772278099,0.830935327762454,4.30571689343531,1.6644581562098e-05,0.000394010891248433
ENSG00000162782,TDRD5,89.1591644307091,2.30190453124062,0.534699431548469,4.30504390957438,1.669526176733e-05,0.000394464381990718
ENSG00000020181,ADGRA2,613.989289839336,-2.31929110398158,0.538759800380277,-4.30487037515519,1.67083539055052e-05,0.000394464381990718
ENSG00000154265,ABCA5,614.06007418697,-1.49251264290823,0.346762605615657,-4.30413377549278,1.6764034951968e-05,0.000395251240074201
ENSG00000198838,RYR3,127.32797536254,-1.90627085506827,0.443007264972921,-4.30302391358026,1.68482657202433e-05,0.00039670823266453
ENSG00000127951,FGL2,819.197722701773,-2.22856265623128,0.517960840377031,-4.30256977459739,1.68828478482483e-05,0.000396993880984806
ENSG00000008283,CYB561,361.469504114167,1.47423269128766,0.342850011825282,4.29993478325716,1.70848379268432e-05,0.000401210078433423
ENSG00000112379,ARFGEF3,1214.34526489704,2.26427608506476,0.526657201553777,4.29933565587739,1.71310854036412e-05,0.000401762577178497
ENSG00000174099,MSRB3,635.10392098832,-2.17197382812673,0.505327558951422,-4.29815035743088,1.72229319404762e-05,0.000402894211669041
ENSG00000203805,PLPP4,19.864816845003,3.43776113674086,0.799828107580572,4.2981249397947,1.72249066347223e-05,0.000402894211669041
ENSG00000172348,RCAN2,115.904794915968,-2.18240925525098,0.507848977508178,-4.29735876590562,1.72845319949061e-05,0.00040375479427467
ENSG00000188322,SBK1,65.0177510087948,3.25782071025618,0.758399039034868,4.29565511370117,1.74178196585574e-05,0.000406331536968696
ENSG00000101400,SNTA1,147.897709744636,-1.68663073686054,0.392995704901992,-4.29172816858435,1.77287902210908e-05,0.000413041103398614
ENSG00000181450,ZNF678,322.758159464033,1.24295324096644,0.289775958123989,4.28935943828232,1.79189176041576e-05,0.000416921342097789
ENSG00000165140,FBP1,124.490391726663,1.64125912676813,0.382684044274304,4.28880992381195,1.7963301449155e-05,0.000417404808837592
ENSG00000171428,NAT1,703.02128249148,3.94299013351251,0.919868357612108,4.28647219016006,1.81532915903188e-05,0.000421265951695022
ENSG00000079102,RUNX1T1,258.56384850056,-1.84114608878295,0.429646245440603,-4.28526050982908,1.82525178984789e-05,0.000423013465267107
ENSG00000018625,ATP1A2,316.936722809442,-2.59950223037262,0.606755584864178,-4.28426584809188,1.83343581838676e-05,0.000424353999692841
ENSG00000130202,NECTIN2,505.161806201455,1.48134440557425,0.345870176629273,4.28294922681945,1.84432268767917e-05,0.000426315791976872
ENSG00000145730,PAM,1096.5582544048,-2.0064585623365,0.468549906798343,-4.2822728875284,1.84993911239731e-05,0.000427055787526391
ENSG00000168542,COL3A1,1141.68209302913,4.03716190062531,0.943039654146575,4.28100969336101,1.86047252925356e-05,0.000428927454169371
ENSG00000115641,FHL2,518.985131253991,1.89673415370432,0.443119959232253,4.28040785387006,1.86551116860648e-05,0.000429529088469641
ENSG00000073792,IGF2BP2,58.9782544024161,-2.44516686874433,0.571308278142348,-4.27994300501819,1.86941180781332e-05,0.000429867477211482
ENSG00000132837,DMGDH,59.0547406438197,-2.11254051199009,0.493812970573144,-4.27801746385513,1.88565230444456e-05,0.000433038827266144
ENSG00000178385,PLEKHM3,357.575393269045,-1.63617758521412,0.38268885276848,-4.27547751489897,1.90728050838646e-05,0.00043743762943966
ENSG00000232414,CYP21A2,14.0452333061741,5.74738651755942,1.34493966251264,4.27334153178444,1.92565155781221e-05,0.000441078970165717
ENSG00000065534,MYLK,1507.73173546397,-1.95960493927048,0.458768419566927,-4.27144689061275,1.94208782012017e-05,0.000444268291373673
ENSG00000103024,NME3,163.409499888733,1.53751348236786,0.360064531146859,4.27010535436704,1.95380652731178e-05,0.000446371586853414
ENSG00000106688,SLC1A1,371.859010785826,2.81750699938581,0.660077526176715,4.26844861043112,1.96837161335639e-05,0.000448600460493901
ENSG00000164946,FREM1,310.157133041416,-3.33805331330976,0.782035132365274,-4.26841861082862,1.96863630234274e-05,0.000448600460493901
ENSG00000092964,DPYSL2,1429.88078120404,-1.74390358461437,0.409056348039549,-4.26323559815715,2.0148788076191e-05,0.000458547000709505
ENSG00000179241,LDLRAD3,393.088549968411,1.60637525666008,0.376962857821798,4.26136215632008,2.03184661825483e-05,0.00046151986819819
ENSG00000184005,ST6GALNAC3,67.6158648950321,-3.11372685577932,0.73071294657358,-4.26121758260893,2.03316166559062e-05,0.00046151986819819
ENSG00000172164,SNTB1,156.45272854611,-1.35292083293853,0.317697968735298,-4.25851269469641,2.05791534928228e-05,0.000466539963094341
ENSG00000274180,NATD1,238.119433758943,-1.85532627668201,0.435738148824136,-4.25789268552389,2.06362962928212e-05,0.000467236398650394
ENSG00000204291,COL15A1,1879.67535710661,-2.07863448675905,0.488552657261951,-4.25467849956762,2.09349596890743e-05,0.000473392445245398
ENSG00000250687,NAIPP1,21.0366067294784,5.28645917440872,1.2435592457801,4.25107142450012,2.12750301929731e-05,0.000480296973605093
ENSG00000092068,SLC7A8,424.011808237618,1.8059686753047,0.424847309299291,4.25086527741772,2.12946234975057e-05,0.000480296973605093
ENSG00000155016,CYP2U1,117.154418428603,-2.03407994300506,0.478772594381897,-4.24853044404325,2.15177408004269e-05,0.000484711096272546
ENSG00000006210,CX3CL1,398.126328663455,-2.68925483449738,0.633294949985168,-4.24644920121401,2.17184992844584e-05,0.00048814345422398
ENSG00000160161,CILP2,26.3418285037798,3.52641003119784,0.830451124922516,4.24637877578511,2.17253236709988e-05,0.00048814345422398
ENSG00000167772,ANGPTL4,211.639665307388,-2.51328152966015,0.591985929241016,-4.24550889728481,2.18097853964724e-05,0.000489419333966779
ENSG00000072657,TRHDE,66.4922686793766,-3.31698825864435,0.782166182985566,-4.24077175771426,2.22752558734618e-05,0.000498640538364672
ENSG00000236515,ZBTB9,36.3739257329211,5.75226881099589,1.35651031257232,4.24049029165725,2.23032081906216e-05,0.000498640538364672
ENSG00000183206,POTEC,347.970662442098,2.44315678102795,0.576152462581779,4.24046921552673,2.23053025983405e-05,0.000498640538364672
ENSG00000132465,JCHAIN,1734.63244726206,-3.05127997976549,0.720043780922989,-4.23763118383469,2.25890437396663e-05,0.000504069746282005
ENSG00000235336,SLC44A4,159.65162408528,9.25369111713356,2.18377693405127,4.23747085741327,2.26051749590924e-05,0.000504069746282005
ENSG00000172057,ORMDL3,637.111527602098,-1.30540961333331,0.308139000826257,-4.23643099326255,2.27100671928067e-05,0.000505770929685644
ENSG00000237825,RGL2,437.906436936021,1.8179635788057,0.429170502608201,4.23599377813102,2.27543077405688e-05,0.000506118772045884
ENSG00000147202,DIAPH2,541.943713600924,-1.87658946858377,0.443094521453114,-4.23518995998768,2.28358578927759e-05,0.0005072945667311
ENSG00000233312,C4B_2,743.964645701034,2.41718575635397,0.571822161126165,4.2271634796271,2.36655730695817e-05,0.000525066911655475
ENSG00000004776,HSPB6,205.336458244294,-3.68122009013503,0.87103658771213,-4.22625196468973,2.37615918121579e-05,0.000526536626584447
ENSG00000081923,ATP8B1,607.761306900821,1.36874781523837,0.323928344095496,4.22546479858166,2.38448098497065e-05,0.000527227825345842
ENSG00000198829,SUCNR1,70.3862637709942,-3.05255030189859,0.722429916095654,-4.22539298814754,2.38524153297898e-05,0.000527227825345842
ENSG00000285248,IPO4,179.278455482952,1.43295229963541,0.339198247226275,4.22452743005923,2.3944268796652e-05,0.000528597384683143
ENSG00000167700,MFSD3,54.6436461939228,2.3010690448218,0.544773526840855,4.22390026579617,2.40110339557943e-05,0.000529410365885673
ENSG00000155962,CLIC2,150.511348404946,-2.52845386454144,0.598652683342582,-4.22357392674463,2.40458446048796e-05,0.000529517646510693
ENSG00000108700,CCL8,34.2001017598988,-3.12063103990039,0.739131793796494,-4.22202246756496,2.42119968455976e-05,0.00053251335848346
ENSG00000124440,HIF3A,97.5306121387538,-2.84007042473847,0.673135095996732,-4.21916854674333,2.45204917943042e-05,0.000538628393041839
ENSG00000171659,GPR34,295.437422760519,-2.49134786390949,0.590533142081565,-4.21881125101254,2.45593760701393e-05,0.000538813209737312
ENSG00000168672,LRATD2,842.333707738249,1.66822768661822,0.395637048716536,4.21656084037129,2.48056384776921e-05,0.000543541642132626
ENSG00000164736,SOX17,66.2671648304251,-2.84685172164467,0.675371397509799,-4.21523880362933,2.49514023946852e-05,0.000546058970971804
ENSG00000168917,SLC35G2,103.784756855358,-1.98201763428308,0.470269679447965,-4.2146404943855,2.50176377113104e-05,0.000546321449367856
ENSG00000198053,SIRPA,383.580095833343,-1.55517613031696,0.369039966758939,-4.21411302405849,2.50761695582331e-05,0.000546321449367856
ENSG00000176842,IRX5,182.984209739135,2.02044006630814,0.479456850511197,4.21401855902976,2.50866658117384e-05,0.000546321449367856
ENSG00000175556,LONRF3,86.1388316412688,-1.86971258626313,0.443689035305511,-4.21401575762562,2.50869771467906e-05,0.000546321449367856
ENSG00000105810,CDK6,469.473039607968,-1.11109735834299,0.263727833678131,-4.21304548271171,2.5195030367244e-05,0.00054799965803687
ENSG00000135835,KIAA1614,100.534257182534,-1.60671927514022,0.381531704132304,-4.21123397541574,2.53979520701866e-05,0.000551734627097186
ENSG00000276480,MYH11,215.687638125135,-3.85313431399189,0.915123128560492,-4.21050915853581,2.54795793615757e-05,0.000552828713927292
ENSG00000291631,NMB,65.0604780321612,-3.76211632827453,0.894194580668032,-4.20726809310781,2.58476433852485e-05,0.000560127301447732
ENSG00000181804,SLC9A9,154.042213730799,-1.99752768884472,0.475174529346112,-4.20377685561876,2.62497729323994e-05,0.000568145330188028
ENSG00000074855,ANO8,122.458500255835,1.51982551343275,0.361634500492337,4.2026563045385,2.63800972204851e-05,0.000570268042970462
ENSG00000158555,GDPD5,207.439603918619,-1.93598283535518,0.46077486266532,-4.20158084179467,2.65057560817572e-05,0.000572284841017964
ENSG00000164687,FABP5,202.096525344576,-3.3298107269028,0.792676395604548,-4.20071891299761,2.66068759837098e-05,0.000573767546365781
ENSG00000153406,NMRAL1,63.8623709738068,2.60502250512824,0.620184314008096,4.20040050399313,2.66443238524289e-05,0.000573875248090743
ENSG00000077684,JADE1,500.530815028385,-1.08275656408061,0.25797633146327,-4.19711590570768,2.70335598379345e-05,0.000581550411939412
ENSG00000213625,LEPROT,919.282243023706,-1.24210902524002,0.29602162926794,-4.19600766441206,2.7166105736264e-05,0.000583691674039315
ENSG00000163659,TIPARP,574.85526191699,-1.30044477458348,0.310069376054318,-4.19404454297241,2.74024136427071e-05,0.000588054466558239
ENSG00000278437,LILRB5,34.6026465122157,-4.50866287629168,1.07563370423771,-4.19163406513643,2.76952451855407e-05,0.000593618206807171
ENSG00000106025,TSPAN12,59.2667837820797,-2.09955504458226,0.50166696418629,-4.18515707524765,2.84968977271805e-05,0.00061006131054447
ENSG00000167880,EVPL,154.045700915028,3.57615662049346,0.854717867722433,4.18401996207573,2.86398945346998e-05,0.000612235622271609
ENSG00000292084,PROM2,424.084790304412,3.74808526530299,0.895856827367587,4.18379940946198,2.86677088300001e-05,0.000612235622271609
ENSG00000117480,FAAH,181.291501041505,1.59941188730677,0.382346247219541,4.18315047927855,2.87496956125705e-05,0.000613245919803479
ENSG00000131747,TOP2A,193.425636262439,2.01622963352144,0.482079871728388,4.18235597825876,2.88503775429327e-05,0.00061432091813152
ENSG00000101445,PPP1R16B,178.047509660171,-2.64838144123643,0.633260458434882,-4.18213612734003,2.88782969659189e-05,0.00061432091813152
ENSG00000183569,SERHL2,289.925591102385,2.65414399129709,0.634669419092591,4.18193142989591,2.89043150984236e-05,0.00061432091813152
ENSG00000105289,TJP3,194.977645077605,3.76788341701392,0.901352769608324,4.18025388511451,2.91183811281159e-05,0.000617058181502908
ENSG00000144036,EXOC6B,503.683857078051,-1.12233799954536,0.268492725061253,-4.18014305337067,2.91325769479539e-05,0.000617058181502908
ENSG00000175183,CSRP2,127.027328141781,-2.27017509074711,0.54309079102083,-4.18010234804374,2.91377923177588e-05,0.000617058181502908
ENSG00000180900,SCRIB,57.2558732178906,3.41660241094351,0.817623402108616,4.17869938914693,2.93180898151184e-05,0.000620133710766434
ENSG00000157827,FMNL2,502.308904380152,-1.32852753869894,0.318076838142044,-4.17675033007483,2.95703285594922e-05,0.000624721768121268
ENSG00000178573,MAF,569.165826835624,-1.74233807755528,0.417223627427122,-4.17602926349041,2.9664167498541e-05,0.000625956412740694
ENSG00000162496,DHRS3,540.060311019095,-2.39722144745806,0.574193735113037,-4.17493487104337,2.98071316836123e-05,0.000628223491729816
ENSG00000142279,WTIP,418.954127765313,-2.06837809752425,0.495558346849254,-4.1738336377037,2.99516503752824e-05,0.000630240220602612
ENSG00000282331,LRRC37A4P,101.874883258013,-3.97781968612924,0.953076390874925,-4.17366301821578,2.99741008610981e-05,0.000630240220602612
ENSG00000053254,FOXN3,1222.2524911515,-1.31273520962523,0.314582124020485,-4.17294915822919,3.00682056811393e-05,0.000631468029761979
ENSG00000091136,LAMB1,1787.43565816077,-1.20726512435762,0.28936841935534,-4.17206938838448,3.01845679079608e-05,0.000633159803459634
ENSG00000175482,POLD4,247.994353692634,1.62402784589172,0.38933998477653,4.17123313657051,3.02955708889855e-05,0.000634735284395651
ENSG00000157554,ERG,219.640561528624,-2.4405948503004,0.58536515172649,-4.16935453554426,3.05463502821478e-05,0.000639232085253515
ENSG00000105738,SIPA1L3,648.521746125979,1.93028704153102,0.463083558001441,4.1683342199876,3.06833803179893e-05,0.000641340678679676
ENSG00000140450,ARRDC4,207.877176584859,-1.60477200885424,0.385061429962318,-4.16757401283034,3.07858569235203e-05,0.000642722913788204
ENSG00000132561,MATN2,514.54459945184,-1.82585894580612,0.438397995525352,-4.16484328040349,3.11566510173771e-05,0.000649662221744693
ENSG00000163050,COQ8A,486.12311921119,-1.620472308461,0.389132372278234,-4.16432151088766,3.12279810031248e-05,0.000649662221744693
ENSG00000143375,CGN,263.231584396861,3.59045023662317,0.862194058668443,4.16431799839609,3.12284617136792e-05,0.000649662221744693
ENSG00000184500,PROS1,295.560545965848,-2.38645335904406,0.57319063071669,-4.16345493306503,3.13467919790652e-05,0.000651357605835264
ENSG00000147257,GPC3,572.608476414588,-2.48996385299533,0.598124143289095,-4.16295493324007,3.14155390538536e-05,0.000651607550280988
ENSG00000107104,KANK1,1430.00280797455,-1.34231438851064,0.322452243850754,-4.16283159478314,3.14325193909225e-05,0.000651607550280988
ENSG00000174514,MFSD4A,47.3661971966983,-1.83950212050653,0.442006276571384,-4.16171040550699,3.15872770025075e-05,0.000654048968659648
ENSG00000029993,HMGB3,170.297652789287,2.1425237433507,0.51509356911411,4.15948455158458,3.18966592349009e-05,0.00065968260263246
ENSG00000034971,MYOC,105.784374710976,-8.33372899762373,2.00384255417836,-4.15887414919225,3.19820037466477e-05,0.000660674967584079
ENSG00000273686,B2M,910.454634367897,-3.19051786898795,0.767232754771919,-4.15847452959229,3.20379947486177e-05,0.000660753552981859
ENSG00000109586,GALNT7,970.790416625534,2.3481502006609,0.564698174465922,4.15823940440701,3.20709818199527e-05,0.000660753552981859
ENSG00000106484,MEST,895.428834238802,-2.79216211249084,0.671507963815948,-4.15804765236729,3.20979077086138e-05,0.000660753552981859
ENSG00000140479,PCSK6,463.550234549762,1.82237280129961,0.438389051738657,4.15697607883238,3.22487742614088e-05,0.000663087296819176
ENSG00000198774,RASSF9,95.3940365057408,-2.06417039597342,0.49690030227715,-4.15409366127153,3.26579395413714e-05,0.000670171097345976
ENSG00000144366,GULP1,226.169232610191,-2.16861925281847,0.522102053212729,-4.1536309606024,3.27240785265754e-05,0.000670171097345976
ENSG00000008735,MAPK8IP2,100.278894970604,2.323294361446,0.559345980574019,4.15359087601158,3.27298142511695e-05,0.000670171097345976
ENSG00000004478,FKBP4,547.561974284364,1.49326210687595,0.35952023432825,4.15348557409029,3.2744886507206e-05,0.000670171097345976
ENSG00000162069,BICDL2,141.747966488533,4.09702002793614,0.986780960386924,4.15190421421352,3.29720269721415e-05,0.000674039714391188
ENSG00000184986,TMEM121,17.6889006094546,3.78370410486008,0.912082423483067,4.14842344007775,3.34772763986833e-05,0.000683578150759719
ENSG00000105538,RASIP1,83.9299027654558,-2.29780655696258,0.553957716204546,-4.14798185808486,3.35418971228098e-05,0.000684107689530157
ENSG00000266524,GDF10,44.9336712271328,-3.52969639526921,0.851120600945729,-4.14711662641835,3.36688580484388e-05,0.00068590601021952
ENSG00000281965,PKD1P3,126.449801746705,1.37991978406527,0.332827033830023,4.14605679167877,3.38249963691049e-05,0.000688293913457861
ENSG00000105519,CAPS,164.501730892256,2.36783654538345,0.571200610065677,4.14536767583494,3.39268878846531e-05,0.000689573745361288
ENSG00000126368,NR1D1,120.893861838428,-1.84786039603876,0.446009002237212,-4.14310111851951,3.42640774826045e-05,0.000695627648823072
ENSG00000075461,CACNG4,83.6127307657841,5.3191425383681,1.28416206864494,4.14211155137212,3.44122887273163e-05,0.000697835437574695
ENSG00000114698,PLSCR4,470.353317472584,-2.35000939645951,0.567412462473586,-4.14162457097761,3.44854489913478e-05,0.000698016997881676
ENSG00000136859,ANGPTL2,981.564956515955,-2.45777620780574,0.593446925038079,-4.14152656979062,3.45001897952036e-05,0.000698016997881676
ENSG00000111452,ADGRD1,156.301555244605,-2.67739544470185,0.646866508680253,-4.13902313502721,3.48787780395755e-05,0.000704870208084358
ENSG00000122691,TWIST1,82.4978021988702,-2.90914696386951,0.703142295033354,-4.13735169171059,3.51337391595495e-05,0.000709212225523189
ENSG00000160401,CFAP157,40.5671334679766,2.48021097928133,0.599573340464788,4.13662651738097,3.52449065329916e-05,0.000710645019638415
ENSG00000074416,MGLL,1924.19602102644,-2.71064643151775,0.655378052963298,-4.13600427915085,3.53405602614432e-05,0.000711762103762074
ENSG00000140092,FBLN5,466.414056609131,-2.59044426585205,0.627028600764877,-4.13130160680408,3.60714931398891e-05,0.000725656670298816
ENSG00000110799,VWF,3895.25633369009,-2.28045623593178,0.552208046756673,-4.12970482651558,3.63229274548512e-05,0.000729884187190378
ENSG00000173376,NDNF,94.0168545763257,-2.72730479791922,0.660453305550555,-4.1294437850466,3.63641898385298e-05,0.000729884187190378
ENSG00000251056,ANKRD20A17P,32.8056757517827,-3.51700671271101,0.852070503762762,-4.12760058842529,3.66568099183826e-05,0.000734923321753697
ENSG00000135127,BICDL1,49.3772153502447,2.83307623618721,0.686570381058476,4.12641779247671,3.68457630105267e-05,0.000737875002621907
ENSG00000108821,COL1A1,18182.9012080558,2.1361581729339,0.518157805799916,4.12260154922527,3.74617374114222e-05,0.00074936188082147
ENSG00000171302,CANT1,402.307467268996,1.6824398483171,0.408157252560453,4.1220383510591,3.75534660649522e-05,0.000750347955284238
ENSG00000275395,FCGBP,288.44255096038,2.88591922654893,0.700452542557089,4.12007816548645,3.78743887792804e-05,0.000755039554341776
ENSG00000189060,H1-0,785.868874195267,1.38565007444725,0.336325049760029,4.11997285196545,3.78917042550178e-05,0.000755039554341776
ENSG00000165810,BTNL9,619.258212177762,-3.1279739598091,0.759249611942809,-4.11982292859535,3.79163673729287e-05,0.000755039554341776
ENSG00000115884,SDC1,611.591619091432,3.71908126186386,0.902959279759605,4.11876963361403,3.80900695741745e-05,0.000757645332148626
ENSG00000291676,PCDHB4,45.8367769759168,-2.35759604809801,0.572505421096097,-4.11803270540958,3.82120475695254e-05,0.000759217569856087
ENSG00000154917,RAB6B,49.0987276173487,-2.62270364509584,0.636949048004794,-4.11760352466388,3.82832572793725e-05,0.000759778718822834
ENSG00000143228,NUF2,28.8911557840597,3.38233743358184,0.821652674910806,4.11650510837686,3.84660807942404e-05,0.000762551240677751
ENSG00000055813,CCDC85A,105.696515132054,-2.67986013565237,0.651091656908883,-4.1159491251589,3.85589358190241e-05,0.000763536015775816
ENSG00000136636,KCTD3,1311.71077273554,1.13235590144475,0.275183959822323,4.11490517897874,3.87338608597694e-05,0.000766141903337026
ENSG00000198795,ZNF521,269.031184102971,-1.42692090091457,0.347033323916758,-4.1117691085391,3.92638863306753e-05,0.00077575787931322
ENSG00000007516,BAIAP3,73.9276196038724,2.19687461182729,0.534356618998801,4.11125180023685,3.93519750095439e-05,0.000776630551443934
ENSG00000101335,MYL9,1414.86463113455,-2.46304409445883,0.599331307018329,-4.10965365168802,3.962529845971e-05,0.000781152901519567
ENSG00000079739,PGM1,619.247829600978,-2.27525891404925,0.553764586359094,-4.10871148154973,3.97872763268234e-05,0.000783472613905588
ENSG00000165152,PGAP4,46.1756849623845,-2.83929388924106,0.691672107797678,-4.10497092080456,4.04365742502472e-05,0.000794865116618812
ENSG00000136842,TMOD1,69.5250857033245,-2.45555486782281,0.59823137327849,-4.10469088968976,4.04855853265246e-05,0.000794865116618812
ENSG00000187824,TMEM220,56.6887322254486,-2.06781441280622,0.503784863050914,-4.10455844243427,4.05087858909646e-05,0.000794865116618812
ENSG00000115353,TACR1,48.319270590471,-3.74947027964108,0.913536092704954,-4.10434826777233,4.05456277322947e-05,0.000794865116618812
ENSG00000127415,IDUA,95.8692921089852,1.71655666498681,0.418296281585574,4.10368616828271,4.06618961407073e-05,0.000796261693749863
ENSG00000138796,HADH,715.674195978385,-1.93588784348518,0.47179095731935,-4.10327458263428,4.07343322974924e-05,0.000796337193204019
ENSG00000160293,VAV2,180.159348070267,1.40834107572152,0.34323389960546,4.1031526237367,4.07558197053462e-05,0.000796337193204019
ENSG00000103495,MAZ,617.021734550781,1.36831443376436,0.333534102781216,4.10247234796833,4.08758719886742e-05,0.000797764459898107
ENSG00000291237,SOD2,6599.06740138238,-1.20464081910681,0.293655265495729,-4.10222788640692,4.09190954661304e-05,0.000797764459898107
ENSG00000196074,SYCP2,512.789459262243,2.97115665291063,0.725134852010009,4.09738498249649,4.17843664864593e-05,0.000813736731916366
ENSG00000130699,TAF4,78.2046088644768,2.10616488288286,0.51406346209229,4.09709119241923,4.18374119580275e-05,0.000813873438563036
ENSG00000126218,F10,42.3991328746654,-4.19952542375378,1.02510727008206,-4.0966692426419,4.19137091840113e-05,0.0008144073261023
ENSG00000164741,DLC1,513.829266811299,-2.2047886995187,0.538221945279901,-4.0964303274035,4.19569685052986e-05,0.0008144073261023
ENSG00000156398,SFXN2,240.701040823228,2.19620010258414,0.536488812372646,4.09365498764336,4.24626010749735e-05,0.000823318174132407
ENSG00000163069,SGCB,531.201222413882,-1.75611980810672,0.429687408536969,-4.08697060518036,4.37042467481403e-05,0.000846464616919348
ENSG00000186466,AQP7P1,34.0813000759284,-5.45045699490151,1.33474182484093,-4.08352903420185,4.43568843170275e-05,0.000858164973061265
ENSG00000186522,SEPTIN10,518.98038949691,-1.30914008105796,0.320615441220483,-4.08320970466823,4.4417906342947e-05,0.000858406380177413
ENSG00000149231,CCDC82,363.09527796809,-1.57073681401761,0.384930372846036,-4.08057385132836,4.49246526375907e-05,0.000867251782304058
ENSG00000157388,CACNA1D,661.657414451184,2.86307865068613,0.701812325594509,4.07955025335414,4.51229148697247e-05,0.000869707364392243
ENSG00000147883,CDKN2B,413.541517932891,-2.66608503246405,0.653546784382217,-4.07940960949604,4.51502211452853e-05,0.000869707364392243
ENSG00000114019,AMOTL2,953.753776295365,-2.38053854347847,0.584249922394652,-4.0745209408354,4.61091643432416e-05,0.000886744128941581
ENSG00000174145,NWD2,26.5144954986554,-4.94948048490327,1.21477806073758,-4.07439074253456,4.61349657086611e-05,0.000886744128941581
ENSG00000140688,RUSF1,404.800117407527,1.09728782715418,0.26937197329135,4.07350406111985,4.63110436009486e-05,0.000889161980451221
ENSG00000163687,DNASE1L3,38.9702674590817,-3.75430400904061,0.921809876585018,-4.07275307458084,4.6460673342822e-05,0.000891067339176922
ENSG00000164574,GALNT10,923.961462780117,1.73792963512782,0.427045950857028,4.06965487353296,4.70828326439988e-05,0.000901965859992468
ENSG00000167183,PRR15L,197.275244559125,3.16300360275957,0.777277471916722,4.06933652014869,4.71472078407827e-05,0.000901965859992468
ENSG00000003402,CFLAR,2758.85583942464,-1.04668274536558,0.25722298695538,-4.06916488201402,4.71819499232615e-05,0.000901965859992468
ENSG00000134057,CCNB1,68.0125032555661,1.66420263768547,0.409248331316513,4.06648606808459,4.77273370894569e-05,0.000911406589365947
ENSG00000007314,SCN4A,123.586278738572,-3.05699616522543,0.752187960152696,-4.06413865572223,4.82101619929985e-05,0.000919633543173887
ENSG00000152818,UTRN,4585.58405013072,-1.08808466489315,0.267802324157581,-4.06301427112669,4.84430666203802e-05,0.000923080546388128
ENSG00000112319,EYA4,45.7272459178996,-2.77609437902871,0.683856319143495,-4.05947024443039,4.91841747518747e-05,0.000936193500686114
ENSG00000061938,TNK2,483.04098278724,1.79634520926038,0.442562207148438,4.05896658197449,4.92903661745975e-05,0.000937205962435923
ENSG00000189159,JPT1,126.824698049985,1.86619838926825,0.459897033206697,4.05786133529916,4.9524156953601e-05,0.000940639814619255
ENSG00000261150,EPPK1,856.170612664991,3.50431021721911,0.863832545078489,4.05670084692248,4.97707639785815e-05,0.000944119729340667
ENSG00000184992,BRI3BP,285.455177306822,1.20634883425323,0.297386826369265,4.05649721940039,4.98141552606935e-05,0.000944119729340667
ENSG00000135144,DTX1,156.869577446759,-2.8020270984558,0.69122632338994,-4.0537042697014,5.04129395874789e-05,0.000954445407628897
ENSG00000153303,FRMD1,69.6433875576081,-2.99480946780511,0.739394510712673,-4.05035393746504,5.1140222828748e-05,0.000966391183929199
ENSG00000106004,HOXA5,36.0050251799052,-3.09924709703579,0.765190547943114,-4.05029453822552,5.11532063653074e-05,0.000966391183929199
ENSG00000158578,ALAS2,13.6926276977329,-5.31475708101881,1.31284441593159,-4.04827641152548,5.15961910043329e-05,0.000973123671419409
ENSG00000163606,CD200R1,46.9454630276578,-2.70557484148756,0.668345152983158,-4.04817006513959,5.16196348917834e-05,0.000973123671419409
ENSG00000138678,GPAT3,46.8997461265945,-2.45885334280843,0.607615899389924,-4.04672317705517,5.19396037180766e-05,0.000977138963029755
ENSG00000204580,DDR1,571.332490610861,1.96594869635885,0.485814414777148,4.0467072127958,5.19431445596318e-05,0.000977138963029755
ENSG00000214517,PPME1,254.208166015786,1.15661158552363,0.28593633950188,4.04499682530217,5.2323833170999e-05,0.000983254348525798
ENSG00000149418,ST14,248.439017178376,2.15174588218738,0.532137199948322,4.04359229611527,5.26384210208697e-05,0.000987142963392354
ENSG00000113319,RASGRF2,419.240344814387,-2.1898305136957,0.541558095177821,-4.04357451803331,5.26424144364073e-05,0.000987142963392354
ENSG00000102890,ELMO3,81.0311107342909,2.53248807824293,0.626507801239023,4.04222912026716,5.29454598000385e-05,0.000991773904283985
ENSG00000235750,KIAA0040,1194.65430202621,1.74981526059559,0.432917690331556,4.04191212249948,5.30171025002788e-05,0.000992064998425851
ENSG00000072858,SIDT1,208.380875525494,2.12335545579411,0.525757548308197,4.03865900285544,5.37576477025862e-05,0.00100485886292266
ENSG00000085276,MECOM,197.275911356998,-1.80056200123487,0.445869205836513,-4.03831881113378,5.38356530218561e-05,0.0010051587352032
ENSG00000204592,HLA-E,1846.10317460106,-1.86128422022592,0.46093143275943,-4.03809349491112,5.38873766313765e-05,0.0010051587352032
ENSG00000164236,ANKRD33B,126.20838509298,-1.91915780577022,0.475308787564834,-4.03770739355086,5.39761195778623e-05,0.00100575313223956
ENSG00000281703,NA,53.7553822429075,2.35920573086506,0.584388893644229,4.03704751497437,5.41281091163777e-05,0.00100652016735848
ENSG00000135903,PAX3,27.110568082483,-5.52420280791172,1.36838139233387,-4.03703444000347,5.41311247615177e-05,0.00100652016735848
ENSG00000050438,SLC4A8,424.664532824139,2.62446201865328,0.650580675412376,4.03403008702917,5.48282930702239e-05,0.00101841250668148
ENSG00000170276,HSPB2,49.0420456971744,-3.09549908999462,0.767540193208188,-4.0330123651974,5.50663809276961e-05,0.00102176160959543
ENSG00000118971,CCND2,1282.70475147537,-2.41091035389196,0.598031954846652,-4.03140724229388,5.54438781542158e-05,0.00102666693412001
ENSG00000147862,NFIB,2581.58749030522,-2.08325107537383,0.516756926974398,-4.03139458153222,5.54468654687899e-05,0.00102666693412001
ENSG00000090776,EFNB1,225.687722124945,-2.17887476587128,0.540616182787112,-4.03035431651015,5.56928382761302e-05,0.00103014273978746
ENSG00000140678,ITGAX,158.467351382856,1.62139137714601,0.402355473351503,4.02974852967773,5.58365536948785e-05,0.00103172181712282
ENSG00000135775,COG2,347.159229454486,1.16834060275189,0.290023267610057,4.02843748496328,5.61487865927373e-05,0.00103640813498891
ENSG00000140009,ESR2,41.5389197817895,-2.60615705739102,0.64715343881321,-4.02710841214157,5.6467000695639e-05,0.00104105326389895
ENSG00000138356,AOX1,224.164919460622,-2.7089486343834,0.672735963071476,-4.02676351954679,5.65498555566303e-05,0.00104105326389895
ENSG00000280938,TRARG1,517.477776022344,-8.51864695328472,2.11556657805576,-4.0266503742527,5.65770619582021e-05,0.00104105326389895
ENSG00000165655,ZNF503,70.7884529811552,-2.18782590973273,0.54343275883186,-4.02593674042688,5.67489450120314e-05,0.00104313055576689
ENSG00000152492,CCDC50,1009.15742607086,-1.26778651092604,0.314955729712951,-4.02528479822067,5.69064014884378e-05,0.00104493862670825
ENSG00000124615,MOCS1,233.183512793558,-1.73517251254286,0.431134388009867,-4.02466739095549,5.70558985542751e-05,0.0010465969441237
ENSG00000178163,ZNF518B,297.126032745263,-2.31656787705284,0.575670038973047,-4.0241244466803,5.71876727142458e-05,0.00104792706384042
ENSG00000135926,TMBIM1,1067.48888681115,-2.05232197387215,0.510194930518575,-4.022623219298,5.7553527011745e-05,0.00105353935626158
ENSG00000182463,TSHZ2,554.582914593025,-2.27107783250672,0.564877993196839,-4.02047496956628,5.80809205362943e-05,0.00106112946116273
ENSG00000187098,MITF,236.798307602663,-1.62052901815775,0.403091799574249,-4.02024804242948,5.81368974652052e-05,0.00106112946116273
ENSG00000104866,PPP1R37,200.722015487291,1.48071856459565,0.368319417475317,4.02020228731188,5.81481902316739e-05,0.00106112946116273
ENSG00000113719,ERGIC1,1520.64241968851,1.19308548519903,0.29684205849451,4.01926024650951,5.83811564240657e-05,0.0010642824629348
ENSG00000072864,NDE1,184.218906146938,1.3076545739563,0.325442877042379,4.01807710723384,5.86749984895235e-05,0.00106853758835247
ENSG00000145990,GFOD1,306.722072715508,-1.55755983963932,0.387831114516954,-4.01607756917407,5.91747858556288e-05,0.0010765305949435
ENSG00000067715,SYT1,1004.3447295788,3.7001998860002,0.921614256165669,4.01491172824811,5.9468047172038e-05,0.00108075383159625
ENSG00000160801,PTH1R,39.3568637147064,-2.98310498905727,0.743085624655779,-4.01448351317405,5.95761076582438e-05,0.00108160606952846
ENSG00000182492,BGN,599.316655961287,1.87075304476555,0.466102334243612,4.01361011804714,5.97970864096271e-05,0.00108450449126301
ENSG00000119333,DYNC2I2,116.639992054988,1.78486445936436,0.44475590243465,4.01313270851222,5.99182042193092e-05,0.00108558771025619
ENSG00000165424,ZCCHC24,720.707449509787,-2.06644058812928,0.515017392309811,-4.01237049269631,6.01120584185885e-05,0.0010879851883479
ENSG00000143409,MINDY1,418.609408202362,1.02260929776962,0.254916857800641,4.0115404943888,6.03238271056476e-05,0.00109070167148177
ENSG00000132749,TESMIN,163.275714402496,3.24904493334985,0.810417332380131,4.00910099467847,6.09503464744878e-05,0.00110090395986554
ENSG00000122707,RECK,263.355951702775,-2.33946599725797,0.583700717010225,-4.00798890438401,6.1237996648482e-05,0.00110496334117363
ENSG00000172159,FRMD3,121.9661253363,-2.22574995682451,0.555361532876634,-4.00774959204625,6.13000643381403e-05,0.00110496334117363
ENSG00000121691,CAT,1955.52978933495,-2.24219813057736,0.55960881443577,-4.0067241128753,6.15667061572861e-05,0.00110863957737199
ENSG00000186193,SAPCD2,44.6520443279579,3.18918515312251,0.79646795601486,4.00416002808155,6.22382248452487e-05,0.00111943550425461
ENSG00000266145,RHOT1P1,14.2761977148639,5.24888117258906,1.31092490619549,4.00395258933797,6.22928539380498e-05,0.00111943550425461
ENSG00000117650,NEK2,46.9647998884087,1.81511019601476,0.453379088658205,4.0035154717582,6.24081177101643e-05,0.00112036826951151
ENSG00000106012,IQCE,263.695494105443,1.2029595187728,0.300511145691713,4.00304459924053,6.25325082259954e-05,0.00112058544072009
ENSG00000107736,CDH23,173.528411474915,-2.4291662833085,0.606837964898016,-4.00298996407836,6.25469563982766e-05,0.00112058544072009
ENSG00000004838,ZMYND10,27.6581675874465,3.20516205278431,0.801076135791365,4.00107044709052,6.30565798958358e-05,0.00112857237074703
ENSG00000131378,RFTN1,451.797931763799,-2.40890575756341,0.602436521786555,-3.99860511514089,6.37168825716557e-05,0.0011392372442008
ENSG00000142875,PRKACB,330.218993803306,-1.69792989760419,0.424659231235121,-3.99833507131297,6.3789606225945e-05,0.00113938546150847
ENSG00000167191,GPRC5B,307.834743855503,-1.63109518300607,0.407973416585818,-3.9980428054752,6.38684028676145e-05,0.00113964174360043
ENSG00000177888,ZBTB41,1020.51027178036,1.19480366724155,0.298881519322461,3.99758295511235,6.39925678623491e-05,0.00114070622732855
ENSG00000107738,VSIR,294.479591106448,-2.36894461290932,0.592721700855864,-3.99672326740976,6.42253067280269e-05,0.00114370201296244
ENSG00000076826,CAMSAP3,110.299990198668,4.58330615505486,1.14708709633357,3.99560431784516,6.45294344690746e-05,0.00114796176027832
ENSG00000135318,NT5E,198.488842811786,-2.429935001407,0.608227601045536,-3.99510807669691,6.4664747454131e-05,0.00114854068163135
ENSG00000164129,NPY5R,53.1626051946397,-4.37660160610356,1.09551741849538,-3.9950086892407,6.46918802751128e-05,0.00114854068163135
ENSG00000148541,FAM13C,89.2601361107082,-1.45027388180718,0.363112258269066,-3.99400970025232,6.4965203877718e-05,0.00115223640939788
ENSG00000051620,HEBP2,776.647540686623,-1.63332189744509,0.409214981104858,-3.99135411180502,6.56970977073053e-05,0.00116404987851531
ENSG00000180287,PLD5,10.4016574896231,-4.57567693682852,1.14732439544989,-3.9881283401407,6.65966348503632e-05,0.00117880710116013
ENSG00000102802,MEDAG,146.315178445378,-3.14917102519951,0.790120092648551,-3.98568654879186,6.72852891133754e-05,0.00118980576739182
ENSG00000263528,IKBKE,77.8534787943435,1.99098961872719,0.49959547437089,3.98520347133714,6.74223266816859e-05,0.0011910379647475
ENSG00000182534,MXRA7,1022.75804239505,-1.97848333922518,0.496564666428923,-3.98434176449479,6.76674283509747e-05,0.00119417478595837
ENSG00000167315,ACAA2,522.116671823715,-1.79925170606477,0.451664776964468,-3.98359977981261,6.78791518788538e-05,0.00119671689199778
ENSG00000171115,GIMAP8,255.934032976749,-2.36953064054482,0.595138690562201,-3.98147638209579,6.84885274118201e-05,0.00120625759982392
ENSG00000179958,DCTPP1,100.445890907579,1.93925673880145,0.487187891101952,3.98051095731282,6.8767294715813e-05,0.00120996226115395
ENSG00000183248,PRR36,44.716923459355,4.88777269006776,1.22832457150155,3.9792191766487,6.91419771734954e-05,0.0012153455093031
ENSG00000068078,FGFR3,46.770968719173,2.58146410865249,0.648891414946745,3.97826824209772,6.94190302144897e-05,0.00121900368548443
ENSG00000113231,PDE8B,192.200947357032,-4.03150636780851,1.01362349992367,-3.97732133095978,6.96959544779529e-05,0.00122265234427941
ENSG00000099139,PCSK5,354.403256495871,-1.86451683433064,0.468840478828554,-3.976868292152,6.98288150533672e-05,0.00122376901544965
ENSG00000197562,RAB40C,121.989216172866,1.36530333190677,0.343487948959368,3.97482163797332,7.04320197171703e-05,0.00123311822243438
ENSG00000102271,KLHL4,20.9008195308069,-3.09586672374091,0.779253825214347,-3.97286047699457,7.10146494247683e-05,0.00124208906605161
ENSG00000284479,SMIM39,21.2645280981511,-6.300810221147,1.58634380947106,-3.97190708819161,7.12995302188411e-05,0.00124583951863613
ENSG00000138772,ANXA3,211.316952970454,-1.7064300664815,0.429838726302281,-3.96993095796925,7.18934612262729e-05,0.00125497736906632
ENSG00000148700,ADD3,1030.23747291865,-1.83553453785053,0.462560794347206,-3.96820171593001,7.2417025832548e-05,0.00126191264919303
ENSG00000150667,FSIP1,96.0602547500173,4.1293514347891,1.04062447058096,3.96814754171961,7.24334863389087e-05,0.00126191264919303
ENSG00000090889,KIF4A,31.2094548750061,2.92450831207216,0.737361664525121,3.96617894958726,7.30340376649095e-05,0.00127112292128799
ENSG00000196586,MYO6,1942.77504412874,1.79401020102962,0.452544615781321,3.9642725567119,7.36201003222712e-05,0.0012797429513285
ENSG00000140876,NUDT7,27.0717084195625,-2.38485449367888,0.601628347809116,-3.96399953952227,7.37043943845486e-05,0.0012797429513285
ENSG00000136869,TLR4,566.196339583838,-1.90987866821018,0.481822510387318,-3.96386351205324,7.37464269300311e-05,0.0012797429513285
ENSG00000241399,CD302,741.227948332542,-1.73446784722204,0.438344148566564,-3.95686323838004,7.59403781359377e-05,0.00131528320873764
ENSG00000197622,CDC42SE1,965.749741517777,1.07445525745093,0.271542793020203,3.95685426042957,7.59432311327903e-05,0.00131528320873764
ENSG00000138166,DUSP5,171.803143537512,1.24594211599813,0.314983429336483,3.95557988121065,7.63492309112622e-05,0.00132102098845778
ENSG00000258947,TUBB3,72.856034601313,1.91534127831967,0.484436994904405,3.95374692367916,7.69367864297363e-05,0.00132988582056405
ENSG00000111716,LDHB,1140.05069468927,-2.22852091250121,0.563706492000327,-3.95333554629333,7.70692398300778e-05,0.00133087438272975
ENSG00000124749,COL21A1,44.3925615340571,-2.6508038450431,0.670684783032725,-3.95238405895629,7.73764218733427e-05,0.00133487538340129
ENSG00000111912,NCOA7,454.144430462125,-1.41624055035498,0.358391485897094,-3.95165791065033,7.76116330153768e-05,0.00133688869495309
ENSG00000284017,PLCL2,161.503747794923,-1.85984406691191,0.470667800858972,-3.95150053502212,7.76626985728767e-05,0.00133688869495309
ENSG00000101846,STS,495.060797892095,-1.11542364081825,0.282291091896081,-3.95132426363943,7.77199331794252e-05,0.00133688869495309
ENSG00000064989,CALCRL,539.388043637526,-1.77086332360117,0.448417333828919,-3.94914110139372,7.84321108230504e-05,0.00134758469197714
ENSG00000139155,SLCO1C1,18.7299559801558,-3.92755208221612,0.994584742446284,-3.94893659091924,7.84991400831309e-05,0.00134758469197714
ENSG00000288292,CLDN7,158.783870933245,2.58862480048984,0.655615630361584,3.94838786723581,7.86792545211536e-05,0.00134758469197714
ENSG00000175899,A2M,5776.74284412035,-1.89195331474421,0.479177572678967,-3.94833444346478,7.86968113295744e-05,0.00134758469197714
ENSG00000119185,ITGB1BP1,734.657496994827,-2.4379611670008,0.617478075803838,-3.94825543210913,7.87227838495946e-05,0.00134758469197714
ENSG00000177363,LRRN4CL,95.180402524423,-1.9426045363244,0.492092781248938,-3.94763875908531,7.89257745081245e-05,0.00134975287294697
ENSG00000112782,CLIC5,161.804708821597,-2.21766530326802,0.562158460566595,-3.94491137077765,7.982949919631e-05,0.00136388892201773
ENSG00000168101,NUDT16L1,92.8495071672295,1.66305039642896,0.421757182185489,3.94314659399812,8.04194640700248e-05,0.00137238537085034
ENSG00000196715,VKORC1L1,1267.79760748856,-2.33116356807064,0.591221687371382,-3.94296017528581,8.04820239536163e-05,0.00137238537085034
ENSG00000180628,PCGF5,613.808885462988,-1.30667473458635,0.331657478867838,-3.93983195870292,8.15387034433404e-05,0.00138906444411232
ENSG00000166750,SLFN5,1123.66103899698,-1.43847658500905,0.365149420048246,-3.93941905978925,8.16791521373428e-05,0.00139011785105354
ENSG00000077152,UBE2T,28.2086833331724,2.7287582672313,0.692823259754051,3.93860660538446,8.19561786107213e-05,0.00139219562924119
ENSG00000105048,TNNT1,79.3856723585218,4.81376592922533,1.22220252647614,3.93859922962555,8.19586976214491e-05,0.00139219562924119
ENSG00000121552,CSTA,52.4498251726637,-3.74743036457512,0.95157712909622,-3.93812571781157,8.21205672804533e-05,0.00139360651748585
ENSG00000111266,DUSP16,507.832979251198,1.22867018497816,0.312017970006351,3.93781866138399,8.22256957407921e-05,0.00139405271120271
ENSG00000157152,SYN2,57.7091704737255,-3.38498888345691,0.8597515795568,-3.9371708804558,8.2447897147907e-05,0.00139581551760809
ENSG00000173391,OLR1,55.3133760170181,2.39701719048188,0.608835005009289,3.93705547604856,8.24875426059184e-05,0.00139581551760809
ENSG00000089356,FXYD3,244.142779376922,3.00145384489155,0.762845576287102,3.93454971516008,8.33528150285743e-05,0.0014091088223234
ENSG00000176399,DMRTA1,20.803090097887,-3.04146371994058,0.773128279203873,-3.93397034069498,8.3554098084982e-05,0.00141116247988227
ENSG00000125637,PSD4,654.802094854851,2.64324968367306,0.672046522475809,3.93313497692893,8.38451243047104e-05,0.00141472646286278
ENSG00000164877,MICALL2,181.742509452905,2.17370636723912,0.552983955567495,3.9308669724574,8.46400962535567e-05,0.00142677866735142
ENSG00000164530,PI16,238.351615059346,-3.30398460495011,0.840781814836617,-3.92965754806691,8.50669254413772e-05,0.00143260804055226
ENSG00000276561,IRF7,58.7589441123415,1.74322083854907,0.443772483027811,3.92818596289537,8.55890194137468e-05,0.00144002914395175
ENSG00000106462,EZH2,108.0391110466,1.59485879258763,0.406113031895761,3.92713029951965,8.59654147581387e-05,0.00144498709996974
ENSG00000278608,MAMDC2,21.1798603403418,-4.32281276608344,1.10096500789368,-3.92638524847731,8.62320025677353e-05,0.00144809164425951
ENSG00000197892,KIF13B,1070.80606485461,1.37509788091952,0.350319383954214,3.92526917979294,8.66328066371268e-05,0.00145344204911225
ENSG00000170373,CST1,24.6793072501398,5.68619988097975,1.45017036967246,3.92105644957017,8.81616053611021e-05,0.00147768878445532
ENSG00000184811,TRARG1,923.527438565555,-8.76365263160835,2.23518557105304,-3.92077183438493,8.82658059896174e-05,0.00147803432510834
ENSG00000196329,GIMAP5,172.839070004113,-2.45970805043467,0.627733001844364,-3.91839849618821,8.91392518331616e-05,0.0014912482404596
ENSG00000286522,H3C2,42.7390018777147,2.2916026112753,0.584914051012217,3.91784503605204,8.93441093608463e-05,0.0014932626520112
ENSG00000173269,MMRN2,448.469079324065,-1.88430833004324,0.481080779153643,-3.9168231442509,8.97235211988912e-05,0.0014981879370727
ENSG00000117155,SSX2IP,189.338074883945,1.56725104160283,0.400268744735909,3.91549693103536,9.02181923549482e-05,0.00150502669378542
ENSG00000198237,GUSBP13,186.652722326991,1.77075473363771,0.452283155503348,3.91514632391521,9.03493970363374e-05,0.00150579489895717
ENSG00000164488,DACT2,12.8467937352493,-4.54949330626222,1.16230204921844,-3.91420914152343,9.07009960967144e-05,0.001508952796125
ENSG00000134532,SOX5,173.943336480651,-2.22669955768642,0.568879283296152,-3.91418640662158,9.07095414964018e-05,0.001508952796125
ENSG00000143811,PYCR2,257.730801255135,1.13121058588101,0.28927469615533,3.9105065217097,9.21027732462178e-05,0.00152949407454182
ENSG00000135424,ITGA7,2094.1297041832,-1.29759630911842,0.331829018933448,-3.91043650518903,9.21294769273018e-05,0.00152949407454182
ENSG00000196747,H2AC13,44.3251130988207,2.19776527320128,0.562093596632359,3.90996319183963,9.23101863376663e-05,0.00152949407454182
ENSG00000171016,PYGO1,137.593152818788,-1.90795231975819,0.487989292197607,-3.90982415037415,9.23633354753047e-05,0.00152949407454182
ENSG00000139263,LRIG3,275.415837945289,-1.98686761137173,0.508177729439643,-3.90978883227057,9.23768405593321e-05,0.00152949407454182
ENSG00000132357,CARD6,165.55591496017,-1.93904184672087,0.496179794289438,-3.90794197796326,9.30856528040362e-05,0.00153978821191185
ENSG00000065325,GLP2R,17.7106301961473,-6.15908735188035,1.57633944687759,-3.9072087957199,9.33684657870223e-05,0.00154302297244104
ENSG00000137203,TFAP2A,315.108587097979,3.53385877893314,0.904722675913935,3.90601327126381,9.38313607356989e-05,0.00154922497842144
ENSG00000198483,ANKRD35,25.9124182067596,-3.1679697194663,0.811116768185382,-3.90568885236294,9.39573457939948e-05,0.00154985797171195
ENSG00000145362,ANK2,1383.36549670305,-1.74270816772395,0.446366861965919,-3.90420597095537,9.45352455718555e-05,0.00155793732287709
ENSG00000149451,ADAM33,173.913829200738,-1.98048727727666,0.507438562613509,-3.90291046678905,9.50428674083006e-05,0.00156484452921879
ENSG00000253816,GUSBP14,405.23448764607,1.81784734798979,0.465962744380971,3.90127187186347,9.56886107829157e-05,0.00157401088788307
ENSG00000163013,FBXO41,111.338589352353,2.64768510571129,0.67886280780273,3.9001769949381,9.61223902752151e-05,0.00157894296093433
ENSG00000282941,TCEA3,187.68341963463,1.72304973001085,0.441800306121532,3.9000645905774,9.61670287239874e-05,0.00157894296093433
ENSG00000102781,KATNAL1,441.133217190844,-1.59338642698423,0.408736435831361,-3.89832245746165,9.68613787708374e-05,0.00158886805269454
ENSG00000174371,EXO1,24.7734667514146,2.71783620374179,0.697380323606587,3.89720803949009,9.73080242835919e-05,0.00159471528582646
ENSG00000187546,AGMO,21.2398321475412,-3.37887267290561,0.867569786181565,-3.89464078478002,9.83443602976474e-05,0.00161020678068824
ENSG00000131730,CKMT2,38.7481370897391,-2.96340946010575,0.761211937588535,-3.89301495913691,9.90060447549357e-05,0.00161954106327616
ENSG00000132386,SERPINF1,1588.11593393784,-2.38108197433405,0.61173270212488,-3.89235685138829,9.92750769543454e-05,0.00162244102198123
ENSG00000172889,EGFL7,331.84365855475,-1.95082899684034,0.50128302380183,-3.89167177863888,9.95558654004657e-05,0.00162552757883327
ENSG00000137745,MMP13,25.8943608746072,4.10241070408663,1.05424912992071,3.89131049545675,9.9704245089828e-05,0.00162644849254929
ENSG00000178695,KCTD12,1881.8201927478,-2.01560372524429,0.518138527748532,-3.89008656430683,0.000100208469029924,0.00163316715009782
ENSG00000147113,DIPK2B,322.632389918131,-2.18739421113233,0.562408509637832,-3.88933341805393,0.000100519938644647,0.00163673487573967
ENSG00000143294,PRCC,206.313757315047,1.14414707266691,0.294556506530901,3.88430419053358,0.000102623359467926,0.00166944697835449
ENSG00000105609,LILRB5,100.639837240411,-1.99823891079143,0.514516406651742,-3.8837224332556,0.000102869336393752,0.00167191036346573
ENSG00000187720,THSD4,894.115616573602,2.38463182441119,0.614057527755509,3.88340133721257,0.000103005339511007,0.0016725834881296
ENSG00000155066,PROM2,62.1123218353792,3.27256223124681,0.842798466672543,3.88297126852547,0.000103187764858922,0.0016740084825691
ENSG00000104490,NCALD,248.846269891466,-2.07748716156241,0.535129221597351,-3.8822158792995,0.000103508922140976,0.00167767944108054
ENSG00000006118,TMEM132A,139.163546925669,2.58833151728643,0.666824274958475,3.88157962222898,0.000103780161526004,0.00168053534456441
ENSG00000134531,EMP1,3729.20321128161,-2.32578034518481,0.59927710801984,-3.88097645323007,0.000104037914576377,0.00168316783481617
ENSG00000129657,SEC14L1,613.49013343201,-1.10219826038084,0.284320309429001,-3.87660755784342,0.000105922997083789,0.00171209904701339
ENSG00000178149,DALRD3,137.281328886375,1.4610564657438,0.377182229695317,3.87360896329612,0.000107235427708436,0.00173172974261943
ENSG00000183801,OLFML1,90.1017891153547,-1.99680400953224,0.515521961641858,-3.87336361611584,0.000107343488095788,0.00173189315693232
ENSG00000203668,CHML,345.543852045953,1.16108755828106,0.29979393994934,3.87295206326472,0.000107524982649602,0.00173237100516816
ENSG00000185033,SEMA4B,293.629905267387,2.19320966409436,0.566303468275212,3.8728522549477,0.000107569041660049,0.00173237100516816
ENSG00000166473,PKD1L2,37.8946270845875,-3.95445152002836,1.02128936550949,-3.87201869869234,0.000107937669386471,0.00173672593972791
ENSG00000113578,FGF1,158.571435834604,-2.10740216615917,0.544539097108396,-3.87006585449945,0.000108805957983363,0.00174910523183619
ENSG00000198952,SMG5,597.091161825078,1.02318928312207,0.264542394664266,3.86777054929367,0.000109834938773428,0.00176404289040012
ENSG00000109472,CPE,792.168859781283,-1.92743629132721,0.498389427781582,-3.86732981055911,0.000110033568834176,0.00176562939899703
ENSG00000123989,CHPF,177.397561230048,1.42761933362747,0.369334632045954,3.86538171554364,0.00011091559343499,0.00177816902874971
ENSG00000184113,CLDN5,209.706449817523,-3.70973278386121,0.959964868607149,-3.86444640338121,0.000111341433749738,0.00178337914220708
ENSG00000116016,EPAS1,2396.5763101586,-2.31392152220875,0.599230262913369,-3.86148975680701,0.000112697737969942,0.00180346977422849
ENSG00000130940,CASZ1,372.470979508877,1.88751489151027,0.48884872210102,3.86114314342059,0.000112857756821518,0.00180439757131547
ENSG00000141576,RNF157,121.489176500781,-1.7676587606116,0.45817995440852,-3.85800108364307,0.000114318141322426,0.0018260954769688
ENSG00000292155,RETSAT,1076.60316248572,-2.28267167675493,0.59171046217183,-3.85775108382663,0.000114435099943639,0.00182631396417271
ENSG00000129911,KLF16,65.4657876749286,1.6138907930324,0.418383785785174,3.85744105738618,0.000114580297873562,0.00182698233300107
ENSG00000175264,CHST1,135.343775152654,2.36058314983485,0.612488386518441,3.85408638236078,0.000116162580334076,0.00185054316040312
ENSG00000162755,KLHDC9,39.8303054599421,2.15148420303424,0.558861088679829,3.8497656154888,0.000118230908522671,0.00188179761962771
ENSG00000182004,SNRPE,261.255285864415,1.21269776031929,0.315093877589423,3.84868715824264,0.000118752549480162,0.00188840047882887
ENSG00000291505,CCDC40,130.681986488133,2.02750012744727,0.526918438282457,3.8478443344213,0.000119161726410055,0.00189320467934322
ENSG00000188153,COL4A5,967.180586966428,2.68932168729238,0.699179330135651,3.84639758553876,0.000119867200085725,0.00190270350010402
ENSG00000159216,RUNX1,1366.39899717596,1.97935005998486,0.514806699176138,3.84484130286664,0.000120630481063286,0.00191310205976868
ENSG00000179832,MROH1,368.501170755562,1.47462264131682,0.384118811167752,3.83897533378761,0.000123548840410178,0.00195762916216234
ENSG00000149591,TAGLN,1857.19636083053,-1.79544623343643,0.468159061692158,-3.83512011269589,0.00012550294712715,0.00198681165089471
ENSG00000139793,MBNL2,1148.81000541629,-1.61640534740924,0.421507131673465,-3.83482324721719,0.000125654621992514,0.00198743352477068
ENSG00000181234,TMEM132C,291.630890487902,-6.14586237347705,1.60299253778875,-3.83399312760057,0.000126079665295345,0.00199121544170771
ENSG00000112175,BMP5,25.1965029391741,-3.94822361758731,1.02981469953347,-3.83391654768177,0.000126118944450186,0.00199121544170771
ENSG00000229920,RPS4XP5,13.864924851828,-4.9746569998223,1.29794319881655,-3.83272319186089,0.000126732529424371,0.00199661427463288
ENSG00000050405,LIMA1,1492.69746860389,-1.42116026993717,0.370809993820795,-3.83258351613898,0.00012680452981435,0.00199661427463288
ENSG00000067082,KLF6,1802.04538558608,-1.37779112338493,0.359506653669187,-3.83244957867386,0.000126873608443331,0.00199661427463288
ENSG00000170345,FOS,5443.43058748638,-2.37679607539717,0.620188947753023,-3.83237412406079,0.000126912539992499,0.00199661427463288
ENSG00000010810,FYN,305.961304891781,-1.84564726035202,0.481632601251222,-3.83206463922345,0.000127072339569541,0.00199735127165173
ENSG00000173511,VEGFB,465.887096332869,-2.31101419765442,0.603455166598052,-3.82963694002761,0.000128332453797895,0.00201291658194798
ENSG00000167972,ABCA3,417.965576880713,1.3690371479951,0.357522363814681,3.82923499774332,0.000128542217696384,0.00201291658194798
ENSG00000174804,FZD4,2860.28103138558,-2.42717513353886,0.633859451769719,-3.82920082166835,0.000128560068256095,0.00201291658194798
ENSG00000149131,SERPING1,1216.31531103524,-1.82205190306018,0.475844385114288,-3.82909194698717,0.000128616950340109,0.00201291658194798
ENSG00000077327,SPAG6,76.8881138515009,3.48247477010766,0.9094847091996,3.82906357290211,0.00012863177840871,0.00201291658194798
ENSG00000168350,DEGS2,108.07099295744,4.01164423046789,1.04874942534184,3.82516941943524,0.000130682185857156,0.00204319459992228
ENSG00000281448,ZNF502,19.2629115508127,-5.79152672400893,1.51447414983471,-3.82411725194584,0.000131241451081847,0.0020501259536045
ENSG00000132196,HSD17B7,126.907633252319,1.54237502851621,0.403401660910283,3.82342260325803,0.000131611917278394,0.00205409844063005
ENSG00000027697,IFNGR1,747.421210471141,-1.19425873234599,0.312433099938282,-3.82244625355604,0.000132134284833478,0.00206043259145538
ENSG00000143319,ISG20L2,305.10141903731,1.17918928332306,0.30853339709978,3.82191780341273,0.000132417830961757,0.00206303480607643
ENSG00000112293,GPLD1,191.021539066495,-2.39837735005472,0.627613766904175,-3.82142246796971,0.000132684129485212,0.00206536396275264
ENSG00000066735,KIF26A,86.331822490567,-2.10887796937388,0.551913634662055,-3.82102893809676,0.000132896055676197,0.00206684340591221
ENSG00000124493,GRM4,33.8412604423328,4.37495547458842,1.14553966898657,3.81912175809576,0.000133927648321554,0.00208099041888579
ENSG00000172817,CYP7B1,359.491383573404,-1.79272146105068,0.469435696630542,-3.81888610925471,0.000134055633078479,0.00208099041888579
ENSG00000131370,SH3BP5,557.881770804468,-1.8024613002282,0.472009582774522,-3.81869641212185,0.000134158744417226,0.00208099041888579
ENSG00000122547,EEPD1,193.405809749625,-2.36456055152529,0.619454943746534,-3.81716309700293,0.000134994936930572,0.00209043276788342
ENSG00000149596,JPH2,84.5540529402858,-2.35862830238111,0.617903501742481,-3.81714668347048,0.000135003914546337,0.00209043276788342
ENSG00000073417,PDE8A,326.707362843535,-1.15418315988481,0.302461279885145,-3.81596996588486,0.000135649004725977,0.00209858385876593
ENSG00000183779,ZNF703,257.705611854295,1.41737191953973,0.371642883942855,3.81380077697835,0.000136845796801547,0.00211524844828825
ENSG00000182263,FIGN,146.193842171005,-2.17849037904248,0.571442423841027,-3.81226574743867,0.000137698710894013,0.00212657319191164
ENSG00000096696,DSP,4552.83695440567,3.02852843311515,0.794612330078664,3.81132826470907,0.000138222068269977,0.00213279304818325
ENSG00000138018,SELENOI,370.260221540268,1.02600577580506,0.269299614820108,3.8099043568645,0.000139020561994497,0.00214324376438421
ENSG00000033170,FUT8,703.98256116783,1.36077213789745,0.357228890286723,3.80924436656075,0.000139392140776583,0.00214466194984949
ENSG00000133561,GIMAP6,344.18622877517,-2.14343555248962,0.562702107510833,-3.80918344516483,0.000139426487034738,0.00214466194984949
ENSG00000112531,QKI,1831.50819563276,-1.69060546730948,0.443833902201504,-3.80909493151321,0.000139476403456818,0.00214466194984949
ENSG00000143799,PARP1,1058.08934921493,1.21505874590155,0.319058381306762,3.80826462205773,0.000139945468743369,0.00215000497288358
ENSG00000176720,BOK,547.625237945419,-1.72380691950646,0.45271891956525,-3.80767590000843,0.000140278954293474,0.00215325759441971
ENSG00000175471,MCTP1,279.237351652432,-2.14499188005489,0.563473278042598,-3.80673221542323,0.000140815072699264,0.00215779648012692
ENSG00000196793,ZNF239,168.758706486022,2.00112208835089,0.525680643889427,3.80672583556608,0.000140818703730502,0.00215779648012692
ENSG00000197256,KANK2,862.881902070513,-1.37550558255046,0.36147351293054,-3.80527350786773,0.0001416475802712,0.00216797133746312
ENSG00000215302,WHAMMP4,55.591303145713,-2.09783407347634,0.55131686210387,-3.80513315966944,0.000141727923209148,0.00216797133746312
ENSG00000184304,PRKD1,115.674893038397,-1.45982763091191,0.383688522009733,-3.80472061886408,0.000141964332557302,0.00216971071098597
ENSG00000177548,RABEP2,160.055957212388,2.30617787028083,0.606228284686837,3.80414099528884,0.000142297117384537,0.00217231211601337
ENSG00000148671,ADIRF,1596.42743230292,-2.17276261905616,0.571178933583323,-3.80399642092053,0.000142380237655347,0.00217231211601337
ENSG00000134759,ELP2,1733.41256825066,1.77830117735319,0.467800636554071,3.80140820340171,0.000143876042871676,0.00219324143629297
ENSG00000197928,ZNF677,134.659479651532,-1.35622950597951,0.356923239621749,-3.79977921139789,0.000144825059052104,0.00220580664876689
ENSG00000111859,NEDD9,555.534884533646,-1.61028729145455,0.424220481610597,-3.79587351685832,0.000147124498876817,0.00223890061414695
ENSG00000278167,CCL18,16.9287164818799,-6.29595096197643,1.65892793345613,-3.79519256684028,0.000147528904162696,0.00224312434420374
ENSG00000185483,ROR1,77.7223023405488,-1.54146795544565,0.406553876926418,-3.79154656474876,0.000149712070478022,0.00227358684111959
ENSG00000182732,RGS6,42.7125552021377,-2.7562117488981,0.726977095120392,-3.79133230936479,0.000149841304661719,0.00227358684111959
ENSG00000078098,FAP,232.25678295275,1.26797815196299,0.334452540214998,3.79120502761884,0.000149918127961627,0.00227358684111959
ENSG00000163993,S100P,38.9135948162972,4.01247922598139,1.0595504226929,3.78696392360778,0.000152499231332327,0.00230574380788477
ENSG00000132182,NUP210,434.799465091842,2.15624553360523,0.569435940884185,3.78663406854359,0.000152701722045985,0.00230574380788477
ENSG00000174586,ZNF497,46.6463768798227,3.31959471156917,0.876664180233935,3.78662067689744,0.000152709948224636,0.00230574380788477
ENSG00000149798,CDC42EP2,104.390620102734,-1.96617632699057,0.519253998076016,-3.78654056449408,0.000152759168134906,0.00230574380788477
ENSG00000165633,VSTM4,310.783020475116,-1.33088130445613,0.351477756879225,-3.78653066490761,0.000152765251335259,0.00230574380788477
ENSG00000278699,POTEB3,9.63549625876497,5.66590773044102,1.49636796484152,3.78644014277672,0.000152820886888025,0.00230574380788477
ENSG00000152078,TLCD4,327.859254961175,-1.44474037088435,0.381625715942988,-3.78575214019429,0.000153244362016777,0.00230852446031044
ENSG00000235030,IER3,115.415061247901,2.11541872135573,0.558799814103589,3.78564678792749,0.000153309305238308,0.00230852446031044
ENSG00000274429,DLG5,1059.17859303358,1.47983783926175,0.390922187021379,3.78550486105006,0.000153396835427516,0.00230852446031044
ENSG00000221963,APOL6,2285.22593432758,-1.97236218478801,0.521136406510472,-3.7847330567345,0.000153873652313935,0.00231373111723411
ENSG00000134463,ECHDC3,183.100584099379,-1.75430602780632,0.463684102686331,-3.78340775032578,0.000154695676201732,0.0023215693240632
ENSG00000104687,GSR,426.43822241457,1.34941511803835,0.356677946884984,3.7832872198109,0.000154770640186448,0.0023215693240632
ENSG00000171522,PTGER4,145.0832036102,-1.98621818057964,0.525002037736238,-3.78325804056692,0.000154788793364843,0.0023215693240632
ENSG00000101871,MID1,206.318966363192,-1.09546120174254,0.289577264944343,-3.78296687743456,0.000154970043445191,0.00232231803240789
ENSG00000177119,ANO6,2046.03114676292,-1.76617217427051,0.466934630814753,-3.78248272394944,0.00015527187303076,0.00232487089822432
ENSG00000185133,INPP5J,188.965015104513,2.98715611098078,0.78992446578101,3.78157183424789,0.000155841237647856,0.00233142183191797
ENSG00000142235,LMTK3,60.3179094031598,3.58931041505227,0.949537598054265,3.78006139241591,0.000156789693790121,0.00234362819551202
ENSG00000119147,ECRG4,30.8686321023281,-3.6853878578715,0.975268720841253,-3.77884349114831,0.00015755840760767,0.00235312949470137
ENSG00000105379,ETFB,573.863539852758,-1.98257011574411,0.524930392887727,-3.77682478021071,0.000158840392994334,0.00237027398254752
ENSG00000106686,SPATA6L,109.430921404973,1.47463555888667,0.390562916243713,3.77566711419803,0.000159579992727744,0.00237930270776112
ENSG00000143867,OSR1,77.2790636011144,-2.37687134024757,0.629578408934592,-3.77533807785728,0.000159790795351381,0.00238043861347807
ENSG00000137807,KIF23,52.4502716190922,1.92748561901971,0.510617724967271,3.77481141913602,0.000160128753528721,0.00238346527664004
ENSG00000139044,B4GALNT3,73.1876414251295,2.30781290634689,0.611440791532083,3.77438492542217,0.000160402928360082,0.00238553825247378
ENSG00000170579,DLGAP1,139.233605969211,2.36089326863011,0.6257047107359,3.77317483490484,0.000161183251320474,0.00239432489403588
ENSG00000150594,ADRA2A,237.698624901652,-2.36440218292301,0.626683727262047,-3.77287949258388,0.000161374243422947,0.00239432489403588
ENSG00000146955,RAB19,29.6743956702553,2.53779417396828,0.672648277906439,3.77283976979314,0.000161399947615833,0.00239432489403588
ENSG00000117407,ARTN,15.7314760985616,3.63092247489745,0.962795662938503,3.77122853235097,0.000162445815466859,0.00240655688681965
ENSG00000088325,TPX2,73.4336483118843,1.99444820350763,0.528869969878965,3.77115040954976,0.000162496687375596,0.00240655688681965
ENSG00000128050,PAICS,564.451593428616,1.20387348123169,0.319355750530061,3.76969407700822,0.000163447768862666,0.00241861665004061
ENSG00000115257,PCSK4,31.2486867191241,3.33759949111488,0.885943693482722,3.76728173095796,0.00016503472265534,0.00244005769290499
ENSG00000128567,PODXL,752.484141316946,-0.920716518655524,0.244523466988447,-3.7653503362891,0.000166315721487715,0.00245548584127646
ENSG00000110852,CLEC2B,100.797927331794,-2.15412888091741,0.572114858270828,-3.76520352473993,0.000166413475920139,0.00245548584127646
ENSG00000204136,GGTA1,215.087328287601,-1.10067664975305,0.292353374076204,-3.76488437402524,0.000166626168846011,0.00245548584127646
ENSG00000072210,ALDH3A2,901.095460146817,-1.8731858867712,0.497542896380527,-3.76487314038258,0.000166633659985961,0.00245548584127646
ENSG00000139946,PELI2,161.414510717982,-1.46932980973225,0.390376748457783,-3.76387634647033,0.000167299633504535,0.00246324681037527
ENSG00000160679,CHTOP,463.881791234093,1.02332403992469,0.271977856218321,3.76252704596383,0.00016820511153561,0.00247410063172048
ENSG00000196208,GREB1,485.642178117014,1.55561725481673,0.413481767991151,3.76223905197682,0.00016839897235382,0.00247410063172048
ENSG00000163378,EOGT,290.994448888243,-1.35834619135698,0.361055486807542,-3.7621535774667,0.00016845654926152,0.00247410063172048
ENSG00000187486,KCNJ11,93.6116775225012,2.15686656057309,0.573856648029534,3.75854591556824,0.000170903679075161,0.00250795830463575
ENSG00000104728,ARHGEF10,127.004075036978,1.87104977067352,0.497920157832566,3.75773051410121,0.000171461391498151,0.00251405620718226
ENSG00000230882,NA,26.4401340791615,4.62023683337803,1.22974265209917,3.75707618621773,0.000171910171488832,0.00251854810475313
ENSG00000182782,HCAR2,69.7674920413398,-2.83212714860781,0.75413665358443,-3.75545616984222,0.00017302604087243,0.00253279758339998
ENSG00000148516,ZEB1,756.050511984797,-1.63095127238537,0.434329251343051,-3.75510345513703,0.000173269892580995,0.00253426923946215
ENSG00000103528,SYT17,227.793856873861,2.39825534512708,0.63871818208754,3.75479423067117,0.000173483942876262,0.00253530294370326
ENSG00000171612,SLC25A33,169.315911032206,-1.91172734945578,0.509207188120223,-3.75432121552146,0.00017381185301952,0.00253799752018511
ENSG00000176485,PLAAT3,733.176692137408,-2.06516988259879,0.550251790208494,-3.75313614484794,0.000174635945602855,0.00254792691922053
ENSG00000072163,LIMS2,173.252205103355,-2.07209159482048,0.552150702505146,-3.75276457209826,0.000174895091309357,0.00254960420414127
ENSG00000126785,RHOJ,108.924906363368,-1.92086094824028,0.512094409974558,-3.75098987769798,0.000176137811310098,0.00256560536853086
ENSG00000184260,H2AC20,271.758059267247,-1.29437463787735,0.345209984002247,-3.74952839680594,0.000177167435140189,0.00257778720195188
ENSG00000101049,SGK2,109.691719922894,-2.09626049993544,0.559096609047865,-3.7493707992709,0.000177278801168921,0.00257778720195188
ENSG00000005108,THSD7A,143.089841454732,-2.08354238246548,0.555732351332808,-3.749183176881,0.000177411470043287,0.00257778720195188
ENSG00000103197,TSC2,826.547064778093,0.994882501122203,0.265388437124907,3.74877862766099,0.000177697846870939,0.00257982842875108
ENSG00000116675,DNAJC6,31.3359098513516,-2.40080075391628,0.640987491743038,-3.74547207994306,0.000180054872077388,0.00261190344786256
ENSG00000101542,CDH20,19.6682402767025,-3.92428922269547,1.04836871846288,-3.74323380084182,0.000181667047539072,0.00263312983740443
ENSG00000140848,CPNE2,164.512277019432,-2.0976824855322,0.560489335455915,-3.7425912552393,0.000182132358001892,0.00263771211019447
ENSG00000269516,CYP4F23P,59.6407599222531,4.88705783745287,1.3063494840279,3.74100338171718,0.000183287054364071,0.00265058989172868
ENSG00000167074,TEF,352.801771033367,-1.51165935705587,0.404083664722566,-3.7409563638108,0.000183321350312966,0.00265058989172868
ENSG00000145147,SLIT2,353.355397430917,-1.65176786855613,0.441772695224817,-3.7389541870974,0.000184787395329184,0.00266960417614866
ENSG00000006704,GTF2IRD1,162.033132026107,1.32617597246377,0.354753476666535,3.73830296160949,0.000185266609827213,0.00267157052198344
ENSG00000108622,ICAM2,102.197160609915,-2.54873240236023,0.681799269298344,-3.73824454957717,0.000185309650282494,0.00267157052198344
ENSG00000106571,GLI3,884.877336268346,2.07920996355306,0.556213102448683,3.73815351418279,0.00018537674775059,0.00267157052198344
ENSG00000099219,ERMP1,564.046066356732,1.00322543187987,0.268426256717486,3.7374340504094,0.000185907831220116,0.00267704249142126
ENSG00000039068,CDH1,1203.37026353481,2.79905265484984,0.749850890909758,3.7328123348015,0.000189353674991468,0.00272444347833534
ENSG00000052344,PRSS8,265.610783002087,3.64021888646863,0.97535897138022,3.73218373263886,0.000189826957234169,0.00272903258924538
ENSG00000197894,ADH5,774.563994300437,-1.46541705286235,0.392695434077581,-3.73168854459571,0.000190200573021454,0.00273218256111972
ENSG00000139625,MAP3K12,214.121319357715,1.40192750123293,0.375972082062816,3.7288074517158,0.00019238808108086,0.00276136236830589
ENSG00000197142,ACSL5,165.0222607868,-1.68734938016958,0.452564810413687,-3.72841489515543,0.00019268795856275,0.00276342349656538
ENSG00000144857,BOC,313.612917850001,-1.36649744438658,0.366799313108925,-3.72546347702889,0.000194956680233223,0.00279369447047333
ENSG00000196154,S100A4,508.431358068768,-2.26217863657128,0.607259637126116,-3.7252247609888,0.000195141271550052,0.00279407538851787
ENSG00000161055,SCGB3A1,28.6224440396034,-3.81630971119221,1.02491445264867,-3.7235397562497,0.000196448909242551,0.00281052270399355
ENSG00000082438,COBLL1,1289.11802164579,-1.56714474848145,0.420961952870148,-3.72277052070037,0.00019704860315522,0.00281682332222616
ENSG00000169252,ADRB2,135.38341800036,-2.57116379266654,0.690726883694369,-3.72240295457245,0.000197335763637585,0.00281825980769985
ENSG00000164920,OSR2,66.0518903632244,-2.18411464642798,0.586775203240235,-3.72223405891569,0.000197467844921117,0.00281825980769985
ENSG00000083307,GRHL2,387.43815676083,3.31842499046202,0.891605596812424,3.72185302820631,0.000197766127088208,0.00282024066556515
ENSG00000100105,PATZ1,311.921935201901,1.3223022158826,0.355473209532991,3.71983648956217,0.000199351795044249,0.00284056228184323
ENSG00000160606,TLCD1,15.6693309692248,3.43993261886151,0.925185927146881,3.71809872797103,0.000200727826151709,0.00285786646525014
ENSG00000179978,NAIPP2,111.892909214061,8.72123052067902,2.34608774448771,3.71735053011982,0.000201323023760874,0.00286403461718708
ENSG00000142273,CBLC,55.9006588893072,2.95573235591765,0.795189257976235,3.71701746001955,0.000201588516777643,0.0028655062236166
ENSG00000069702,TGFBR3,1769.99863844305,-2.37558164269552,0.639348405618635,-3.71562925913126,0.000202698609873952,0.00287897150072377
ENSG00000253304,TMEM200B,78.4096859102174,-2.2218156095552,0.598109143778109,-3.71473272506843,0.000203418584335098,0.00288536890087874
ENSG00000105426,PTPRS,2241.77686097895,-2.00760978367319,0.540455554122079,-3.71466213708243,0.000203475372922908,0.00288536890087874
ENSG00000169224,GCSAML,13.5047414310248,-3.88658583362214,1.0464651466634,-3.71401364490189,0.000203997787307023,0.00289045903281257
ENSG00000133195,SLC39A11,277.32594766884,1.56257401443552,0.420767676834574,3.71362654610432,0.000204310227824392,0.00289256826150419
ENSG00000105552,BCAT2,109.004369123209,1.27515703599629,0.343408741906334,3.71323405722762,0.000204627477759791,0.00289474215138111
ENSG00000132698,RAB25,140.232039532689,3.88532867045648,1.04668009662564,3.71204982590409,0.000205587502208139,0.0029059982426431
ENSG00000144452,ABCA12,88.8388779201543,4.35184119529979,1.17283141182507,3.71054283797515,0.000206815294673063,0.00292101825535445
ENSG00000163879,DNALI1,130.477716468123,1.81085863144855,0.488179064613449,3.70941476747354,0.000207738874445373,0.00293138209959681
ENSG00000133477,FAM83F,469.348504717847,2.1391710948287,0.576713805422252,3.70924204469576,0.000207880628450738,0.00293138209959681
ENSG00000008323,PLEKHG6,114.304943060912,-1.69199828859346,0.456192363988886,-3.70895793563674,0.00020811399508998,0.00293233448221204
ENSG00000171757,LRRC34,40.6054769799186,-2.08728871172942,0.562947702357294,-3.7077844051749,0.000209080540481504,0.00294360764118983
ENSG00000163638,ADAMTS9,397.454329502519,-1.88164178515712,0.507512519344354,-3.70757708122742,0.000209251734621827,0.00294367416333951
ENSG00000176171,BNIP3,312.663824497461,-1.30819946593138,0.35292029212106,-3.70678449252399,0.000209907415362524,0.00295055073597418
ENSG00000241644,INMT,158.60722802754,-1.77352324041962,0.478557919738498,-3.70597406765046,0.000210579846182554,0.00295635671024746
ENSG00000174738,NR1D2,842.429744052059,-1.10510940582888,0.298204005719122,-3.70588384003728,0.000210654835430176,0.00295635671024746
ENSG00000205726,ITSN1,1271.41459021785,-1.56867105231236,0.423462019989982,-3.704396092829,0.000211894941665777,0.00297140226286752
ENSG00000111058,ACSS3,416.874110306312,-1.73944447558535,0.469967014285347,-3.7012054521112,0.000214577643104081,0.00300663745087913
ENSG00000039139,DNAH5,429.444664391212,2.33561594145414,0.631187685470458,3.70035093399086,0.000215301520766565,0.00301439175907772
ENSG00000172987,HPSE2,36.3195002533665,-4.00279000730697,1.08188815927825,-3.69981866700279,0.000215753572004396,0.00301833102353934
ENSG00000005102,MEOX1,102.471088571262,-2.7866706816387,0.753296643256712,-3.69930054326426,0.0002161944673446,0.00302210811545815
ENSG00000163520,FBLN2,1685.03855894163,-2.56724069279975,0.694472232054325,-3.69667867814609,0.00021843853450934,0.00304928850587906
ENSG00000165194,PCDH19,125.764433291267,-2.2045246788067,0.596361284007562,-3.6966260854364,0.00021848377181184,0.00304928850587906
ENSG00000163083,INHBB,299.665264014338,-1.21517939608492,0.328788623332669,-3.69592896423122,0.000219084228014221,0.00305525741638444
ENSG00000170962,PDGFD,373.136967763458,-1.77442876835298,0.48014404608761,-3.69561756062931,0.00021935295173728,0.00305578566501909
ENSG00000115461,IGFBP5,4652.06943537638,-1.84907132474103,0.500359625716557,-3.69548466683939,0.000219467725757747,0.00305578566501909
ENSG00000240065,PSMB9,21.9765976103136,-2.96236570298857,0.801725634449002,-3.6949868829185,0.00021989813928166,0.00305936962778725
ENSG00000136811,ODF2,344.399434679948,1.28679343595786,0.348342383680838,3.69404785705565,0.000220712235134429,0.00306828180336643
ENSG00000123700,KCNJ2,88.544547664343,-1.36681087000773,0.370056191604099,-3.69352250014505,0.000221168930905432,0.00307221540078614
ENSG00000103249,CLCN7,380.733458712639,0.963096470408188,0.260770679071444,3.693269787223,0.000221388931571058,0.0030728575172457
ENSG00000184557,SOCS3,666.242972698812,-2.30266053241509,0.623627968336762,-3.69236251311237,0.000222180458120163,0.00308064358389016
ENSG00000110811,P3H3,129.638245602229,1.55372901250174,0.420816958062932,3.69217300475183,0.000222346124579495,0.00308064358389016
ENSG00000286406,NA,77.663156882218,-2.22127912450628,0.60164192411964,-3.69202848979747,0.000222472536143626,0.00308064358389016
ENSG00000174628,IQCK,131.67462235678,1.35251607820126,0.366398626549785,3.69137867938346,0.000223041778979618,0.00308610937221955
ENSG00000115993,TRAK2,695.938630719136,-1.05729238221596,0.286441937550129,-3.69112285463061,0.000223266259851237,0.0030868000570363
ENSG00000189221,MAOA,1420.20542632818,-3.53943995153461,0.95898106148875,-3.69083404633651,0.000223519937949865,0.00308789301778707
ENSG00000175198,PCCA,303.437958827903,-1.11132548246982,0.301257107821342,-3.68896020580827,0.00022517243160752,0.00310829360508648
ENSG00000104365,IKBKB,803.012217470526,1.03218205714382,0.279901083755332,3.68766724049583,0.000226319344643165,0.00312168874518338
ENSG00000106809,OGN,375.853173563447,-2.42662722128343,0.658132653362951,-3.68713998444503,0.000226788614348143,0.0031250675576307
ENSG00000167971,CASKIN1,23.7631954410675,3.98906214135457,1.08192771503128,3.68699506069983,0.000226917759656044,0.0031250675576307
ENSG00000154655,L3MBTL4,120.455530921398,-1.60516066069038,0.435448743157677,-3.68622182498562,0.000227607977505071,0.00313213374803282
ENSG00000152133,GPATCH11,209.171626343892,-1.64640095799656,0.446710358526374,-3.68561177633708,0.000228153918824552,0.00313720509064896
ENSG00000159403,C1R,77.6131150718043,-3.06674758421876,0.83232595750241,-3.68455117442361,0.000229105993664123,0.00314784870704171
ENSG00000165914,TTC7B,209.615341813383,-1.28524496462822,0.348859199065556,-3.68413666049467,0.000229479104507795,0.00315052717780384
ENSG00000204851,PNMA8B,39.8275763070421,-2.39194796967669,0.649549451585358,-3.68247246431915,0.000230982823482547,0.00316871161182458
ENSG00000162654,GBP4,326.431940448061,-1.67223816547284,0.454159863169324,-3.68204744867421,0.000231368334898963,0.00317153974109951
ENSG00000090376,IRAK3,310.926083195594,-1.8582913479343,0.505012826536992,-3.67969138660715,0.000233516380924587,0.00319827396035772
ENSG00000197635,DPP4,134.644387756316,-2.05450444832098,0.558375474308523,-3.67943174951446,0.000233754236140872,0.00319827396035772
ENSG00000291348,CENPP,27.1654950916555,2.99719902927037,0.81460788300217,3.67931503219002,0.000233861235692051,0.00319827396035772
ENSG00000164237,CMBL,350.224188183874,0.951578659617486,0.258850518571315,3.67617057469916,0.000236761246311748,0.00323543208541781
ENSG00000284976,NA,29.5916653895195,3.18730988416281,0.867153670343698,3.67559983099595,0.000237291225817163,0.00323903181083912
ENSG00000104043,ATP8B4,175.482874266077,-1.15280898139872,0.313647485226617,-3.67549250575304,0.000237391009831335,0.00323903181083912
ENSG00000103326,CAPN15,211.365098743547,1.20889738762669,0.328933775244713,3.67519992961293,0.0002376632280453,0.00324024584543179
ENSG00000112773,TENT5A,275.511603431787,-1.31503021817838,0.357845173827708,-3.67485805135249,0.000237981688930124,0.00324208798563281
ENSG00000092621,PHGDH,246.724642725799,-1.49256680971566,0.406396434684824,-3.67268677165734,0.000240013609075382,0.00326725223193224
ENSG00000144057,ST6GAL2,70.8796340695433,2.31666182878854,0.631039032705042,3.67118626380024,0.000241427308288828,0.00328396853267026
ENSG00000141449,GREB1L,349.099460806717,2.02487488353521,0.551739253898648,3.6699851772866,0.000242564533744807,0.00329690134528011
ENSG00000118762,PKD2,404.9850482567,-1.34202937093839,0.365704701243729,-3.66970773515971,0.000242827937967295,0.00329794656457425
ENSG00000187045,TMPRSS6,22.9632032468178,3.76045298179531,1.02480144438299,3.6694454349246,0.000243077213187611,0.00329879843499349
ENSG00000117362,APH1A,617.447399404328,1.02544477698241,0.279503968193244,3.6688022127594,0.000243689511438542,0.00330457180273599
ENSG00000179144,GIMAP7,103.844159098485,-2.81247266420024,0.766782288789136,-3.66788944570115,0.000244560879539688,0.00331352662156675
ENSG00000171488,LRRC8C,339.708548120968,-1.87982606115948,0.512532843052111,-3.66771824799596,0.000244724637661379,0.00331352662156675
ENSG00000116299,ELAPOR1,1682.613795339,3.18202141087616,0.867684994299167,3.66725416687227,0.000245169069131315,0.00331535556311144
ENSG00000196639,HRH1,99.5167143137844,-1.75198664840066,0.477746912126718,-3.66718570843627,0.00024523469301305,0.00331535556311144
ENSG00000105443,CYTH2,560.418021354616,0.984355855419299,0.268487093469971,3.66630605105565,0.000246079395218555,0.00332423372471329
ENSG00000077420,APBB1IP,263.689826284426,-2.52516720136303,0.688897331914769,-3.66552036766408,0.000246836164418051,0.00333191137053771
ENSG00000143502,SUSD4,343.345298406484,3.79630225447326,1.03597283832353,3.66448049025751,0.000247841129947883,0.00334292501973182
ENSG00000265766,CXADRP3,45.05473379177,3.62736065017224,0.990246568941778,3.66308832965571,0.00024919256057938,0.00335648319064945
ENSG00000125249,RAP2A,387.923323612159,-1.47520183591639,0.402724564079482,-3.66305402623824,0.000249225947481916,0.00335648319064945
ENSG00000129675,ARHGEF6,1616.70991998293,-1.97538857332374,0.539323693232194,-3.66271424399166,0.00024955687813749,0.00335838224969956
ENSG00000288199,LSP1,146.657420581227,-1.35723964486465,0.37061416136736,-3.66213649218688,0.000250120525427484,0.00336205036615991
ENSG00000131711,MAP1B,1367.57085430474,-1.86137009222689,0.508291456783791,-3.66201333385513,0.000250240831413098,0.00336205036615991
ENSG00000152104,PTPN14,1211.61662202837,-1.28041680065377,0.349663851855627,-3.66185064272083,0.00025039983782348,0.00336205036615991
ENSG00000001630,CYP51A1,404.704124816742,1.06743442451536,0.291577233368676,3.6608977051568,0.00025133309738324,0.00337202060776012
ENSG00000162836,ACP6,208.144255757668,1.88537761624635,0.515188378095306,3.65958879588229,0.000252620296538401,0.00338672077610959
ENSG00000120645,IQSEC3,22.6436343968394,-4.76660881616698,1.30329464882576,-3.65735317064455,0.000254833149188518,0.00341379892204588
ENSG00000249661,TNRC18P1,153.55310581891,2.19780800730719,0.600998692189779,3.6569264390565,0.000255257594624472,0.0034159037285773
ENSG00000234906,APOC2,45.9765006554349,2.12527344179686,0.581182846987009,3.65680689444773,0.000255376617608957,0.0034159037285773
ENSG00000122378,PRXL2A,1626.63635652118,-2.09726289772747,0.573608645870752,-3.65626095914885,0.000255920832598176,0.00342059567863458
ENSG00000278843,MMP28,21.141476215388,-3.63431476164858,0.994256896336384,-3.65530757195672,0.00025687382430866,0.00342714988248943
ENSG00000284980,AGPAT5,133.973955390911,1.42087133262333,0.388749618856719,3.65497807252388,0.000257203960110134,0.00342714988248943
ENSG00000172572,PDE3A,211.999830780332,-2.01211111897458,0.550515755808607,-3.65495646172589,0.000257225626542373,0.00342714988248943
ENSG00000090659,CD209,121.672908224099,-2.69143967167674,0.73639752951464,-3.65487330389425,0.000257309014417591,0.00342714988248943
ENSG00000118193,KIF14,32.6734527734587,2.07836206654437,0.568671791288151,3.65476554030661,0.00025741711382607,0.00342714988248943
ENSG00000196422,PPP1R26,226.635029766113,1.06023490868628,0.290108973234711,3.65460915208749,0.000257574065137615,0.00342714988248943
ENSG00000213088,ACKR1,146.706105418816,-2.90515295387138,0.795329653168882,-3.65276579629113,0.000259430833074979,0.00344783656423128
ENSG00000131018,SYNE1,2082.41110832958,-1.44115906625436,0.394548534309667,-3.65267879850555,0.000259518773228063,0.00344783656423128
ENSG00000154370,TRIM11,167.730861250146,1.33237792301174,0.364833923161485,3.65201215793192,0.000260193563165912,0.00345420628938651
ENSG00000159214,CCDC24,75.3139884606614,1.96710800367067,0.53869130139605,3.65164241296043,0.000260568536995957,0.00345658922708139
ENSG00000153250,RBMS1,706.079591281192,-1.47148030704899,0.40309565446201,-3.65044944236101,0.000261781835847023,0.00347008111190622
ENSG00000276709,NA,212.942893723068,1.40955404419143,0.386237293628754,3.64945091383712,0.000262801449442094,0.00348098728875247
ENSG00000109805,NCAPG,37.6557889008069,1.86175279934792,0.510255577644889,3.6486672187709,0.000263604299689657,0.00348900810734447
ENSG00000139679,LPAR6,374.48579812298,-1.19409864693549,0.327326220577687,-3.64803847619681,0.000264250071876724,0.00349493943230823
ENSG00000114127,XRN1,979.464811093455,-0.833850996477288,0.228621923090921,-3.64729237338132,0.000265018307201927,0.00350248036341679
ENSG00000079819,EPB41L2,1315.61304059514,-2.17853798381565,0.597538336995398,-3.64585474928687,0.000266504484769435,0.003519148120178
ENSG00000282657,IGHM,200.915513337502,-2.62860095308958,0.721016459139476,-3.64568786158749,0.000266677514055224,0.003519148120178
ENSG00000175305,CCNE2,31.6715058520827,2.43925651349884,0.669118957472151,3.64547512256124,0.000266898234716853,0.0035194343657704
ENSG00000131831,RAI2,81.6896584511005,-2.12909871495959,0.584314385449141,-3.64375543026043,0.000268688744838346,0.0035404046758394
ENSG00000122176,FMOD,1471.55042634034,-1.58435574558798,0.434861807886424,-3.64335454816896,0.000269107750686256,0.0035432854470477
ENSG00000160803,UBQLN4,284.504399429791,1.28142031083781,0.351737685551483,3.64311350041636,0.000269359990918409,0.00354396779718023
ENSG00000031081,ARHGAP31,617.727544170611,-1.84233863212565,0.50601285221366,-3.64089296164306,0.000271694081950483,0.00357201966626795
ENSG00000151748,SAV1,461.42058581414,-0.994647888555795,0.2732139410153,-3.64054588451654,0.000272060616230696,0.00357418118633536
ENSG00000162004,CCDC78,45.3738002425964,4.04829288081707,1.11233184314719,3.6394650622992,0.00027320500041634,0.00358655087035051
ENSG00000163873,GRIK3,178.401379996492,2.66819327368139,0.733305015350099,3.63858587876632,0.000274139213736456,0.00359614519028319
ENSG00000137193,PIM1,157.809223124087,-2.21798524087123,0.609686073267388,-3.63791357244681,0.000274855620200522,0.00360287022387386
ENSG00000176907,TCIM,1073.45028233287,2.72163438446884,0.748325230568556,3.63696728814158,0.000275866949617419,0.00361189245996144
ENSG00000253276,CCDC71L,208.99940164403,-1.66466664580248,0.457717392687837,-3.6368874602451,0.000275952423989589,0.00361189245996144
ENSG00000134909,ARHGAP32,854.486908918449,1.16469576449708,0.320303729181589,3.6362229296331,0.000276664922807567,0.00361853981509335
ENSG00000221818,EBF2,154.285913638668,-1.800420929148,0.495190245262598,-3.63581663082488,0.000277101398619042,0.00362156986827829
ENSG00000182836,PLCXD3,39.1833242650938,-3.04402519559446,0.837322556593772,-3.63542719782631,0.00027752036156562,0.00362436673084553
ENSG00000185070,FLRT2,472.119493741386,-1.91723796917477,0.527418925778662,-3.63513305167089,0.00027783720569539,0.00362517637341233
ENSG00000065833,ME1,427.341699812308,-2.66536773388315,0.733253292059999,-3.63498911323681,0.000277992374729804,0.00362517637341233
ENSG00000024422,EHD2,1041.16596377672,-2.34961471252236,0.64655208230804,-3.6340687422037,0.000278986477885535,0.00363545901875454
ENSG00000119888,EPCAM,379.325888313783,3.60515000115702,0.992575609548868,3.63211625036361,0.000281106426276168,0.00366038655069328
ENSG00000188385,JAKMIP3,79.6916747842357,2.64797201934821,0.729295286050499,3.63086402722868,0.000282473981842676,0.00367548743261519
ENSG00000081320,STK17B,699.06550969133,-1.19785372639503,0.329982305226646,-3.63005442237969,0.00028336146847174,0.0036821288354251
ENSG00000005020,SKAP2,355.293088897694,-1.6698673470156,0.460016202635057,-3.63001854597793,0.000283400856473085,0.0036821288354251
ENSG00000136383,ALPK3,318.496545847929,-2.0511333690894,0.565103883433398,-3.62965718201642,0.000283797877080506,0.00368457992688296
ENSG00000178568,ERBB4,860.539301973655,2.19801167432225,0.605658177422325,3.62912903063072,0.000284379079948129,0.00368941692642903
ENSG00000137713,PPP2R1B,926.285654155002,-2.49942765736557,0.68878867420253,-3.62872932000424,0.000284819681686185,0.00369242406983637
ENSG00000196372,ASB13,170.940392085457,1.26340409327056,0.348247450539028,3.62789186630088,0.000285744883031302,0.0037017045909469
ENSG00000133574,GIMAP4,220.109920528898,-1.97892448611047,0.545709596209697,-3.626332576622,0.000287475060537182,0.00372139201718814
ENSG00000151491,EPS8,682.335748159649,-1.83882949815845,0.50720105414042,-3.62544494564351,0.000288464348804742,0.00372987483808613
ENSG00000196421,C20orf204,21.9603560482467,2.36351118864421,0.651966205511384,3.62520506226292,0.000288732252120774,0.00372987483808613
ENSG00000100243,CYB5R3,1057.34038807683,-1.97105466566092,0.543712607561326,-3.62517741588069,0.000288763142755183,0.00372987483808613
ENSG00000044524,EPHA3,83.1326712850763,-1.98361167669906,0.547278423983466,-3.62450188015999,0.00028951891416057,0.00373535333431757
ENSG00000155846,PPARGC1B,108.184780157663,-1.26783178753244,0.349802592350381,-3.62442078834713,0.000289609761994536,0.00373535333431757
ENSG00000113790,EHHADH,131.488938541607,-1.87123387524583,0.516425647579308,-3.62343327450341,0.000290718226901491,0.00374496058493726
ENSG00000273722,TMC4,78.2903865492374,4.15828015346536,1.14762465261353,3.62337994743799,0.000290778198445901,0.00374496058493726
ENSG00000162878,PKDCC,152.307002035343,-2.25734666963163,0.623074180832109,-3.62291800731812,0.000291298180890193,0.00374770746580023
ENSG00000145675,PIK3R1,2288.65583908785,-1.58632027669787,0.43786964199944,-3.62281401709941,0.000291415357432298,0.00374770746580023
ENSG00000248871,TNFSF12-TNFSF13,17.3941200197328,-6.63124444177535,1.83114538794256,-3.62136424854069,0.000293053567254303,0.00376603650418448
ENSG00000161544,CYGB,92.6902058112904,-1.81726747587349,0.501931173698008,-3.62055112553513,0.000293976152123472,0.00377367827161222
ENSG00000178878,APOLD1,1037.34119779002,-2.0470180295415,0.565402102699403,-3.62046412591748,0.000294075024502722,0.00377367827161222
ENSG00000163694,RBM47,847.372595047249,1.39092984869131,0.384242731779811,3.61992494236267,0.000294688485016804,0.00377666291768825
ENSG00000168447,SCNN1B,26.7169916371926,-3.28170927353187,0.906578496095796,-3.61988430970361,0.000294734763694496,0.00377666291768825
ENSG00000171992,SYNPO,1212.77843784699,-2.74531858927174,0.758497669026889,-3.6194159868597,0.000295268652898594,0.0037807643658261
ENSG00000170638,TRABD,155.396901050309,1.43390624729806,0.396272208073341,3.61848804454305,0.000296329186105956,0.00379159840659307
ENSG00000163468,CCT3,979.386143144294,1.0221301538012,0.282521477891991,3.61788477615128,0.000297020566279676,0.00379769679936624
ENSG00000168743,NPNT,641.939784285216,2.34348349403497,0.648312646319202,3.61474283640787,0.000300645900501992,0.0038412727301855
ENSG00000131037,EPS8L1,123.317246735219,3.27556382592911,0.906843044550592,3.61205155138218,0.000303784154861221,0.00387769903698853
ENSG00000003400,CASP10,176.098286097674,-1.58224268180732,0.438061089131587,-3.611922448862,0.000303935467130357,0.00387769903698853
ENSG00000128165,ADM2,39.5771299022991,2.35082659829001,0.650993068386889,3.61113921552987,0.000304854955511069,0.00388662593965554
ENSG00000047578,KATNIP,405.21434057659,1.49607923846738,0.414391711187297,3.61030203567749,0.000305840654955042,0.00389638350257206
ENSG00000059573,ALDH18A1,473.774806054905,1.10291529856177,0.305737119866481,3.60739742378493,0.000309283746417505,0.00393741143837347
ENSG00000196781,TLE1,279.600836069188,-1.48020885519054,0.410475885165265,-3.6060799396159,0.000310857410673875,0.00395459826830658
ENSG00000254726,MEX3A,66.6359341220765,3.17169158956725,0.879600243325736,3.60583300611105,0.00031115319246904,0.00395551538636235
ENSG00000184117,NIPSNAP1,227.181251322229,1.32525330099668,0.367623591972707,3.60491908009829,0.000312250204861801,0.00396660946305405
ENSG00000107796,ACTA2,1616.0225705397,-1.49881026964399,0.416028258948728,-3.6026645724292,0.000314971860326998,0.00399831113148766
ENSG00000180035,ZNF48,74.6736379381169,1.58093187459107,0.43891761897204,3.60188747558976,0.000315915111805408,0.00400630681756001
ENSG00000147894,C9orf72,228.634222384298,-1.06744287908275,0.296378929364025,-3.60161527465291,0.000316246138165912,0.00400630681756001
ENSG00000130590,SAMD10,25.914539268821,2.21452088693362,0.614873756965409,3.60158627986168,0.000316281418159463,0.00400630681756001
ENSG00000153071,DAB2,970.695043576239,-1.74558455775013,0.484761216435103,-3.60091628325185,0.000317097676914264,0.0040137710958303
ENSG00000057704,TMCC3,141.974918436144,-1.58238479917978,0.43955998761104,-3.59992911952669,0.00031830393517998,0.00402615771515564
ENSG00000183682,BMP8A,45.1329964619554,2.04562169918954,0.568392744912349,3.59895814557765,0.000319494599643502,0.00403832952501504
ENSG00000124613,ZNF391,86.2587989660827,-1.49122545388003,0.414521230954259,-3.59746459897149,0.000321334214184642,0.00405868064959073
ENSG00000009950,MLXIPL,219.666107416121,-1.82047000991036,0.50618068757659,-3.59648254979089,0.000322549210530011,0.0040711189791593
ENSG00000182795,C1orf116,133.693749251488,2.93058427851759,0.815051422838886,3.59558206562003,0.000323667071999389,0.00408231443235748
ENSG00000113494,PRLR,1824.98303759415,2.9971949250385,0.83366615824666,3.59519802428121,0.000324144923211333,0.00408542742490805
ENSG00000288673,DLC1,766.085063174238,-2.52541381409659,0.702767102247858,-3.59352878929428,0.000326229584915613,0.00410671426091831
ENSG00000014641,MDH1,1001.0284697249,-1.5645814668198,0.435395249178535,-3.59347390623053,0.000326298339455422,0.00410671426091831
ENSG00000198814,GK,104.957399934884,1.58142778975266,0.440127169893327,3.59311557642749,0.000326747569111701,0.00410944328919076
ENSG00000125869,LAMP5,13.5620241886213,3.29609141543016,0.917401539420804,3.59285577121565,0.000327073642703851,0.00411026476503139
ENSG00000172840,PDP2,287.340891879342,-1.39990431814364,0.389670176420436,-3.5925364650776,0.000327474811229002,0.00411026476503139
ENSG00000169855,ROBO1,501.193798392751,-1.72950646029452,0.481420309309227,-3.5925083068808,0.000327510210593747,0.00411026476503139
ENSG00000205581,HMGN1,958.01658967388,1.21678435908806,0.338777906004821,3.59168746698243,0.000328543713021549,0.0041203109768511
ENSG00000151474,FRMD4A,536.216721625476,-1.63448567195376,0.455210896434963,-3.59061192241755,0.000329902528760419,0.00413441985547165
ENSG00000131069,ACSS2,537.240611121588,-1.70796367465568,0.475951742723226,-3.58852278780054,0.000332556930008416,0.00416473384797367
ENSG00000154114,TBCEL,314.175703156759,-0.971252905710446,0.270719630311765,-3.58767077434295,0.000333645203048989,0.00417540560899878
ENSG00000186638,KIF24,50.4895642641864,2.03818611390728,0.568139734456852,3.58747327513682,0.000333897943226333,0.00417561338760343
ENSG00000198826,ARHGAP11A,67.4370856472446,2.90257068364898,0.809187828359119,3.58701723125871,0.0003344822281838,0.00417796414509278
ENSG00000197822,OCLN,357.893870931266,1.94582692396407,0.542472769284407,3.58695778689661,0.000334558458940868,0.00417796414509278
ENSG00000011523,CEP68,546.245965831696,-0.865545196847146,0.241322215864985,-3.58667847361141,0.000334916864736937,0.00417803931512282
ENSG00000137561,TTPA,98.8018662761557,-1.28038210872267,0.356991998676014,-3.58658489117756,0.000335037027022799,0.00417803931512282
ENSG00000124491,F13A1,1273.00233778035,-2.53695569585632,0.707399386713037,-3.58631311181142,0.000335386227547284,0.00417944655512235
ENSG00000105767,CADM4,69.7976434396828,1.87956420914909,0.524129026375265,3.58607158650925,0.000335696841369405,0.00418037129995435
ENSG00000197614,MFAP5,872.844779330827,-2.57447217310491,0.718009968199047,-3.58556606054139,0.000336347844950307,0.00418553057160893
ENSG00000179222,MAGED1,752.370305430964,1.23053835038993,0.343263724676387,3.58481908203385,0.000337311947557877,0.00419457606797886
ENSG00000127585,FBXL16,38.6464303573337,2.77508004815374,0.774181460170789,3.58453436425814,0.000337680104304948,0.00419620329193563
ENSG00000137831,UACA,1097.82078586542,-0.986189981688142,0.275187626345762,-3.58370030943555,0.00033876075092397,0.00420667581361557
ENSG00000149639,MTCL2,1040.72946763372,1.09889730351342,0.306719431848073,3.58274432399748,0.000340003356807488,0.00421607919627399
ENSG00000120332,TNN,123.433584866371,-2.40808800168071,0.672154535410871,-3.58264041201285,0.000340138679990932,0.00421607919627399
ENSG00000229353,TNXB,132.355509172828,-11.9754295046863,3.34269445373198,-3.58256779686107,0.000340233275636656,0.00421607919627399
ENSG00000010165,METTL13,240.714612475231,1.29094722186094,0.360584813748646,3.58014861591154,0.000343398843759571,0.00425232615840371
ENSG00000126787,DLGAP5,24.1940003185218,2.84923781153189,0.79606265556161,3.57916276014957,0.000344696749194548,0.00426523151867079
ENSG00000127329,PTPRB,848.234873304832,-1.8918133429835,0.528588470441749,-3.57899093297,0.00034492343333706,0.00426523151867079
ENSG00000291488,ITGA9,247.600099444381,-0.985632000196257,0.275491202572851,-3.57772586199233,0.000346596684490832,0.00428189865335123
ENSG00000102189,EEA1,968.657325684031,-1.30762944376997,0.365504036425516,-3.57760602744109,0.000346755577198381,0.00428189865335123
ENSG00000064961,HMG20B,325.370824295905,1.16129530014174,0.32471291063556,3.57637550619328,0.000348391113977698,0.00429909286006115
ENSG00000164056,SPRY1,493.421262410432,-1.42961675143971,0.399861670518315,-3.57527829458271,0.000349855546145883,0.00431261967680807
ENSG00000185339,TCN2,185.494359765167,-1.62623928664288,0.454868069601646,-3.57518892910437,0.000349975074151421,0.00431261967680807
ENSG00000119673,ACOT2,275.696104512186,-2.01465862571826,0.563562092053371,-3.57486540369976,0.0003504081149726,0.00431494895338474
ENSG00000144063,MALL,113.420871578407,-1.86304432613248,0.52210506381211,-3.5683322290146,0.000359260782028828,0.00442088267822949
ENSG00000175707,KDF1,46.1910054179254,4.01732683455081,1.12614870017232,3.56731471957131,0.000360658219497113,0.00443020590325554
ENSG00000198848,CES1,395.264412913563,-7.06261641316362,1.97992285589459,-3.56711696727826,0.000360930399796193,0.00443020590325554
ENSG00000164197,RNF180,179.796232040619,-1.4203174629233,0.398169611503116,-3.56711668065654,0.000360930794433046,0.00443020590325554
ENSG00000115425,PECR,174.626350300966,-1.61399359972344,0.452472751211329,-3.56705148631065,0.000361020568149705,0.00443020590325554
ENSG00000091986,CCDC80,5386.19506634053,-2.63150938425484,0.737855928369087,-3.56642710735058,0.000361881406725924,0.00443768995501701
ENSG00000232434,AJM1,32.8031467483103,2.09217393291382,0.586951313404987,3.56447610752727,0.000364583657842503,0.00446772891311779
ENSG00000116857,TMEM9,282.270529137728,1.12723306068318,0.31627431331905,3.56409930624387,0.000365107719065663,0.00447105249046961
ENSG00000172663,TMEM134,109.379086419767,1.77273813900123,0.497582651796647,3.56270085502441,0.000367058871450593,0.00449183531063034
ENSG00000112246,SIM1,109.388616143817,-3.21277858185975,0.901954685518325,-3.56201773042896,0.000368015523322558,0.00450042773092171
ENSG00000182255,KCNA4,12.9296381469291,-5.54695007660446,1.55767794883868,-3.56103781320134,0.000369391876239045,0.00451413721322393
ENSG00000159899,NPR2,125.969407390478,-1.91881746713713,0.539161615090003,-3.55889108837398,0.000372423917472058,0.00454713232516703
ENSG00000103269,RHBDL1,15.3857478687912,3.49091728226932,0.980935705835168,3.55876257893697,0.000372606160672229,0.00454713232516703
ENSG00000176435,CLEC14A,172.80080686105,-1.97006923205988,0.55367058556848,-3.55819738922399,0.000373408663704078,0.00455378303467532
ENSG00000261992,GATAD2B,106.283455452426,-11.8894940765352,3.3427468173809,-3.55680364863852,0.000375394521778463,0.00457484585017819
ENSG00000075643,MOCOS,124.638394731166,1.13142205427153,0.318201595003808,3.55567687917462,0.000377007200811807,0.00459133493936308
ENSG00000108799,EZH1,560.648010009227,-1.44137465283599,0.40544531216563,-3.55504086392587,0.000377920349120859,0.00459928804783492
ENSG00000071205,ARHGAP10,345.698422363774,-1.92931902839432,0.542737735804081,-3.55479064955006,0.000378280156558028,0.00460050069354581
ENSG00000113763,UNC5A,46.5937160858498,3.59839621050471,1.01249916728085,3.55397448885663,0.000379456019750658,0.00461162941391813
ENSG00000053747,LAMA3,463.916787830853,-1.87807998290136,0.528559174973701,-3.55320666412575,0.000380565362178503,0.00462193495838082
ENSG00000128016,ZFP36,1264.12322641245,-2.01929930888931,0.568406899089003,-3.5525594642248,0.000381502781135317,0.00462660835213268
ENSG00000105825,TFPI2,65.9457570034189,-2.63300573433787,0.741161657062166,-3.55253905709941,0.000381532374344789,0.00462660835213268
ENSG00000157782,CABP1,16.9764845499769,-2.75782147255367,0.776326430178929,-3.55239930697456,0.000381735089394423,0.00462660835213268
ENSG00000058063,ATP11B,596.956807021499,-1.6074240473645,0.452960616726562,-3.54870597576665,0.000387129089857575,0.0046887696547613
ENSG00000112335,SNX3,540.574823658023,-1.64791758303316,0.464399615913455,-3.54849040904518,0.000387446108270532,0.00468939735287324
ENSG00000149476,TKFC,186.435125802579,1.39656103948003,0.393595828719576,3.54821097576986,0.000387857411686809,0.00469116457651016
ENSG00000130762,ARHGEF16,80.3794896212569,1.41580306188779,0.399090093614229,3.5475775634169,0.00038879125520285,0.00469924522607792
ENSG00000206527,HACD2,887.258049500681,-1.12017280685102,0.315839636875843,-3.54665050255032,0.000390161815049782,0.00471258973738067
ENSG00000170743,SYT9,36.2422092703649,3.26807882138598,0.921583944641409,3.54615424930998,0.000390897326053483,0.00471576341208202
ENSG00000119326,CTNNAL1,213.734302911581,-1.54496966183988,0.435679711753053,-3.54611339514377,0.000390957934859031,0.00471576341208202
ENSG00000206120,EGFEM1P,14.7351115783716,-4.02986324975209,1.13677205336668,-3.54500556010081,0.000392604804357934,0.00473239996963964
ENSG00000121210,TMEM131L,364.986290191543,-1.15854100036175,0.326961006287143,-3.5433613736321,0.000395060948551203,0.00475876209348156
ENSG00000173548,SNX33,546.957109796321,-1.13376766564357,0.32005365483972,-3.54242999103181,0.000396458643348396,0.00477234730451306
ENSG00000050628,PTGER3,849.075668090886,-1.99358854582854,0.562814502949296,-3.54217692575727,0.000396839207407824,0.00477367871060717
ENSG00000179918,SEPHS2,244.781079205303,1.55005934091419,0.437962962753952,3.53924754542547,0.000401269374906681,0.0048220917132665
ENSG00000150093,ITGB1,7474.2583930798,-1.72050211037695,0.486133506469995,-3.53915557656207,0.000401409206691641,0.0048220917132665
ENSG00000131171,SH3BGRL,1598.87103751359,1.06348630773882,0.300720511909762,3.53646081866853,0.000405526649751335,0.00486824694334886
ENSG00000288297,ECSCR,84.4394025136694,-2.28399955876362,0.645944298277902,-3.53590791783874,0.000406376315286394,0.00487513730204159
ENSG00000152749,GPR180,283.587499968619,-1.50706153196265,0.426439947487259,-3.5340533663481,0.000409238440374228,0.0049061446380593
ENSG00000013297,CLDN11,76.673946810366,-2.37627031498333,0.672538629279337,-3.53328450074256,0.000410430541084246,0.00491710247831486
ENSG00000163492,CCDC141,99.5796779839343,-2.43802448444133,0.690225559006879,-3.5322141474292,0.000412095489887745,0.00493370653194652
ENSG00000100522,GNPNAT1,387.631006717694,1.09682926408687,0.310542138297343,3.53198206884457,0.000412457322414145,0.00493390506401851
ENSG00000146674,IGFBP3,614.720829161293,-1.72075985081419,0.487212638720575,-3.53184567488421,0.000412670111954045,0.00493390506401851
ENSG00000183888,SRARP,80.419554441049,2.73469699500941,0.774402560599773,3.53136357515579,0.000413423062403748,0.0049392530224299
ENSG00000042286,AIFM2,449.690034072162,-1.54480825532803,0.437473799403309,-3.53120177124909,0.000413676057581783,0.0049392530224299
ENSG00000163430,FSTL1,4197.19543313046,-2.07305787354193,0.587240065060041,-3.53017104398347,0.000415291091269349,0.00495519053098239
ENSG00000197971,MBP,284.435465557561,-0.994867116392324,0.281908794949473,-3.52903894527532,0.000417071747567468,0.00497291092399176
ENSG00000166145,SPINT1,310.003123679998,2.64948313842197,0.750802216574836,3.52886962762168,0.000417338676197691,0.00497291092399176
ENSG00000144724,PTPRG,1101.51064149879,-1.32274022679241,0.375017024917862,-3.52714713973884,0.000420063253923276,0.0050020057367847
ENSG00000215630,GUSBP9,64.6639452972096,3.75999435554011,1.06649522706667,3.52556135284518,0.000422586279321667,0.00502866297257405
ENSG00000119636,BBOF1,166.677922654487,1.31853751963687,0.37406921012335,3.52484910266226,0.000423724085689807,0.00503881170628975
ENSG00000123358,NR4A1,964.283124633883,-1.22036955703859,0.346359026975909,-3.52342356338665,0.000426009955533661,0.00506259008313288
ENSG00000068366,ACSL4,525.711016873362,-1.84800958880485,0.524775558768873,-3.52152374081654,0.00042907424531857,0.00509549356111169
ENSG00000127586,CHTF18,80.285893594091,1.81836644288624,0.516383290383507,3.52135027749596,0.000429355053218143,0.00509549356111169
ENSG00000162729,IGSF8,192.790732761032,1.04682622385498,0.297333997332976,3.52070813712793,0.00043039606429003,0.00510442227018149
ENSG00000169026,SLC49A3,79.4073421627154,1.67629690598024,0.476465158283967,3.51819409422837,0.000434494441207112,0.00514957453342182
ENSG00000176974,SHMT1,234.15821821392,-1.58959626720047,0.451859194662323,-3.51790178440074,0.000434973320040716,0.00515179719911587
ENSG00000101361,NOP56,408.435349448135,1.01335691554968,0.288217630487909,3.51594353834018,0.000438194160846764,0.00518384061089299
ENSG00000241484,ARHGAP8,282.456721022119,2.23138821392379,0.634656235351349,3.5159005610155,0.000438265097171578,0.00518384061089299
ENSG00000057019,DCBLD2,454.228099333769,-0.937805636174904,0.266878070996311,-3.51398536670279,0.000441437130238634,0.00521786950134343
ENSG00000136098,NEK3,145.09756096629,-1.16721412619167,0.332192054901821,-3.5136726148873,0.000441957155213259,0.00522011471820287
ENSG00000262145,ATP23,16.5680633708629,-5.98177812177266,1.70250479112114,-3.51351617509018,0.00044221748842775,0.00522011471820287
ENSG00000198947,DMD,1778.64948311712,-1.30140428581319,0.370451020236974,-3.51302659385496,0.000443033131243112,0.00522625407589857
ENSG00000203710,CR1,99.7347015366623,-2.60640491969239,0.742178395212223,-3.51183076266603,0.000445031294707934,0.00524309298121787
ENSG00000086015,MAST2,376.184242422501,1.23082538931561,0.350498481405402,3.5116425736863,0.000445346512372559,0.00524309298121787
ENSG00000139567,ACVRL1,251.491938597695,-2.12289265251772,0.60456440871855,-3.51144166263021,0.000445683269582249,0.00524309298121787
ENSG00000236313,VN1R53P,347.663047327111,2.814220006855,0.80147656534613,3.51129418941854,0.000445930608151597,0.00524309298121787
ENSG00000162817,C1orf115,480.31817370784,-2.05184019495863,0.58435563515291,-3.51128674308363,0.000445943100364852,0.00524309298121787
ENSG00000175352,NRIP3,136.673737358466,1.63835016579618,0.466671683724,3.51071261217798,0.000446907265076466,0.00525093765338681
ENSG00000271601,LIX1L,301.864630866856,-1.52776737463971,0.435216614313623,-3.51036087408827,0.0004474989159425,0.00525297931361246
ENSG00000289697,NA,36.2030252775416,-4.71838152452179,1.34417013480806,-3.51025618136915,0.000447675158378893,0.00525297931361246
ENSG00000081189,MEF2C,560.920359440735,-1.11954812226049,0.319074628996317,-3.50873438537607,0.000450244314938331,0.00527761970924113
ENSG00000188959,C9orf152,66.2581989764717,3.72324030836438,1.06115765252229,3.50865896270411,0.000450372003689695,0.00527761970924113
ENSG00000186765,FSCN2,19.9285234604642,3.85091104773501,1.0981702557567,3.50666121901244,0.000453766463174284,0.00531130316311099
ENSG00000114395,CYB561D2,71.8780371152994,1.39944797937399,0.399088128151695,3.50661390469137,0.000453847145815795,0.00531130316311099
ENSG00000076864,RAP1GAP,92.4529917410351,3.51211340026675,1.00168410698762,3.50620856991409,0.000454538890861959,0.00531588042798414
ENSG00000091592,NLRP1,340.435525443262,-1.23639513930148,0.352764620115685,-3.50487284948252,0.000456825403353505,0.00533909028916063
ENSG00000103067,ESRP2,166.9919705278,3.62780513507195,1.03544772133303,3.5036101391981,0.000458996800660493,0.00536092498420046
ENSG00000135476,ESPL1,34.4867742543344,2.20438875112111,0.629221648834923,3.50335808566471,0.000459431391501118,0.00536245894119754
ENSG00000157514,TSC22D3,1296.06054797795,-1.06334692126229,0.303571843802831,-3.50278506709247,0.000460420819477393,0.00537046263246619
ENSG00000130173,ANGPTL8,13.2218925665211,-5.94299920866212,1.6969411583931,-3.5021834312097,0.000461461800204808,0.00537648116291253
ENSG00000132205,EMILIN2,238.405123002238,-2.07265263397629,0.59182537555513,-3.50213546019745,0.000461544896527807,0.00537648116291253
ENSG00000186439,TRDN,144.27421543608,-2.53057457299489,0.72285996779771,-3.50078118270213,0.000463896571190421,0.00540031801735366
ENSG00000164776,PHKG1,39.5973046477337,-1.67083872138408,0.477381679057576,-3.50000595892697,0.000465247757674608,0.00541248427563164
ENSG00000273608,SRCIN1,137.225359946403,2.09801735706348,0.599528943948111,3.49944298476616,0.000466231301420845,0.00542036035701828
ENSG00000177189,RPS6KA3,663.601787376899,-1.34741759185659,0.385116713340162,-3.4987253089337,0.000467487929411386,0.00543139885399576
ENSG00000122971,ACADS,205.048016129896,-1.66463007557704,0.475902093532,-3.49784146403447,0.000469039856250573,0.00544585146295396
ENSG00000113163,CERT1,789.971275879424,-1.15774110154993,0.331180196837756,-3.49580413504345,0.000472635491410514,0.00548399829042791
ENSG00000105219,CCNP,34.0212415011571,3.39664901946447,0.971847076730632,3.49504474602225,0.00047398228560495,0.00549601885662448
ENSG00000188517,COL25A1,110.395584903626,-2.40054337567747,0.687032324022121,-3.49407632180081,0.000475705002542605,0.00551237979027581
ENSG00000100097,LGALS1,1698.41504473477,-2.29631141274052,0.65750400501346,-3.49246756708883,0.000478579710544118,0.00554205960808882
ENSG00000171940,ZNF217,755.658345778053,0.905862188770851,0.25950407568494,3.49074358997985,0.000481678292113501,0.00557429138707005
ENSG00000279208,NA,37.3395593673988,-2.5997885366418,0.744875871511115,-3.49023056870893,0.000482603974639648,0.00557937301093653
ENSG00000128052,KDR,592.366870316921,-1.71358928538762,0.49097861053447,-3.49015058623886,0.000482748442387202,0.00557937301093653
ENSG00000145777,TSLP,12.7975191723349,-3.71761024150041,1.06530572827066,-3.48971205433704,0.000483541254504498,0.00558488569784652
ENSG00000178175,ZNF366,130.821136409559,-2.25239407138409,0.645542577208524,-3.48914874232458,0.000484561435658564,0.00559301557881879
ENSG00000043591,ADRB1,31.3497475235007,-3.42437930032911,0.981543376098846,-3.48877022016015,0.000485248082081783,0.00559728756389574
ENSG00000101213,PTK6,91.509382941147,1.91075029300688,0.547751081322944,3.4883551272815,0.000486002111619131,0.0056023307299616
ENSG00000107651,SEC23IP,564.322027417984,0.88248039178529,0.253037191892098,3.48755210720803,0.000487463926073494,0.00561552091515153
ENSG00000196569,LAMA2,1201.38104110676,-1.48815230070887,0.426727298467852,-3.48736138056323,0.000487811726176086,0.00561586898045034
ENSG00000122121,XPNPEP2,27.4165319825519,-3.35538685505401,0.962243051379634,-3.48704711376524,0.000488385313128283,0.00561881424336202
ENSG00000082512,TRAF5,495.205762651405,1.51195249537998,0.43376726230936,3.48563072125454,0.000490978269000985,0.00564136193475182
ENSG00000103260,METRN,127.779464441704,2.13307224764561,0.611962099325957,3.48562803153181,0.000490983205201778,0.00564136193475182
ENSG00000145779,TNFAIP8,270.997797013942,-2.11613615980248,0.607651974360756,-3.48248051366678,0.000496791375508407,0.00570439083968517
ENSG00000115904,SOS1,1128.08455758579,-0.802606942060769,0.230643973895071,-3.47985220904105,0.000501690451029855,0.005756906064608
ENSG00000133104,SPART,539.025859373762,-1.12849470664852,0.32437837629017,-3.47894554364204,0.000503390869245309,0.00577267233519118
ENSG00000151012,SLC7A11,326.546447993306,2.41064788119372,0.693027619686824,3.47842973745127,0.000504360641538628,0.00578004486346569
ENSG00000188158,NHS,181.945587347084,-1.54013083185363,0.442831565636366,-3.47791564867424,0.000505328917737196,0.00578739070747852
ENSG00000067836,ROGDI,77.5258917291135,1.91359465698074,0.550270839068295,3.4775505462379,0.0005060176331908,0.00579152738363296
ENSG00000105088,OLFM2,113.297000281509,-2.40300292210377,0.691199988882121,-3.47656678350089,0.000507877724099406,0.00580351228574325
ENSG00000162814,SPATA17,35.0509121548803,2.00947126228192,0.578012164152073,3.4765207151475,0.000507964985825082,0.00580351228574325
ENSG00000261371,PECAM1,1803.49469175806,-2.00270919207797,0.576083802852633,-3.47641989266322,0.00050815601046664,0.00580351228574325
ENSG00000184949,FAM227A,151.807637432144,2.47860883806664,0.713001380643207,3.47630299934435,0.000508377567755262,0.00580351228574325
ENSG00000187800,PEAR1,130.364084512708,-1.7477847848117,0.503035939991836,-3.47447298664199,0.000511857899190579,0.00583696038929882
ENSG00000136720,HS6ST1,264.572153499824,1.19089450671303,0.342761116059013,3.47441541912823,0.000511967740983005,0.00583696038929882
ENSG00000101294,HM13,403.944207217701,0.900395287038136,0.259341096188885,3.4718573348759,0.000516870937954086,0.00588906494577455
ENSG00000171596,NMUR1,36.4888716186643,-2.28387582057256,0.657957393506629,-3.4711606604198,0.000518213849090943,0.00589913105771944
ENSG00000078114,NEBL,1152.43939663849,2.42589827628857,0.698915320796778,3.47094734383988,0.000518625688445589,0.00589913105771944
ENSG00000134853,PDGFRA,1079.04107616465,-1.8437409659181,0.531202697488562,-3.4708802772181,0.000518755233543727,0.00589913105771944
ENSG00000274145,RILP,39.254929074451,-3.47440416408652,1.00158786056073,-3.46889604087394,0.000522601634698616,0.00593369046713219
ENSG00000143217,NECTIN4,218.655003914981,3.26464287448548,0.941130729468034,3.46885164012314,0.000522688007898892,0.00593369046713219
ENSG00000176115,AQP7P4,15.9027999402011,-5.78538452263617,1.66783764908675,-3.468793575804,0.000522800981043486,0.00593369046713219
ENSG00000130962,PRRG1,128.503284016043,-1.89657266826112,0.546950174020366,-3.46754194138076,0.000525241769392914,0.00595756908798903
ENSG00000128268,MGAT3,69.6894267853228,-2.69264508848998,0.776711297234858,-3.46672579383867,0.000526839038679449,0.00597185559036455
ENSG00000136883,KIF12,163.541481037946,3.60940625149698,1.04138615572773,3.46596335244606,0.000528335289023267,0.00598497944637952
ENSG00000070778,PTPN21,362.240801719436,-1.65105842951965,0.476394522919758,-3.46573763988833,0.000528778996913095,0.00598617093624473
ENSG00000116833,NR5A2,61.5962603925528,-1.58889065357087,0.458560893066144,-3.4649501900322,0.00053032969374863,0.00599988482057391
ENSG00000178904,DPY19L3,460.854967800955,1.43046218063182,0.412876586218803,3.46462412347536,0.000530973044763378,0.00600097298711694
ENSG00000186417,GLDN,154.924724390862,-2.25213734595463,0.650050504821624,-3.46455749091776,0.000531104604695924,0.00600097298711694
ENSG00000180660,MAB21L1,25.7785029918926,-2.96397543698331,0.855688961070145,-3.46384676188471,0.000532509765774595,0.00601300778300904
ENSG00000143344,RGL1,497.608553372049,-1.89858651143357,0.548253865812225,-3.46296967486195,0.000534248603596219,0.00602879263394508
ENSG00000099364,FBXL19,127.843792618099,1.63897499332633,0.473371648280881,3.46234295881155,0.000535494316539006,0.00603385431816985
ENSG00000066629,EML1,177.256659793349,-1.11901124038043,0.323203374093294,-3.46225110897953,0.000535677112129666,0.00603385431816985
ENSG00000133466,C1QTNF6,131.952715613079,1.390900750934,0.401752353616675,3.46208488491174,0.000536008071958044,0.00603385431816985
ENSG00000114656,CFAP92,161.012114961946,2.29563460963393,0.663114350021499,3.46189855423805,0.000536379291453567,0.00603385431816985
ENSG00000136156,ITM2B,2565.25736414769,-1.47765077288446,0.426833971258559,-3.46188652352922,0.00053640326800673,0.00603385431816985
ENSG00000103994,ZNF106,2123.56972597885,-1.38431349120176,0.399925279428059,-3.46143032813902,0.000537313178010825,0.00604024725159912
ENSG00000206208,TAPBP,89.3083959907758,3.54397126164039,1.02414835934267,3.46040808376145,0.000539357332210118,0.00605937465404797
ENSG00000166947,EPB42,13.2794609048571,-4.71361008885074,1.36265473350994,-3.45913750045059,0.000541908182811359,0.00608416660104969
ENSG00000035687,ADSS2,416.180446562887,1.04645188486001,0.302650056549602,3.45762990032188,0.000544949452602177,0.00611442967662709
ENSG00000118729,CASQ2,157.514823355154,-2.65005967594816,0.766934596898948,-3.45539200691104,0.000549493268687102,0.00616150251756121
ENSG00000292251,GPATCH4,124.959927192008,1.28883761896184,0.37304477833797,3.45491397763027,0.000550468422209958,0.00616852541821209
ENSG00000180447,GAS1,263.047553935615,-1.99936984017428,0.578949978867089,-3.4534414252622,0.000553482489173248,0.00619837292973435
ENSG00000110077,MS4A6A,407.912137337971,-1.46560813692788,0.424620277624342,-3.45157359212246,0.00055732774630531,0.00623748515058026
ENSG00000162434,JAK1,1816.60578415028,-1.21141733067153,0.351048930658091,-3.45085036550477,0.000558823304389459,0.00625026723056218
ENSG00000173890,GPR160,340.049107608679,1.50636913272222,0.436554232572416,3.45058877071441,0.00055936517535029,0.00625237319577698
ENSG00000151702,FLI1,247.939089666799,-1.65331856259024,0.479310446369012,-3.44936893221263,0.000561898432888139,0.00627672140793491
ENSG00000110880,CORO1C,793.009974897004,-1.46231423698826,0.424041948096847,-3.44851315666129,0.000563682008198699,0.00629266979228384
ENSG00000135094,SDS,22.5380937419942,2.21689601210131,0.642926037408214,3.44813537345313,0.000564471046118524,0.00629561501909117
ENSG00000003989,SLC7A2,3269.94750446882,2.49692019446093,0.724155131122765,3.44804598786669,0.000564657887252084,0.00629561501909117
ENSG00000154734,ADAMTS1,800.228323672965,-1.97816094656019,0.573942932357572,-3.44661609201204,0.000567654614622829,0.00632503878410554
ENSG00000124126,PREX1,664.714462392487,1.11153528897188,0.32252334874065,3.44637153654789,0.000568168626451385,0.00632677948459688
ENSG00000110079,MS4A4A,213.78151379842,-2.13832484238113,0.620659321972058,-3.44524728249775,0.000570537188415508,0.00634915613766609
ENSG00000178467,P4HTM,234.710713007725,1.39717325738881,0.405584933181581,3.44483520733571,0.000571407642645206,0.00635484361314162
ENSG00000131779,PEX11B,151.53644695616,1.06048854960497,0.307961309007904,3.44357722410432,0.000574072621819333,0.00638046899536849
ENSG00000141052,MYOCD,26.9389055670196,-2.33072430765927,0.676934458199675,-3.44305756551069,0.000575176868619854,0.00638872648731462
ENSG00000274334,VASN,75.1840955616617,-4.32820723916214,1.25756586228376,-3.44173404270219,0.000577998223597871,0.00641603426734536
ENSG00000107317,PTGDS,67.1234971566454,-2.162265110561,0.628372937847201,-3.44105383972915,0.000579453220789501,0.00642815012749106
ENSG00000179941,BBS10,166.678342217209,-1.05424078248726,0.306429989974994,-3.44039688339021,0.000580861728660469,0.00643973539053484
ENSG00000176014,TUBB6,547.089722883305,-2.00590132127069,0.583399822677338,-3.43829607637728,0.000585387261732329,0.00648584144687518
ENSG00000103549,RNF40,608.612333437989,0.903443514081336,0.262849182785688,3.43711745460495,0.000587940586693157,0.00651005221947094
ENSG00000160877,NACC1,270.777713588684,1.27799557188478,0.371879623868078,3.43658401767702,0.000589099610523017,0.00651880376275251
ENSG00000094804,CDC6,29.223820131403,1.99047525872424,0.579295430947259,3.43602789248559,0.000590310194551725,0.00652811455300698
ENSG00000213853,EMP2,1250.37345619352,1.09404449777436,0.318599380712144,3.43391909717122,0.00059492173205222,0.00657500061742463
ENSG00000110107,PRPF19,384.12439264561,0.945625614426552,0.275416622278794,3.43343697487267,0.000595980741658452,0.00658259054012892
ENSG00000260105,AOC4P,15.1489068566069,-4.90913161825399,1.43004502133833,-3.43285109559677,0.000597270021206957,0.00659271272472074
ENSG00000164879,CA3,148.136631261913,-2.44578925177029,0.712836355269885,-3.43106693940195,0.000601212223759036,0.00663208718199067
ENSG00000141337,ARSG,205.447788419707,1.69052961432886,0.492921963662646,3.42960902323649,0.000604451544562049,0.00666366375467002
ENSG00000166532,RIMKLB,407.06897892261,-0.836726627483067,0.244114284663432,-3.42760207022169,0.000608937338016237,0.00670893392407546
ENSG00000076770,MBNL3,423.605348719316,-2.21640745996427,0.646695013752635,-3.42728397904744,0.00060965114970137,0.00671261599014279
ENSG00000119411,BSPRY,121.99056887027,2.9047760251974,0.847677653692951,3.42674601901158,0.000610860129847469,0.00671879464017903
ENSG00000292373,IL9R,17.9603415337005,2.64251026881599,0.771153939744129,3.42669619206353,0.000610972220856635,0.00671879464017903
ENSG00000164099,PRSS12,31.1887706428739,-2.13318368967876,0.62271674719913,-3.42560835126635,0.000613424209957629,0.00674152207955673
ENSG00000133321,PLAAT4,201.420331282783,1.50813777385,0.440275461257633,3.42544135787638,0.000613801422161757,0.00674152207955673
ENSG00000155754,C2CD6,21.6698300339804,-3.06407741185468,0.894556545448231,-3.42524732220184,0.000614239989800775,0.0067421512971118
ENSG00000172009,THOP1,122.135174734247,1.33229266650087,0.388999662138362,3.42491985514114,0.000614980806075035,0.00674609528152906
ENSG00000152601,MBNL1,1954.14315387856,-1.23078617582679,0.359452903990403,-3.42405406150133,0.000616943464919989,0.00676342919416006
ENSG00000189369,GSPT2,48.777092279461,-1.91261932002082,0.558629567849073,-3.42377029448172,0.000617588000617652,0.0067663002570768
ENSG00000152076,CCDC74B,33.5283787671938,2.18619491474805,0.638906819748587,3.42177426687717,0.000622139422429091,0.00681194514353784
ENSG00000103356,EARS2,290.780520786227,0.997849827730153,0.291688121168006,3.42094777029132,0.000624033153753878,0.00682845189222143
ENSG00000138193,PLCE1,284.590249087215,-0.91406003268983,0.267299498938844,-3.41960997427443,0.000627109782511667,0.00685642998475449
ENSG00000183044,ABAT,233.928580071038,1.63057720861629,0.476869778326744,3.41933433973884,0.000627745430470197,0.00685642998475449
ENSG00000065911,MTHFD2,462.942449615259,1.14759420541949,0.335619516588641,3.4193309646711,0.000627753217514987,0.00685642998475449
ENSG00000166573,GALR1,36.4500605339056,-2.32018528483875,0.678712088642072,-3.4185118014928,0.000629645872390181,0.00687285676634294
ENSG00000102755,FLT1,587.751378868675,-1.48728898529043,0.435125041502823,-3.4180726077122,0.000630662802776373,0.00687971026619038
ENSG00000228691,NEU1,190.745519944893,1.18541852213974,0.346897536346159,3.41720075220381,0.000632686067600611,0.00689752634610456
ENSG00000153446,C16orf89,33.2975496896958,-2.4125974178323,0.706606731861657,-3.41434253177289,0.000639361398704149,0.00696600592315802
ENSG00000197629,MPEG1,502.028954837291,-1.88890225985753,0.553648618512874,-3.41173480199628,0.000645508806511506,0.00702865284824074
ENSG00000198785,GRIN3A,9.44510442391824,-4.23075893598448,1.24047858633033,-3.41058602913914,0.00064823430437248,0.00705398597182681
ENSG00000171056,SOX7,31.350859150484,-3.95462227041478,1.15969080380775,-3.41006607746661,0.000649471420221194,0.00706310155213491
ENSG00000112796,ENPP5,299.687014390427,2.52195481112649,0.739621631785052,3.40979049658112,0.000650127997026765,0.00706589635613048
ENSG00000133818,RRAS2,202.455521864094,-1.88190927369479,0.552009085734477,-3.40919981632333,0.000651537384287255,0.00707686459849602
ENSG00000062716,VMP1,2770.72489664294,1.1065051046614,0.324616394102966,3.40865441414037,0.000652841258783177,0.00708667402029645
ENSG00000065618,COL17A1,197.48481111473,-2.65941740119329,0.780430120913518,-3.40763039499342,0.000655295904131588,0.00710761157458863
ENSG00000163472,TMEM79,54.7747142073401,2.25886128802957,0.662905824626147,3.40751461839014,0.000655573968113671,0.00710761157458863
ENSG00000254838,GVINP1,123.728774995592,-1.53663545206238,0.451166749217108,-3.40591467507045,0.00065942784998592,0.00714501389172857
ENSG00000143374,TARS2,195.745253855585,1.36178963309392,0.39990938993117,3.40524545654781,0.000661046077948523,0.00715460019748649
ENSG00000143512,HHIPL2,35.106875729465,2.70866114523773,0.795445161923566,3.40521418055718,0.000661121796227616,0.00715460019748649
ENSG00000041515,MYO16,29.7416522284586,-2.18856628774843,0.642744330036113,-3.40503398548139,0.00066155820045844,0.0071549441337655
ENSG00000115459,ELMOD3,450.224745509304,-1.87102633250287,0.549531595788745,-3.40476570745196,0.00066220842408325,0.00715759875492916
ENSG00000102935,ZNF423,138.411808678362,-1.72584358611231,0.50697618993129,-3.40419061168576,0.000663604282530879,0.00716442897449957
ENSG00000104324,CPQ,298.406892751807,-1.23697664417166,0.363375676952303,-3.40412614995698,0.000663760912867094,0.00716442897449957
ENSG00000284845,NA,20.8120047689637,4.0820357348315,1.19918623896148,3.40400481777261,0.000664055821365424,0.00716442897449957
ENSG00000100234,TIMP3,6307.23277193058,-1.63611100417484,0.480727837488565,-3.4034039150349,0.000665518164720912,0.00717582786997554
ENSG00000150337,FCGR1A,35.2766480538651,1.72991019785793,0.50831714383407,3.40321041468282,0.000665989699775211,0.00717653617375079
ENSG00000140474,ULK3,176.978724905265,1.14557119853884,0.336772791525398,3.40161446341918,0.000669890687594564,0.00721417602237191
ENSG00000173530,TNFRSF10D,45.7518368349617,-1.87362850458058,0.551055933959436,-3.40006955576763,0.000673687135721029,0.00724633590210413
ENSG00000115310,RTN4,2685.54283742535,-1.51286718263326,0.44495233384856,-3.40006573186819,0.000673696557318283,0.00724633590210413
ENSG00000134343,ANO3,37.99830466627,-3.06825938997675,0.903059913470025,-3.39762549993711,0.000679734020209695,0.00730683080812647
ENSG00000164342,TLR3,222.815846923495,-1.47916827002182,0.435520123610543,-3.39632588675637,0.000682969927678136,0.00733715506144136
ENSG00000101447,FAM83D,15.2908247962501,2.59896183426494,0.765379628014071,3.39565065379185,0.000684656837665464,0.00735081169425525
ENSG00000112655,PTK7,395.935321450876,2.100746465843,0.619079579871845,3.3933383270013,0.000690463025019755,0.00740865149965069
ENSG00000100979,PLTP,330.435544657478,-2.13299171640285,0.628987756053381,-3.39114982108145,0.000696000425575725,0.00746353882683781
ENSG00000170004,CHD3,1155.19845179376,0.971934167750832,0.286644947226079,3.39072492697476,0.000697080273873436,0.00747058817145695
ENSG00000274296,DECR2,40.3271919766055,1.94000294061126,0.572240754775247,3.39018660314262,0.000698450634483512,0.00748074050246635
ENSG00000104419,NDRG1,993.256233272842,-1.80943003359802,0.533773793723386,-3.3898817343133,0.000699227820519839,0.00748453120475321
ENSG00000166167,BTRC,308.186200485374,1.05305229886096,0.310679172162568,3.38951688177518,0.000700158976265478,0.00748996441458104
ENSG00000135773,CAPN9,49.2397109872375,2.13409072502781,0.629863024938883,3.38818225634834,0.000703574957139372,0.00752195644927178
ENSG00000206113,CFAP99,7.40234673566975,4.17782986206518,1.23354619433491,3.3868450822936,0.000707012987540265,0.00755414541309638
ENSG00000160345,PIERCE1,17.9930799515788,3.29022980684923,0.971603481773889,3.38639153581681,0.000708182649402555,0.00756207354431484
ENSG00000048052,HDAC9,198.404414678393,-1.8617515951115,0.549810389378072,-3.38617027084092,0.000708753927278286,0.00756360633437654
ENSG00000292130,SMPD4,432.007162013868,0.988588633282841,0.291990083307419,3.38569249367971,0.000709988947715186,0.00757221626203114
ENSG00000184640,SEPTIN9,1091.85145922509,0.763758925943335,0.225622192068872,3.38512324049309,0.000711463037756382,0.00758336401244491
ENSG00000155966,AFF2,43.2214342380519,-2.45225003568289,0.724481651544788,-3.38483387461096,0.000712213444932563,0.00758678936550753
ENSG00000135363,LMO2,107.230688170871,-1.72717804384893,0.510454395250256,-3.38360891770196,0.000715398256159383,0.00761612725085272
ENSG00000049283,EPN3,52.5280040583232,3.28577077536111,0.971350839117725,3.38268176959168,0.000717817575266622,0.00763728530892881
ENSG00000140285,FGF7,268.682163405241,-1.76990457926345,0.523494169491509,-3.38094420608854,0.000722372092519236,0.00768112189538043
ENSG00000161533,ACOX1,1454.09937986907,-1.41336325921354,0.418082517148448,-3.38058445699537,0.00072331841847793,0.0076865622559767
ENSG00000111665,CDCA3,14.6773015883876,2.90140736514523,0.858409012029509,3.3799824145433,0.00072490467795249,0.0076973577002271
ENSG00000146966,DENND2A,145.698468742204,-1.33144797471156,0.39393483201439,-3.37986861406286,0.000725204882009746,0.0076973577002271
ENSG00000124343,XG,75.1610092646515,-2.66924106789021,0.790163238215388,-3.37808814532905,0.000729916797543239,0.00774272269403545
ENSG00000148730,EIF4EBP2,2332.49672890619,-1.40640453745564,0.416484783142389,-3.3768449517994,0.000733223686810941,0.00777313816179728
ENSG00000150938,CRIM1,2110.81552050229,-1.34123147754925,0.397291324261959,-3.37593950746555,0.000735640917540492,0.00779409127913033
ENSG00000154305,MIA3,1664.80977931402,1.12031744147227,0.331922634814989,3.37523664843382,0.000737522414609319,0.00780934662127939
ENSG00000214050,FBXO16,26.7574346667382,2.47192816690163,0.732634222484249,3.37402770856062,0.000740769108540342,0.00783903060820997
ENSG00000154511,DIPK1A,186.195933489057,-2.32829196183247,0.690393855320994,-3.37241118803114,0.000745131133331719,0.00788047477912965
ENSG00000124212,PTGIS,578.121027576747,-1.88269066058657,0.558626734180368,-3.37021224619496,0.000751103067933904,0.00793888556501806
ENSG00000101974,ATP11C,339.435347436836,-1.15356512024654,0.342441180180819,-3.36865186493465,0.000755367713084482,0.00797919191784522
ENSG00000132849,PATJ,1799.11269953807,1.77025830139475,0.525704992848371,3.36739868458,0.000758809022631789,0.0080107581774316
ENSG00000100290,BIK,32.8922819547405,3.65726942249605,1.08634249170651,3.36658968089421,0.000761038322306609,0.00802949919650822
ENSG00000149923,PPP4C,229.682578756373,1.22178250835047,0.362959581041829,3.36616684657698,0.000762205907681743,0.00803702269859049
ENSG00000099769,IGFALS,9.64534558894202,4.26510617329087,1.26744377282517,3.36512456389588,0.000765091101504983,0.00806263763284423
ENSG00000214313,AZGP1P1,20.7879140595635,3.78835273228451,1.12613446734432,3.36403230887541,0.000768125504800198,0.00808979350886356
ENSG00000164078,MST1R,81.651042587074,3.05451404205394,0.908864148890085,3.36080375244655,0.000777160234505125,0.00817603193875183
ENSG00000198844,ARHGEF15,163.510120110536,-1.60500246972986,0.477569023435759,-3.36077591084749,0.000777238573151718,0.00817603193875183
ENSG00000135049,AGTPBP1,230.119040069271,-1.44283868418144,0.429364147279371,-3.3604079272195,0.00077827466741798,0.0081820635814222
ENSG00000123384,LRP1,11924.2642663955,-1.85887280725361,0.553209580418208,-3.36016018711817,0.000778972926141654,0.00818453847472541
ENSG00000285226,PAK1IP1,12.9094477383984,-6.33442438140066,1.88604461782421,-3.35857610235553,0.000783451455120266,0.00822670551121833
ENSG00000006652,IFRD1,332.598636965249,-1.00762744962693,0.300042696713907,-3.35828020699238,0.000784290655926441,0.00823063007047315
ENSG00000123560,PLP1,83.5307378902078,-2.19564319379065,0.653841556709723,-3.35806614195589,0.000784898294521229,0.00823212131792342
ENSG00000197283,SYNGAP1,147.660562635842,1.5920580542194,0.474209204590782,3.35729049290232,0.000787103690843136,0.00825035836702975
ENSG00000149927,DOC2A,64.1931230235123,2.76418424278186,0.82351551527988,3.35656607737673,0.000789168608343533,0.00826710219273619
ENSG00000243364,EFNA4,54.9613094436212,2.28266174447883,0.68021737671544,3.35578275800759,0.00079140708605213,0.00828564328162215
ENSG00000169814,BTD,581.627973114085,-1.17623750097552,0.350653700292402,-3.35441348542646,0.000795334191630846,0.00831818709752038
ENSG00000163814,CDCP1,159.304465854005,2.44677346626558,0.729428398879596,3.35437099792637,0.000795456335571281,0.00831818709752038
ENSG00000169313,P2RY12,50.8314647845508,-1.76535855396813,0.526341866475521,-3.35401507349071,0.000796480238463201,0.00832397166474278
ENSG00000166960,CCDC178,12.2377178374624,-4.06843035840176,1.21348067709138,-3.35269480199182,0.000800289012634744,0.00835883674567051
ENSG00000104765,BNIP3L,1639.27423965537,-1.54585006242536,0.461330412114506,-3.35085227817511,0.000805632661423056,0.00840968261625968
ENSG00000143632,ACTA1,134.793981832004,4.00733213011693,1.19597455905759,3.35068342362954,0.000806124022383042,0.00840984724943914
ENSG00000168807,SNTB2,1067.38269935091,-1.67111937142007,0.498903762873454,-3.34958261648539,0.000809334155785332,0.00843835841789624
ENSG00000161091,MFSD12,180.857530956682,1.10842440672636,0.331222121359714,3.34646853349081,0.00081847968501656,0.00852868371841357
ENSG00000135549,PKIB,480.450861714036,1.66553337830803,0.497865941805156,3.34534507877594,0.000821802548112107,0.00855826528755382
ENSG00000088387,DOCK9,936.542477706773,-0.872454895450396,0.260854979269901,-3.3445974383632,0.000824020789368562,0.00857631525509375
ENSG00000204161,TMEM273,104.431457647676,-2.19013958891468,0.655063348470058,-3.3434012054405,0.00082758155714444,0.00860830863234419
ENSG00000175274,TP53I11,486.848788866472,1.14680785766092,0.343126055249777,3.34223484376932,0.000831067147926349,0.00863467856854912
ENSG00000221869,CEBPD,260.046266372063,-1.59124729639362,0.476104023187424,-3.34222610794282,0.000831093305642176,0.00863467856854912
ENSG00000111885,MAN1A1,1413.33126504398,-2.11966705828157,0.634349799259544,-3.34147982825215,0.000833330715097676,0.00865284030244991
ENSG00000153944,MSI2,1224.88305790131,1.73491366402247,0.519351348526845,3.34053944202438,0.000836158028695898,0.00867710235999388
ENSG00000071991,CDH19,17.656112820249,-3.97438929588656,1.19024547676005,-3.33913413114175,0.000840399746919222,0.00871600511716868
ENSG00000103245,CIAO3,149.046772616093,1.22604723484427,0.367275587911842,3.33822142063675,0.000843165306800532,0.00873956161790961
ENSG00000120885,CLU,2063.72649678762,-1.4505510652272,0.434650824288897,-3.3372789930868,0.000846029766790494,0.00876411503582677
ENSG00000221955,SLC12A8,108.218713477537,2.36698098741032,0.709556380064738,3.33586034022322,0.000850358712120141,0.0088038015845553
ENSG00000164062,APEH,349.776682371693,0.927883155817807,0.278222865775574,3.33503557743624,0.000852884866669172,0.00882478823716265
ENSG00000196177,ACADSB,888.635880876245,0.797090001362999,0.239023699864514,3.33477392331728,0.00085368773648866,0.00882792996744385
ENSG00000186197,EDARADD,100.796584929191,3.51311617395704,1.05381078393858,3.33372577648798,0.00085691094417328,0.00884958084463041
ENSG00000004777,ARHGAP33,58.0871384557259,1.6498445980102,0.494911667834427,3.33361426945011,0.000857254508282468,0.00884958084463041
ENSG00000124942,AHNAK,61932.0950012964,-1.51260787179347,0.453745369768145,-3.33360508464557,0.000857282813258604,0.00884958084463041
ENSG00000154493,C10orf90,17.4901802077848,-4.47151734533788,1.34153293182271,-3.3331402004888,0.000858716587648582,0.00885920969626014
ENSG00000125355,TMEM255A,30.0777390175875,-2.18791968573354,0.656686199923447,-3.3317582827058,0.000862991775266956,0.0088981245259741
ENSG00000117399,CDC20,21.0470098070793,2.78550203736198,0.83618001045586,3.33122294545574,0.00086465322546507,0.00891006001509257
ENSG00000288265,NA,13.4163327016019,4.42953157849513,1.33012159151676,3.33017041956597,0.000867928452143329,0.00893860152548077
ENSG00000160539,PLPP7,32.032283674573,-2.26314744494097,0.679625647206216,-3.32999123009005,0.000868487194552589,0.00893914962821503
ENSG00000276710,CSPG4P10,28.7049689991406,-2.26097178618219,0.679023283372287,-3.32974117611011,0.000869267461656256,0.00894197587229062
ENSG00000152465,NMT2,420.744058388666,-1.22097157591571,0.366718504614572,-3.32945177445838,0.000870171320443159,0.00894606945313743
ENSG00000118898,PPL,590.20714945172,-1.41354048086392,0.424877932744299,-3.32693315403278,0.000878074343499904,0.00902207357124277
ENSG00000176531,PHLDB3,72.9342453724365,2.29737505761592,0.690918163155617,3.32510444814934,0.000883854168150738,0.00907618655947126
ENSG00000009307,CSDE1,5379.23250874357,-1.27280160004077,0.383049882459763,-3.32280900823528,0.000891159076332148,0.00914588853556667
ENSG00000128578,STRIP2,62.5096218662873,1.6890294257305,0.508400623572147,3.32224105836646,0.000892975111489088,0.00915921049678744
ENSG00000142945,KIF2C,21.0546257360006,2.52193771903803,0.759146834921344,3.32206841025601,0.000893527838030372,0.00915956681732815
ENSG00000167202,TBC1D2B,796.786400549909,-1.43525233193661,0.432179124749501,-3.32096635340382,0.000897063511777879,0.00919048324378229
ENSG00000134318,ROCK2,1286.64464663469,-1.26423370403264,0.380701803857313,-3.32079777721902,0.000897605488403995,0.00919071097362354
ENSG00000187151,ANGPTL5,11.5795200219469,-4.77030711572551,1.43662536770634,-3.32049483668911,0.000898580212577561,0.00919536683970429
ENSG00000131828,PDHA1,401.213044166253,-1.09901970899585,0.331028815757219,-3.32001220643548,0.000900135122880529,0.0092059510571986
ENSG00000162692,VCAM1,189.566276087882,-1.50730361006799,0.454038545536894,-3.31977014921856,0.000900915907523238,0.00920861040042394
ENSG00000218336,TENM3,303.468147331081,-2.06563377849667,0.622616006684172,-3.31766892646639,0.000907720076582891,0.00927279844842013
ENSG00000151414,NEK7,1400.48281374036,-1.55796894043306,0.469622975121123,-3.31748875793659,0.000908305708779858,0.00927342369997358
ENSG00000198121,LPAR1,303.102682151621,-1.22618302254701,0.369638424838297,-3.31724988570497,0.000909082695418919,0.00927600075192888
ENSG00000291674,PCDHB3,34.5307219538009,-2.3191830260265,0.699185366415971,-3.31697878334418,0.000909965264149534,0.00927965153746032
ENSG00000087053,MTMR2,291.464568344864,-1.28493296521146,0.387884768780016,-3.31266672123492,0.000924110289009773,0.00941846815017857
ENSG00000124839,RAB17,94.8761991449856,3.87481735354976,1.16986938785125,3.31217945677406,0.000925721429653,0.00942945394041129
ENSG00000138794,CASP6,95.5197210037879,1.21276742812767,0.366237119990414,3.31142683778043,0.00092821508078524,0.00944941121101059
ENSG00000104219,ZDHHC2,277.800914524313,-1.4888003857164,0.449999615021883,-3.3084481319923,0.00093814560668021,0.00954050878887357
ENSG00000019991,HGF,137.634144296648,-1.07039751534784,0.32353745431822,-3.30841916773887,0.000938242650220615,0.00954050878887357
ENSG00000185022,MAFF,157.206439875443,-1.11169205113012,0.336165894728274,-3.30697452824211,0.000943094671510342,0.00958433510133182
ENSG00000181652,ATG9B,10.1219214435268,4.65654128869246,1.40891406705834,3.30505699216619,0.000949570887660679,0.00964460770046168
ENSG00000105520,PLPPR2,98.9579253076092,1.15406472573113,0.349266277404344,3.304254662969,0.00095229284937288,0.0096635143283659
ENSG00000118689,FOXO3,1174.70437151735,-0.869447188121274,0.263135043403557,-3.30418623409215,0.000952525333616568,0.0096635143283659
ENSG00000136261,BZW2,321.114231189103,1.08558400608983,0.328566654429927,3.30399932997873,0.000953160600441607,0.00966441450550972
ENSG00000165801,ARHGEF40,619.604142115908,-1.01877709812279,0.308417472294348,-3.30324054128324,0.000955743673726456,0.00968222786554996
ENSG00000148840,PPRC1,214.62905831766,1.05772153532327,0.3202148854991,3.3031616680613,0.000956012546131892,0.00968222786554996
ENSG00000109756,RAPGEF2,677.025522827068,-0.905518351404158,0.274161349505485,-3.3028665529896,0.000957019191042002,0.00968687484556137
ENSG00000130707,ASS1,546.910823252991,-2.0121403908447,0.609288753308859,-3.30244137925964,0.000958471195481289,0.00969602182476867
ENSG00000143621,ILF2,719.856979990154,0.831483229407857,0.251862015951341,3.30134429468117,0.00096222726303844,0.00972845322601986
ENSG00000131652,THOC6,82.3304834026612,1.54318689395152,0.46751618956031,3.30082022486292,0.000964026318231022,0.0097410727915881
ENSG00000136161,RCBTB2,162.575646445523,-1.29267390211099,0.39166327852626,-3.30047255636277,0.000965221531741494,0.0097475798662392
ENSG00000203747,FCGR3A,176.730519970371,1.01794358818818,0.308604109563124,3.29854190739467,0.000971883717845401,0.00980925786681519
ENSG00000211454,AKR7L,62.7071526804222,2.03886787443236,0.61827697024161,3.29766103634042,0.000974937508204087,0.00983446660443404
ENSG00000276657,PYCR3,47.546771168793,2.9163493099829,0.88446314058634,3.29731017173826,0.000976156352905219,0.00984114754186031
ENSG00000147119,CHST7,41.3687252206285,-1.83268124162449,0.556436508952087,-3.29360351475841,0.000989119131359576,0.00996615019933412
ENSG00000167968,DNASE1L2,12.0070077915358,3.43789147049639,1.04426734012498,3.29215646070567,0.000994222828876274,0.0100055667431944
ENSG00000065621,GSTO2,199.866724538563,2.94016068044163,0.893102415603953,3.2920756108955,0.000994508700593925,0.0100055667431944
ENSG00000093144,ECHDC1,357.953628250256,-1.71081050965905,0.519685155654086,-3.29201342590936,0.000994728628317358,0.0100055667431944
ENSG00000142765,SYTL1,195.497542822878,1.52658290274468,0.463799094134232,3.2914745243182,0.000996636431750141,0.0100137908269854
ENSG00000104738,MCM4,300.673359791364,1.05660594706854,0.321040293369722,3.29119418618184,0.000997630215416962,0.0100137908269854
ENSG00000169933,FRMPD4,8.07435473732671,-4.70186184906579,1.42864023334161,-3.29114478182382,0.000997805446272728,0.0100137908269854
ENSG00000174807,CD248,276.590550879607,-2.45450250785781,0.745790272899294,-3.29114309618953,0.000997811425501798,0.0100137908269854
ENSG00000137441,FGFBP2,15.5508100973675,-3.46039742882389,1.05241908109764,-3.28804132400829,0.00100887029779915,0.0101190320340229
ENSG00000227460,SYNGAP1,27.9804005574128,3.0607414043935,0.931102536723448,3.28722271036256,0.00101180779819593,0.0101304403886486
ENSG00000143951,WDPCP,1076.45295316428,-0.915258632250828,0.278431808015654,-3.28719135494523,0.00101192047075926,0.0101304403886486
ENSG00000181392,SYNE4,69.8705510170342,2.52221573160255,0.767297137310223,3.28714341414623,0.00101209276369032,0.0101304403886486
ENSG00000138028,CGREF1,65.4738944650262,1.95586777444499,0.59501570627663,3.28708596061107,0.00101229927991529,0.0101304403886486
ENSG00000292248,PKD1L2,105.925083517737,-1.66196899852005,0.505712155253395,-3.28639322044236,0.00101479240073601,0.0101496459401667
ENSG00000166839,ANKDD1A,51.9478307247928,-1.88701854983916,0.574303242936097,-3.28575290676032,0.00101710189579058,0.0101669942471819
ENSG00000095383,TBC1D2,76.1923880128238,1.26707975432138,0.38590783925933,3.28337397020302,0.00102572496697352,0.0102473980740072
ENSG00000007384,RHBDF1,214.141559479703,1.36759044251842,0.41667592398442,3.28214414080127,0.00103020928530849,0.0102863866697403
ENSG00000186188,FFAR4,28.0406356150525,-2.32766990375262,0.709293292735542,-3.28167477063749,0.00103192552490823,0.0102977082714177
ENSG00000280477,RASA3,331.946515295986,-1.78128462205395,0.542865117689838,-3.28126557409731,0.00103342389969972,0.0103068442292105
ENSG00000184867,ARMCX2,239.28642133612,1.08973734694802,0.332223995104283,3.28012835618921,0.00103759868533476,0.0103426480004366
ENSG00000118242,MREG,225.1045355285,1.27470380100923,0.38873349007684,3.27912010039903,0.00104131309105497,0.0103738250079578
ENSG00000275338,RAB11FIP3,233.892523905666,1.82968260067576,0.558068118428128,3.27860083788571,0.00104323084624495,0.0103860998225225
ENSG00000254701,NA,60.6992607364084,2.98330792549367,0.910052207077427,3.27817228758158,0.00104481604155163,0.0103860998225225
ENSG00000126524,SBDS,677.785290006095,-1.42507012715094,0.434717057739376,-3.27815553077586,0.00104487806975076,0.0103860998225225
ENSG00000204052,LRRC73,8.52945154593854,4.63758407554738,1.41469504949506,3.27815105962422,0.00104489462106359,0.0103860998225225
ENSG00000146592,CREB5,187.323602802358,-1.93617203237859,0.590660632387199,-3.27797710938244,0.00104553873856119,0.0103866637718975
ENSG00000149582,TMEM25,160.081095207395,1.50742708961952,0.460033373393716,3.27677767919111,0.00104999009924653,0.0104250280319912
ENSG00000254245,PCDHGA3,23.3960229060621,-2.03502428101918,0.621248524109009,-3.2757007896925,0.00105400161606126,0.0104584673659276
ENSG00000188906,LRRK2,353.438621171868,-1.29479656209469,0.395290583833927,-3.2755562997136,0.00105454093272911,0.0104584673659276
ENSG00000189320,FAM180A,23.4602118622385,-2.08987482694115,0.638094633563776,-3.2751800705001,0.00105594642680828,0.0104665362473379
ENSG00000092009,CMA1,12.33434879892,-4.02292405566261,1.22848941814139,-3.2746916629929,0.00105777357500974,0.0104731363280917
ENSG00000152939,MARVELD2,141.95085731202,1.65660736509114,0.505882897917292,3.27468544975794,0.00105779683775218,0.0104731363280917
ENSG00000114771,AADAC,50.6780691550101,-3.99611917255924,1.22069993479939,-3.27362938150396,0.00106175770817363,0.0105017991689099
ENSG00000285360,LONRF1,177.85432621019,-1.43275547902982,0.437694784041183,-3.27341227556189,0.00106257368020959,0.0105017991689099
ENSG00000225210,DUXAP9,16.0035701890685,-5.84785183616332,1.78651974188042,-3.2733205791547,0.00106291848665934,0.0105017991689099
ENSG00000158270,COLEC12,528.497237717234,-1.47013747355704,0.449153436013149,-3.27312974961636,0.00106363639579772,0.0105017991689099
ENSG00000187583,PLEKHN1,18.8252325709194,3.87703244868456,1.18450552708522,3.27312313875394,0.00106366127419089,0.0105017991689099
ENSG00000138771,SHROOM3,928.303035183278,2.52281920620416,0.770985814037631,3.27219925486337,0.00106714338875408,0.0105302994103451
ENSG00000140937,CDH11,648.840301692745,1.24085709962188,0.379284184029826,3.27157617393375,0.00106949772916974,0.010547645479592
ENSG00000143493,INTS7,206.081055712783,1.2257216389277,0.374723907097059,3.27099930298874,0.00107168174569411,0.0105632933718556
ENSG00000259214,NA,14.8671820285801,3.6273909090778,1.10909725996677,3.27057963265229,0.00107327319694601,0.010573086318438
ENSG00000162645,GBP2,563.325736307317,-1.23717511769229,0.378317968535477,-3.27019919905356,0.00107471774555532,0.0105814219903423
ENSG00000162063,CCNF,79.8303808885703,1.28953999873139,0.394350913039217,3.27003173085883,0.00107535421079933,0.0105817966107761
ENSG00000107863,ARHGAP21,1606.87167633426,-1.2464762849973,0.381258874401423,-3.26936989192521,0.00107787295224354,0.010600682655463
ENSG00000196196,HRCT1,27.824398097379,-3.68015758569678,1.12601592136008,-3.26829977790334,0.00108195700167853,0.0106327193783484
ENSG00000143624,INTS3,374.842447456927,0.980796990102911,0.300107982815753,3.26814695464151,0.00108254141241533,0.0106327193783484
ENSG00000103546,SLC6A2,12.2966584830022,-4.3558284760782,1.33285480250348,-3.26804425200457,0.0010829343211223,0.0106327193783484
ENSG00000163435,ELF3,397.171730099663,2.71502622136318,0.830821791343442,3.26788036815087,0.00108356156352613,0.0106329739888083
ENSG00000118518,RNF146,308.587361228029,-1.07780873334411,0.329852028781299,-3.26755223342502,0.00108481846312544,0.0106394037068481
ENSG00000185730,ZNF696,81.0301770839669,1.27775513856588,0.391127625598139,3.26684962897175,0.00108751428187667,0.010659930735269
ENSG00000170456,DENND5B,251.070849417787,-1.81169533992728,0.554645565531484,-3.26640191955963,0.00108923532597725,0.0106690558574011
ENSG00000012822,CALCOCO1,824.517632522142,-0.962854062224474,0.294784905007622,-3.26629364620816,0.00108965191870533,0.0106690558574011
ENSG00000038295,TLL1,107.983092312574,-1.94758503475572,0.596351756380154,-3.26583264645271,0.00109142731206165,0.0106805252679503
ENSG00000177628,GBA1,289.657516832682,1.18162347832209,0.36185629529526,3.26544955465798,0.00109290470268747,0.0106840712631515
ENSG00000101935,AMMECR1,124.226901624338,1.07233638082975,0.3284059078124,3.26527737571126,0.00109356931174361,0.0106840712631515
ENSG00000196700,ZNF512B,282.016716883148,1.00707059669871,0.308418891771155,3.26526883912789,0.00109360227259539,0.0106840712631515
ENSG00000211598,IGKV4-1,95.7814015727118,-2.75461814473122,0.843787220660433,-3.26458860395536,0.00109623170402287,0.0106990731142835
ENSG00000161835,TAMALIN,83.0662907149448,-1.44346029091117,0.442160941432984,-3.26455857053567,0.00109634793208628,0.0106990731142835
ENSG00000084207,GSTP1,420.403004047004,-1.76855227957958,0.541772448639579,-3.26438209255659,0.00109703112465843,0.0106998352881053
ENSG00000132688,NES,460.134349745045,-1.1725395342691,0.359209610530134,-3.26422094480887,0.00109765531375773,0.0107000214515865
ENSG00000114405,CEP15,75.6068039126793,1.66932742320108,0.511574750269411,3.26311535571676,0.00110194656273869,0.0107359344732276
ENSG00000116667,C1orf21,922.638187785763,1.07181423856471,0.328498001632712,3.26277247726788,0.00110328056441144,0.0107430122359512
ENSG00000111897,SERINC1,2729.24318201287,-1.50308072219214,0.460730064677686,-3.26238905907661,0.00110477405842262,0.0107516343836474
ENSG00000274675,GTF2H2C_2,95.78993979561,1.30752146245406,0.400973151459351,3.2608703542751,0.00111070811791918,0.0108034387509157
ENSG00000160219,GAB3,83.0476983715355,-1.71885598516961,0.527217092591864,-3.26024328369079,0.00111316686653853,0.0108153699145059
ENSG00000205364,MT1M,25.7869746633981,-2.82714165769916,0.867162573658856,-3.26022102841741,0.00111325422204357,0.0108153699145059
ENSG00000153012,LGI2,45.8508268098456,-1.97796305459868,0.606724965805804,-3.26006537735216,0.00111386535456304,0.0108153699145059
ENSG00000154473,BUB3,631.509137261698,0.963563029003548,0.295577461833472,3.25993403903854,0.00111438126925464,0.0108153699145059
ENSG00000130726,TRIM28,747.830389120873,1.07617837452936,0.330243624093323,3.25874080834714,0.00111907857346428,0.0108550007759566
ENSG00000118407,FILIP1,160.140951286604,-1.4787011973466,0.453830189989701,-3.25826978892734,0.00112093783552939,0.0108670744219661
ENSG00000007545,CRAMP1,352.017212428902,1.51588518323833,0.465424069438624,3.25699782795233,0.00112597294538227,0.0109099066264081
ENSG00000183337,BCOR,386.963745116488,0.916981670887985,0.281976211272416,3.2519823808899,0.001146031257195,0.0110970982230709
ENSG00000271447,MMP28,52.0829277623136,-2.52063567623869,0.775137929671053,-3.25185438584895,0.00114654744407343,0.0110970982230709
ENSG00000097033,SH3GLB1,1395.15127359718,-1.33262549681648,0.409842554518403,-3.25155473028519,0.00114775675547856,0.0111027257697633
ENSG00000006756,ARSD,673.824656296457,1.20686648492631,0.371199577122131,3.25126039820145,0.00114894573069555,0.0111062486272165
ENSG00000175063,UBE2C,16.6635839820959,2.58580093162971,0.795348722834349,3.25115368566231,0.00114937708464662,0.0111062486272165
ENSG00000138792,ENPEP,171.754877147186,-1.66853975677498,0.513343055999007,-3.25034056129943,0.00115266881887252,0.0111319730879971
ENSG00000109670,FBXW7,440.11259366858,-1.04507096626792,0.321622282151617,-3.24937364188984,0.00115659449493166,0.0111637884573562
ENSG00000288512,C1R,1231.5654604199,-1.67952775877882,0.516938160453176,-3.24899163433099,0.00115814884142154,0.0111726928329826
ENSG00000003249,DBNDD1,35.029361282745,1.71134711309621,0.526787653105594,3.2486469700025,0.00115955289890597,0.011180138446758
ENSG00000111371,SLC38A1,1844.8625713997,1.96050578493678,0.603534132070959,3.24837599194188,0.00116065788540415,0.0111846939441971
ENSG00000152767,FARP1,1246.53318319491,1.34275228210895,0.413381866483156,3.2482128292961,0.00116132369462749,0.0111850146471122
ENSG00000116133,DHCR24,1731.31203753772,1.58392141988572,0.487783271995432,3.24718273631277,0.00116553529612044,0.011219466870603
ENSG00000170955,CAVIN3,105.106109412483,-1.91364002782245,0.589355454261807,-3.24700486605213,0.00116626395760904,0.0112203729936891
ENSG00000106823,ECM2,864.127912990413,-5.27683794650932,1.62607963854168,-3.2451288494343,0.00117397490463624,0.0112884166605126
ENSG00000135535,CD164,3723.93707504884,-1.23432758963357,0.38040783057246,-3.24474811093158,0.00117554558460975,0.0112973763981817
ENSG00000101280,ANGPT4,32.8032996549553,-2.1039244721471,0.64852532377634,-3.24416702789033,0.0011779464998057,0.0113133131200692
ENSG00000117139,KDM5B,1318.502172549,1.19786742769126,0.369252060116083,3.24403722301424,0.00117848344552211,0.0113133131200692
ENSG00000184363,PKP3,81.2711263116157,2.68428251746876,0.827720142629173,3.24298320074995,0.0011828518537518,0.0113432590186651
ENSG00000180785,OR51E1,43.6782228601978,-2.75696764674187,0.850135331450518,-3.24297502379754,0.00118288580164104,0.0113432590186651
ENSG00000123836,PFKFB2,276.455483827956,1.37281009113604,0.423342430501788,3.24278879749628,0.00118365919284393,0.0113445233100592
ENSG00000138685,FGF2,884.295618364286,-2.8231427964472,0.870758269896211,-3.24216593060174,0.00118624933281336,0.0113621579777322
ENSG00000178295,GEN1,149.147010693685,1.03272712862534,0.318542627387734,3.24203745380768,0.0011867842438993,0.0113621579777322
ENSG00000131981,LGALS3,961.012164549363,-1.6851607119548,0.51986602781073,-3.24152882051435,0.00118890411886233,0.0113762941200447
ENSG00000186891,TNFRSF18,14.7074550712572,2.71041005937527,0.836347054548752,3.24077193150116,0.00119206514791122,0.0114003720987096
ENSG00000055732,MCOLN3,58.8114801606966,-1.71163301913537,0.528316737378256,-3.23978571572284,0.00119619557485451,0.0114336899190012
ENSG00000087152,ATXN7L3,274.7624773327,0.863211110891577,0.266466219390122,3.2394767069059,0.00119749247031716,0.0114399024055205
ENSG00000170214,ADRA1B,12.001403200196,-3.71422800656973,1.146663068763,-3.23916249485262,0.00119881253539262,0.0114463294078551
ENSG00000127528,KLF2,290.189831654899,-1.66288672015837,0.513472985346581,-3.2385086803271,0.00120156364561044,0.0114664057988825
ENSG00000130702,LAMA5,987.207747209971,1.07535226646059,0.332073976545358,3.23829129174087,0.00120247966101552,0.0114689578455973
ENSG00000077044,DGKD,552.874321779458,1.91818418695665,0.592470893458321,3.23760071277087,0.00120539385131758,0.0114905549718861
ENSG00000150556,LYPD6B,45.6178218226853,2.57276462168959,0.79476508865221,3.23713844307451,0.00120734823778907,0.01150080508308
ENSG00000183098,GPC6,298.646257466791,-2.29192626540064,0.708054790985111,-3.23693348958476,0.00120821567757067,0.01150080508308
ENSG00000129354,AP1M2,181.503895896387,3.29716312563026,1.01862221111075,3.23688516671445,0.00120842028187314,0.01150080508308
ENSG00000130224,LRCH2,47.444187132499,-2.14098841497447,0.661607086516489,-3.23604214435982,0.00121199488410704,0.0115286205140746
ENSG00000147588,PMP2,17.9595307952092,-4.48580684244952,1.38642649420916,-3.23551725330255,0.00121422547016559,0.0115387661127143
ENSG00000284762,PDE8B,23.0273451720275,-3.86067289242604,1.19322883114114,-3.23548408458578,0.00121436655181594,0.0115387661127143
ENSG00000197375,SLC22A5,285.168684120193,0.946173787999091,0.292524802299157,3.23450791373056,0.00121852543716549,0.011572065147904
ENSG00000147434,CHRNA6,6.72367607350091,5.88716422818578,1.82040199846101,3.23399130146136,0.00122073173543663,0.0115867951034493
ENSG00000102024,PLS3,1017.05141976998,-1.95952512369428,0.60599337311028,-3.2335751687134,0.00122251159777773,0.0115974638323517
ENSG00000155090,KLF10,526.258907823295,-1.22665249335444,0.379397835001548,-3.23315628131993,0.00122430566259634,0.0116082557810676
ENSG00000111450,STX2,162.639751213731,-1.42989662951951,0.442488605680264,-3.23148802288647,0.00123147484775706,0.0116699730615692
ENSG00000168488,ATXN2L,500.729964083004,0.921418406980387,0.285169527354985,3.23112506278901,0.00123303976135921,0.0116735809136163
ENSG00000186105,LRRC70,49.5502774795308,-1.82020673016079,0.563340777297768,-3.2310935112703,0.00123317588342675,0.0116735809136163
ENSG00000137693,YAP1,1523.86099271906,-1.55764129198396,0.482316080826545,-3.22950312855966,0.00124005524593259,0.0117324221047758
ENSG00000181191,PJA1,233.444781791894,-1.5208855351946,0.47108708213647,-3.22845943534919,0.00124458908873726,0.0117690207786851
ENSG00000178971,CTC1,327.63846039605,1.12238022604295,0.347724018631327,3.22779033343955,0.00124750373968254,0.0117902771933759
ENSG00000182704,TSKU,587.750381237466,-1.54223966135658,0.477978264502106,-3.22658952486696,0.00125275034999308,0.0118335386960084
ENSG00000196628,TCF4,1711.10071183847,-1.22645463740833,0.380192896505518,-3.22587467751526,0.00125588335023155,0.0118567994031738
ENSG00000159713,TPPP3,119.868935152502,-1.89164426468886,0.586459410401151,-3.2255331420037,0.00125738276892746,0.0118646208660321
ENSG00000183621,ZNF438,130.970400587042,-1.23657236084469,0.383408633509267,-3.22520739693984,0.0012588144038076,0.0118680555884334
ENSG00000135763,URB2,153.316216345453,1.05766928062138,0.32794472847155,3.22514493692535,0.00125908908465198,0.0118680555884334
ENSG00000011347,SYT7,514.091040836504,1.96543129609281,0.609453619829667,3.22490708422097,0.00126013559785376,0.0118715917830837
ENSG00000078070,MCCC1,289.535060575172,-1.056156017045,0.327851631540677,-3.22144505452601,0.00127545916013514,0.0120095550205909
ENSG00000139117,CPNE8,132.245323394342,-1.87168992869948,0.581113774392925,-3.22086656895164,0.00127803635103276,0.0120274171342801
ENSG00000103710,RASL12,58.3008348459994,-1.90375626851044,0.591156242470884,-3.22039442661254,0.00128014333776711,0.0120408375753913
ENSG00000100647,SUSD6,628.472075393049,0.874039375702369,0.271596005047641,3.21815991199522,0.00129015867016954,0.0121285889232366
ENSG00000145335,SNCA,55.1282199799578,-2.34046633921911,0.727339009389179,-3.21784794848917,0.00129156266307284,0.0121353361164277
ENSG00000227500,SCAMP4,259.502250227461,1.0416493964366,0.323774066005624,3.21721072131363,0.00129443488959476,0.0121528795216327
ENSG00000135916,ITM2C,120.829093456875,-1.36004381498979,0.422750805936562,-3.21712885201189,0.00129480433290482,0.0121528795216327
ENSG00000119986,AVPI1,84.8312202836898,-2.06863751103221,0.643238917646386,-3.21597069810602,0.0013000410536891,0.0121955575344214
ENSG00000136867,SLC31A2,126.35829425152,-1.6379864368218,0.509466286038972,-3.21510270985134,0.00130397856539205,0.0122209551093853
ENSG00000124104,SNX21,260.265703041353,-1.30418777868455,0.405648427549063,-3.2150692326468,0.00130413065042188,0.0122209551093853
ENSG00000136014,USP44,13.253194232167,-3.06106355186942,0.952818238630056,-3.21264164324831,0.00131520278525798,0.0123180013081705
ENSG00000123136,DDX39A,133.27198224911,1.12135956368516,0.349062017044817,3.21249379459463,0.00131587991127829,0.0123180013081705
ENSG00000151079,KCNA6,14.4055256592827,-3.3768494356162,1.05122023720935,-3.21231395295495,0.00131670399431607,0.012319194037826
ENSG00000091656,ZFHX4,545.718510131231,-1.67924032583559,0.523042441457754,-3.21052402775467,0.00132493191255827,0.0123896197830608
ENSG00000134871,COL4A2,4596.52303349019,-1.65992912713736,0.517091355888373,-3.21012739477257,0.00132676156220182,0.0124001716196696
ENSG00000068781,STON1-GTF2A1L,23.248472834987,-3.15582300500037,0.983286585182331,-3.20946411001345,0.0013298264741192,0.0124222512106972
ENSG00000168490,PHYHIP,13.8543462757504,-3.11069673154627,0.969616958621918,-3.20817071513208,0.00133582180172348,0.0124658527768239
ENSG00000137975,CLCA2,33.101909203412,-2.65535088495946,0.82768835361691,-3.20815301236977,0.00133590403280447,0.0124658527768239
ENSG00000132254,ARFIP2,323.74772388268,1.19391158918727,0.372269609711137,3.2071153756378,0.00134073212566151,0.0125043070559454
ENSG00000281962,IGHV3-23,132.366828667339,-2.45443112149295,0.765414548513082,-3.20666902172295,0.00134281394481779,0.0125171212368018
ENSG00000008988,RPS20,3326.90123278664,-1.12617686129479,0.351238757508996,-3.20630009421994,0.00134453689362498,0.0125265784457168
ENSG00000154945,ANKRD40,729.29744309869,-1.17275726425627,0.36580035364085,-3.20600363718539,0.00134592287170798,0.0125328879096431
ENSG00000124107,SLPI,85.5459587569545,-2.5238108658356,0.787390349427165,-3.20528549489043,0.00134928575267284,0.0125575894550072
ENSG00000114200,BCHE,26.460052309338,-3.25808155740305,1.01681478501641,-3.20420356333673,0.00135436680580417,0.012598247357725
ENSG00000122862,SRGN,398.760857959428,-1.79241641690024,0.559509680230955,-3.2035485358544,0.00135745156974145,0.0126203028957613
ENSG00000155974,GRIP1,90.2475995822135,2.07921017301964,0.649143116081969,3.20300735155158,0.0013600050924484,0.0126373988700815
ENSG00000173801,JUP,842.699606702966,1.00264029723853,0.313047770142994,3.20283481585108,0.00136082011548455,0.0126383309359839
ENSG00000116741,RGS2,208.764121691684,-1.95061932282724,0.60910840155065,-3.20241736587677,0.0013627939270747,0.0126500183792451
ENSG00000275744,SLC2A11,53.6765095221608,1.75832142190219,0.549253206491754,3.20129477829201,0.00136811491838794,0.0126927471678143
ENSG00000163491,NEK10,589.839205994158,3.03190394528839,0.947960129322104,3.19834542773074,0.00138218608702528,0.0128116274488125
ENSG00000211592,IGKC,1883.50428626479,-1.95433517777207,0.611053323847049,-3.19830545306264,0.00138237771714835,0.0128116274488125
ENSG00000119771,KLHL29,86.1497031465744,-1.92804987520907,0.602885543680448,-3.19803633611591,0.00138366844485247,0.0128168722421824
ENSG00000215559,ANKRD20A11P,150.371356106265,1.84434583768206,0.576775376313892,3.19768477196282,0.00138535627681045,0.012824242347721
ENSG00000108106,UBE2S,45.6721528279494,1.69984261819527,0.531614445457371,3.19751021199738,0.0013861950307639,0.012824242347721
ENSG00000144749,LRIG1,1591.70709895897,0.960719721627216,0.300467381785338,3.19741768946347,0.00138663978786646,0.012824242347721
ENSG00000119900,OGFRL1,1535.20569187624,-1.12602240451878,0.352355961019891,-3.19569562910052,0.00139494181141987,0.0128942791695439
ENSG00000079616,KIF22,250.415264392328,1.22795276263326,0.384512527106963,3.19353122737576,0.00140544135963302,0.0129845452259094
ENSG00000149260,CAPN5,54.8138955918137,-1.59127751550363,0.498346716465423,-3.19311327420782,0.00140747723239661,0.0129965639166941
ENSG00000180777,ANKRD30B,856.503968666733,4.40850304269569,1.3807118328346,3.19292044716169,0.00140841741983451,0.0129984578470426
ENSG00000132622,HSPA12B,124.379760758051,-1.91213516402922,0.598963621482122,-3.19240617534949,0.00141092774221245,0.0130148332110291
ENSG00000145901,TNIP1,881.115596843251,-1.56100887829474,0.489166650619078,-3.19115965145858,0.00141702954476655,0.0130643031491694
ENSG00000166046,TCP11L2,292.043942196909,-1.16487025334099,0.365086069786223,-3.19067296657767,0.00141941849047934,0.0130795086853289
ENSG00000165029,ABCA1,1548.63116265018,-1.54824551293429,0.485485665844544,-3.18906534602001,0.00142733608524524,0.0131456166642664
ENSG00000119471,HSDL2,742.511004056376,-1.58634431314731,0.497544960113879,-3.18834364794736,0.00143090370105142,0.0131716138186842
ENSG00000163590,PPM1L,349.009174492972,-1.37286315884546,0.430674152010417,-3.18770734774037,0.00143405598101831,0.0131937627015332
ENSG00000079156,OSBPL6,109.085822858788,1.37605562481649,0.431806053905078,3.18674463308701,0.00143883751447464,0.0132308703944124
ENSG00000101104,PABPC1L,167.554578347652,2.16635018634851,0.67985918463791,3.18646895607111,0.00144020942895184,0.0132366025634904
ENSG00000179542,SLITRK4,44.285418660908,-2.69278696963411,0.845149712460617,-3.18616563424506,0.00144172031173371,0.013243605336305
ENSG00000101911,PRPS2,209.466485169725,0.904222562337195,0.283836872211543,3.18571211446862,0.00144398207416735,0.0132574948169788
ENSG00000169607,CKAP2L,24.1803365380635,2.24505423596009,0.704764488171701,3.18553825233761,0.00144485001423684,0.0132585795546186
ENSG00000158458,NRG2,24.6150995997914,-2.92199179817387,0.917552825930469,-3.18454885168137,0.00144979837898606,0.0132970875184702
ENSG00000100121,GGTLC2,18.613319295799,2.33458002943403,0.733260350828023,3.18383508231113,0.00145337790179989,0.0133230074844621
ENSG00000197279,ZNF165,30.7853389014291,2.14150543100558,0.67275356100932,3.18319449367569,0.00145659736004128,0.0133415949683317
ENSG00000223980,HLA-A,78.0682661293118,-1.90575531185727,0.598704558719202,-3.18313145290595,0.00145691454412987,0.0133415949683317
ENSG00000186479,RGS7BP,21.2467020891786,-3.61030463498663,1.13480128744381,-3.18144213875453,0.00146543792438009,0.0134127012509385
ENSG00000100726,TELO2,154.165529700821,1.37029246842393,0.430735996227121,3.18128152842233,0.0014662506662147,0.0134131973774829
ENSG00000162757,C1orf74,44.9799843466553,1.53381715738326,0.482209982116718,3.18080756157388,0.00146865151878848,0.0134282134471234
ENSG00000177272,KCNA3,70.9044100168264,-1.31619096860026,0.413822261878086,-3.18057071803454,0.00146985259346308,0.0134322498243967
ENSG00000106683,LIMK1,165.825630489374,1.06708026361078,0.335519606413507,3.1803812451296,0.00147081409507135,0.0134340938239394
ENSG00000076067,RBMS2,734.668964264907,-1.10719158045223,0.348185813858842,-3.17988710735094,0.00147332438042426,0.0134431773953652
ENSG00000164181,ELOVL7,70.6915971573735,-1.30186685045223,0.409406744152127,-3.17988618665374,0.00147332906137068,0.0134431773953652
ENSG00000123975,CKS2,30.5407229850219,1.96998365931296,0.61963682950761,3.17925527583374,0.00147653991972753,0.0134655262509241
ENSG00000119915,ELOVL3,8.26097406179653,-5.24086001495489,1.64940157109519,-3.17743120098703,0.00148585938490625,0.0135427169107492
ENSG00000281877,RPS6KA1,160.829029848392,1.41188382409403,0.444366026516411,3.17729920795799,0.00148653585498865,0.0135427169107492
ENSG00000280610,KIF15,22.3145270499001,2.85529006647352,0.898765535882049,3.17690204227884,0.00148857305849567,0.0135542931994742
ENSG00000137941,TTLL7,173.40801777736,-1.27872663338099,0.402735841647458,-3.17510015535282,0.00149784792368807,0.0136317266261328
ENSG00000230124,ACBD6,300.82375814397,0.942870733952709,0.297016659847579,3.17447086785154,0.00150109958326105,0.0136505611718024
ENSG00000139410,SDSL,41.8874027216684,2.27407175127512,0.716378240265833,3.17440092880439,0.00150146137415346,0.0136505611718024
ENSG00000172932,ANKRD13D,240.207961730593,1.59685498897406,0.503218861526495,3.17328127195007,0.00150726424630398,0.0136935369433376
ENSG00000125878,TCF15,14.753485442354,-4.09561206761041,1.29069227309131,-3.17319019645255,0.00150773717291627,0.0136935369433376
ENSG00000104998,IL27RA,6.43816207982262,-5.74260363084873,1.81005706971293,-3.17260915522375,0.00151075755793997,0.0137139249984869
ENSG00000150457,LATS2,270.689123921866,-1.71841462978318,0.541671049657828,-3.17243210776855,0.00151167899840154,0.0137152487063799
ENSG00000161013,MGAT4B,10.4419218425423,5.26858219525563,1.66139359106635,3.17118244802788,0.00151819756900049,0.0137673269808388
ENSG00000276600,RAB7B,67.3165581214365,-2.1456882143536,0.676664810325737,-3.17097650359665,0.00151927431391663,0.013770029570983
ENSG00000149557,FEZ1,73.1722391209551,-1.72408068102978,0.543938593354044,-3.16962374447218,0.00152636448507357,0.0138272045028463
ENSG00000101199,ARFGAP1,329.35817616791,1.13397844570499,0.357848356026071,3.16887985262219,0.0015302763962087,0.0138555440420678
ENSG00000158373,H2BC5,261.378470134415,1.0992297331273,0.346916548072596,3.16857105616441,0.00153190297763469,0.0138597132761569
ENSG00000229221,HNRNPA1P66,13.2369950360452,-4.38917969024658,1.38525699006959,-3.16849488702171,0.00153230444239591,0.0138597132761569
ENSG00000109794,FAM149A,94.0376485650111,-1.84825574970084,0.583393497943855,-3.16811167113609,0.00153432572925788,0.013866883863539
ENSG00000073111,MCM2,90.6140549545084,1.3330796250436,0.420789056018817,3.16804728159086,0.00153466559525793,0.013866883863539
ENSG00000142149,HUNK,44.7186404184364,-1.77526665354149,0.560478132449429,-3.1674146603778,0.00153800843573962,0.0138899914040775
ENSG00000116954,RRAGC,291.518949037152,-1.44102215199008,0.455020947698475,-3.16693585048966,0.00154054297738374,0.0139057792083087
ENSG00000274684,NMRAL1,103.916969211514,1.74717660088133,0.552010123409737,3.16511695490133,0.00155020625681519,0.0139789554180992
ENSG00000110848,CD69,70.9716822130014,-1.6645887707746,0.525917752477213,-3.16511234491313,0.00155023081914226,0.0139789554180992
ENSG00000166289,PLEKHF1,51.9311222476225,-1.82268893963585,0.575976269552838,-3.16452089432591,0.0015533850819261,0.014000259125229
ENSG00000164542,MATCAP2,79.6525260166045,1.80064538616363,0.569087104008423,3.1640945181864,0.00155566265172985,0.0140136437445435
ENSG00000196576,PLXNB2,1232.06442192456,0.747724060659496,0.236348156694139,3.16365513959619,0.0015580128934608,0.0140276690402583
ENSG00000265241,RBM8A,707.67269012572,0.966925302851359,0.305749948190601,3.16247086409509,0.00156436389086361,0.0140776827898938
ENSG00000143365,RORC,160.978881669295,2.41621985978231,0.764098635253566,3.16218318984497,0.00156591021614451,0.0140844304944473
ENSG00000171223,JUNB,797.069939552661,-1.29164364990209,0.408690617235362,-3.16044361047379,0.00157529094250016,0.0141616012893901
ENSG00000188603,CLN3,248.49285092647,1.04951869679011,0.332218521049604,3.15912157297636,0.00158245463580238,0.0142172010390359
ENSG00000082269,FAM135A,206.89795914092,-0.935427078450048,0.296114395934577,-3.15900574674093,0.00158308368748865,0.0142172010390359
ENSG00000159423,ALDH4A1,276.944431838669,-2.2261026247412,0.704771255951848,-3.15861721933407,0.00158519545952735,0.0142289397516864
ENSG00000074370,ATP2A3,315.042681726723,1.82385705135111,0.577626710315829,3.1575012352768,0.00159127562510429,0.0142762693448601
ENSG00000280479,CACFD1,78.6868465052593,2.02757946642328,0.642355574642248,3.15647523967161,0.00159688444543195,0.0143193243654022
ENSG00000157734,SNX22,47.8094004269458,2.22173458465081,0.704013372123753,3.15581304648894,0.00160051412080447,0.0143445976676054
ENSG00000084774,CAD,392.381553640178,1.04630540865089,0.331580870880233,3.15550594300965,0.00160220002159717,0.0143524331215313
ENSG00000169621,APLF,121.866659824549,-2.06714287056986,0.655247839906187,-3.15474961484164,0.00160635899629397,0.0143824031045399
ENSG00000151882,CCL28,370.7065852548,-2.75777275124317,0.874496520533291,-3.15355485869905,0.00161294909543128,0.0144340986105826
ENSG00000232400,RAD17P1,48.8883614445161,3.94319422188394,1.25092234896321,3.15222941308239,0.00162028916916377,0.0144924498625812
ENSG00000196187,TMEM63A,921.449021553601,1.45658934106206,0.462160229785096,3.15169771691384,0.00162324223474105,0.0145055101343129
ENSG00000178996,SNX18,404.369144040679,-1.014171911651,0.321788621158663,-3.15167114361992,0.00162338995395607,0.0145055101343129
ENSG00000258311,NA,79.7029536616162,-1.94267804241341,0.616732290528804,-3.14995350859236,0.0016329644626969,0.0145836922191259
ENSG00000146233,CYP39A1,28.8205539595264,-3.23156234616802,1.02606543054574,-3.14947005323944,0.00163566871524564,0.0146004694051936
ENSG00000131653,TRAF7,346.883780265569,1.02863472744375,0.326721273998129,3.14835552290862,0.00164191865361341,0.0146431020881243
ENSG00000167741,GGT6,79.7127024452019,1.9970886220364,0.634334081273806,3.14832306980266,0.00164210096933498,0.0146431020881243
ENSG00000183807,FAM162B,24.1723947257783,-3.31242590386498,1.05233438774449,-3.14769330209255,0.00164564258158912,0.0146672871825808
ENSG00000139546,TARBP2,83.01799386266,1.24596993958727,0.395936985125632,3.14688949604423,0.00165017314053009,0.0147002577551605
ENSG00000288694,NA,16.7341338313236,-4.02775751657432,1.2801912583845,-3.14621545038281,0.001653981164601,0.0147206394013537
ENSG00000099337,KCNK6,260.790060120489,1.41388362007102,0.449395520655601,3.14618983742512,0.00165412602445795,0.0147206394013537
ENSG00000104290,FZD3,300.305520082695,1.80676190125775,0.574364803631098,3.14566959854698,0.0016570708805171,0.014739428762668
ENSG00000102100,SLC35A2,116.543604835474,1.31001308300645,0.416502152518894,3.14527325989516,0.00165931762546005,0.0147519927456059
ENSG00000184785,SMIM10,25.6010870440364,-2.17993006715137,0.693338841613232,-3.14410492578088,0.00166595693907458,0.0147969164198665
ENSG00000285049,CPSF1,399.338419794526,1.28316575524716,0.408119972087055,3.14408958886593,0.00166604425674117,0.0147969164198665
ENSG00000211829,TRDC,17.2290156398124,-3.88435092438451,1.23616218892901,-3.14226641064782,0.00167645421048191,0.014881192758904
ENSG00000142002,DPP9,339.684128721342,0.903277229048673,0.287472596614829,3.14213333613476,0.00167721637552992,0.014881192758904
ENSG00000225201,HLA-E,110.13200001986,-1.60280677651863,0.510217845719161,-3.1414165340678,0.00168132724152655,0.0149101853620431
ENSG00000078018,MAP2,143.489671272253,-1.63904316667946,0.521969135546649,-3.14011510462763,0.00168881465057067,0.0149690774265871
ENSG00000118900,UBN1,501.411444593536,0.82887831538996,0.2640027838081,3.13965748176527,0.00169145473568739,0.0149826774435181
ENSG00000115355,CCDC88A,754.390948328054,-0.83072597528629,0.264599869321175,-3.13955550098154,0.00169204359298228,0.0149826774435181
ENSG00000148572,NRBF2,132.118307943162,-1.20257765681881,0.383096293254555,-3.13910021577718,0.00169467480101296,0.014998465718875
ENSG00000167535,CACNB3,94.6931071667258,1.58729729282018,0.505693696208464,3.13885125466511,0.00169611520128966,0.0150037044044048
ENSG00000285112,SLC52A2,80.7034903984832,1.42886172851211,0.455315960918351,3.13817623619029,0.00170002628543613,0.0150307824026836
ENSG00000185010,F8,358.385839235093,-1.1974355141536,0.381703383581204,-3.13708383436128,0.00170637328398634,0.01507935971051
ENSG00000146386,ABRACL,83.1875568381318,1.42316330342415,0.453693882994388,3.13683599618148,0.00170781628639263,0.0150845731230174
ENSG00000125266,EFNB2,199.706687182143,-1.47432414530565,0.470048740715237,-3.13653461354302,0.00170957255598791,0.0150925469333671
ENSG00000164111,ANXA5,2306.75421112935,-1.58775967820185,0.506272863886351,-3.13617377398736,0.00171167748826943,0.0150993483133871
ENSG00000134709,HOOK1,293.998904323359,2.0295512537905,0.647155668512475,3.13610983035279,0.00171205074751689,0.0150993483133871
ENSG00000145832,SLC25A48,54.6870239066334,1.60455936863683,0.511740287313222,3.13549550116762,0.00171564059789292,0.015117895502997
ENSG00000163348,PYGO2,305.276482872506,0.956148661627686,0.304960546523341,3.13531921597112,0.00171667200307286,0.015117895502997
ENSG00000137070,IL11RA,138.499295271697,-1.17252235021771,0.373973188688565,-3.13531126209734,0.00171671855284838,0.015117895502997
ENSG00000179915,NRXN1,43.5934963978286,-2.18014316134861,0.695502670993582,-3.13462945905598,0.00172071309935669,0.0151455299830385
ENSG00000183401,CCDC159,82.4626150967455,1.41463212093783,0.451328892704322,3.13437084087721,0.00172223052590185,0.0151474616508186
ENSG00000185043,CIB1,223.183438225472,0.994756721575098,0.31737762450365,3.13430010427108,0.00172264578294386,0.0151474616508186
ENSG00000122566,HNRNPA2B1,2788.23022055147,0.702689805732527,0.224277068107432,3.13313265445368,0.00172951257454135,0.0152002837254546
ENSG00000108389,MTMR4,445.36228260946,0.77151461066714,0.246280229537997,3.13266969140983,0.00173224262769278,0.0152113591190967
ENSG00000166825,ANPEP,259.717751519036,-2.15276881785063,0.687216659723174,-3.13259113758652,0.00173270624586501,0.0152113591190967
ENSG00000099991,CABIN1,562.671999009401,0.98801672963099,0.31541261978322,3.13245782717903,0.00173349329400567,0.0152113591190967
ENSG00000149564,ESAM,197.454801595144,-1.92589265295782,0.614861364759318,-3.13223884820231,0.00173478683231517,0.0152113591190967
ENSG00000141934,PLPP2,310.880460078567,2.58821339962831,0.8263270017589,3.13219027590663,0.00173507387565561,0.0152113591190967
ENSG00000160685,ZBTB7B,627.695482624127,1.02548673302139,0.327444345676804,3.13178940653804,0.00173744452554789,0.0152232720384266
ENSG00000136141,LRCH1,260.917059180101,-0.862779742861746,0.275501535914574,-3.13166944785844,0.00173815451255914,0.0152232720384266
ENSG00000197217,ENTPD4,491.522736538323,0.843170268491915,0.269263857537367,3.13139043688737,0.00173980689787474,0.0152285593809053
ENSG00000108576,SLC6A4,180.953090888179,2.49476432023726,0.796767251300838,3.13110800696715,0.00174148100218403,0.0152285593809053
ENSG00000130513,GDF15,23.0961151855884,2.80412748074573,0.895570887936052,3.13110611177656,0.00174149224093402,0.0152285593809053
ENSG00000160298,C21orf58,41.5329904281307,2.14418187653059,0.684826340685216,3.13098627950727,0.00174220299878819,0.0152285593809053
ENSG00000277424,HMOX2,46.6522605664846,1.53172442325503,0.489239248943842,3.13082898921475,0.00174313633521598,0.0152291896322254
ENSG00000172379,ARNT2,695.323828006907,2.47610855373717,0.791000140993768,3.13035159592554,0.00174597192966619,0.0152464304356974
ENSG00000112936,C7,280.689488064391,-2.09044920777783,0.667948361322625,-3.12965691485262,0.00175010573494266,0.0152749850498475
ENSG00000101347,SAMHD1,864.38389114535,-1.2634325663401,0.4037221395408,-3.12946069238896,0.00175127501537333,0.0152776497764414
ENSG00000019144,PHLDB1,1753.63331099651,-1.18331926042198,0.378248224923639,-3.12841986412724,0.00175748928060108,0.0153243012568387
ENSG00000122694,GLIPR2,132.401841533012,-1.70802492284217,0.546174257764247,-3.12725270105906,0.00176448193758303,0.0153776905383345
ENSG00000205560,CPT1B,129.670443822035,1.60077792707625,0.511917348480472,3.12702418042258,0.00176585403121483,0.0153820674058974
ENSG00000275246,TLCD2,83.5063866592502,-10.5580952298001,3.37691704329082,-3.12654859282869,0.00176871272057915,0.0153993830812413
ENSG00000196123,MATCAP1,77.9605427189478,1.35866703818652,0.434722383386323,3.12536710809096,0.00177583287985197,0.0154537661488299
ENSG00000107779,BMPR1A,733.448912757671,-0.839643433475768,0.268672426328218,-3.12515670085934,0.00177710364923296,0.0154572178206524
ENSG00000178035,IMPDH2,939.381611399205,0.997778246523356,0.319335621287862,3.12454414731239,0.00178080797054421,0.0154818226859062
ENSG00000099204,ABLIM1,1536.81014640516,-1.06523078103823,0.340956978837938,-3.12423809205722,0.00178266144952873,0.0154903205955855
ENSG00000277273,CDK7,46.0331595582304,2.09203868149061,0.669880945197393,3.12300073093458,0.00179017303348189,0.0155479517441357
ENSG00000188916,INSYN2A,14.2607798518028,3.36831966451429,1.07928658957556,3.120876046314,0.00180313914694908,0.0156528765515466
ENSG00000136436,CALCOCO2,863.975459682533,-0.734128058616796,0.235280489032913,-3.12022497757602,0.00180712960601264,0.0156798198347014
ENSG00000186481,ANKRD20A5P,122.278928414793,2.94452948882698,0.94393506165548,3.11941955378036,0.00181207735138173,0.0157150386485939
ENSG00000310517,CAST,2103.94397756371,-0.70192048166569,0.225048951218738,-3.11896801946636,0.00181485658483161,0.0157314259752831
ENSG00000162706,CADM3,62.5259638978516,-2.89605217064818,0.929036721498417,-3.11726340157708,0.0018253840035913,0.0158065272839514
ENSG00000101310,SEC23B,410.817881352008,1.09310314072422,0.350673405642835,3.11715437536646,0.00182605923578422,0.0158065272839514
ENSG00000144278,GALNT13,37.4410136947473,-2.34659179379208,0.752818533108207,-3.11707495311462,0.00182655126622813,0.0158065272839514
ENSG00000172716,SLFN11,303.907811466569,-1.19242986303634,0.38255849523805,-3.11698701735625,0.0018270961809872,0.0158065272839514
ENSG00000141198,TOM1L1,313.504736501655,1.06280698370439,0.341001072773359,3.11672621748838,0.0018287131677733,0.0158127799245649
ENSG00000173432,SAA1,21.5343694933023,-3.7218158615161,1.19440667003479,-3.11603740575869,0.00183299019845898,0.015840514509858
ENSG00000003147,ICA1,327.816218557227,1.3602310154786,0.436542164390824,3.11592127046134,0.00183371222087199,0.015840514509858
ENSG00000141404,GNAL,200.84552444139,-1.70637197256456,0.547757222624728,-3.11519757674397,0.00183821737380071,0.0158645843695659
ENSG00000154198,CYP4Z2P,142.895855033958,3.37121777108792,1.08219540609311,3.11516547945673,0.00183841742182663,0.0158645843695659
ENSG00000087086,FTL,8327.55177206453,-1.76641538630374,0.56705997768456,-3.11504154025546,0.00183919006716112,0.0158645843695659
ENSG00000095203,EPB41L4B,373.413008151546,-1.47794279947881,0.474494814480347,-3.11477123537675,0.00184087620105876,0.0158713865740235
ENSG00000152484,USP12,310.033017624597,-1.15130225668318,0.369685610050826,-3.11427392731055,0.00184398206825842,0.0158904166242757
ENSG00000197408,CYP2B6,407.922699981741,2.42416107640824,0.778654256860016,3.11327017742619,0.00185026551683018,0.0159367974350259
ENSG00000121361,KCNJ8,115.36430434961,-2.12273388515789,0.682075419070147,-3.11216886843943,0.00185718231113483,0.0159885855928906
ENSG00000163017,ACTG2,140.061310962509,-1.99124693281652,0.639987466819232,-3.11138426305926,0.00186212452342744,0.0160199425120045
ENSG00000184481,FOXO4,140.824139738889,-1.51739051302157,0.487702570308926,-3.11130308798742,0.00186263653252735,0.0160199425120045
ENSG00000139641,ESYT1,1541.02347351612,-1.43132716947612,0.460066349971907,-3.11113205641648,0.00186371573188642,0.0160214318361437
ENSG00000151967,SCHIP1,88.3058752057471,-1.19250205924764,0.383321985571667,-3.11096703067839,0.00186475757927876,0.0160225987727825
ENSG00000121989,ACVR2A,254.592332417511,-1.31284853694694,0.422123490700096,-3.11010537406855,0.00187020612105805,0.0160616099265029
ENSG00000185760,KCNQ5,81.8289725848588,3.33375799047758,1.07274541088514,3.10768795340437,0.00188557044099246,0.016185700052461
ENSG00000178252,WDR6,827.781248276974,1.29644491692656,0.417224449474169,3.10730811332001,0.00188799509059273,0.0161986497753281
ENSG00000006432,MAP3K9,163.231420660908,1.9681626197802,0.633463330903914,3.10698745098908,0.0018900442171962,0.0162083665822892
ENSG00000291420,ACTG1,6178.7680345603,0.8436515720738,0.271556098239673,3.10673034979756,0.00189168864470788,0.0162146050917933
ENSG00000140859,KIFC3,131.521436593665,-1.20405249081783,0.387744580658179,-3.10527226137888,0.00190103951027231,0.0162810597711132
ENSG00000240654,C1QTNF9,10.6620719210769,-3.81627192643677,1.22898031820331,-3.10523437187011,0.00190128306437531,0.0162810597711132
ENSG00000159763,PIP,3674.01343062227,3.0134789427413,0.970521686605981,3.10500938240728,0.00190272988908371,0.0162855627437886
ENSG00000118162,KPTN,34.3420138091138,1.78754320534019,0.575821885881267,3.10433356072328,0.00190708193299217,0.0163149152496858
ENSG00000005469,CROT,222.225532714586,1.36958480154088,0.441233106065322,3.10399374551492,0.0019092736706083,0.016325334524642
ENSG00000162413,KLHL21,421.834459556206,-1.2522082138112,0.403435979516977,-3.10385854853709,0.00191014630614061,0.016325334524642
ENSG00000130024,PHF10,529.936297934899,-0.854933953635202,0.275480756836798,-3.10342531163324,0.00191294512306307,0.0163413568169682
ENSG00000111879,FAM184A,77.5158377799862,-1.77239093510666,0.57117263541816,-3.10307396608572,0.00191521766667096,0.0163528701109332
ENSG00000106785,TRIM14,265.401719238307,0.978513380193329,0.315459319802461,3.10186866822026,0.00192303252659095,0.0164081475331751
ENSG00000166477,LEO1,195.907802931817,1.06910017250987,0.344672069064776,3.10178940640807,0.00192354746571691,0.0164081475331751
ENSG00000115705,TPO,50.7746198178199,-1.88603472845852,0.608092624493549,-3.10155830294654,0.00192504959528271,0.0164130433912171
ENSG00000123200,ZC3H13,715.933548003691,-0.792597342717984,0.255692311253565,-3.09980905891215,0.0019364543356911,0.0165023238641088
ENSG00000145103,ILDR1,36.5459188739316,3.84905574777053,1.24184243347358,3.09947191690354,0.00193865955583647,0.0165131584421273
ENSG00000156873,PHKG2,129.935301986755,1.10330582451489,0.356079951392609,3.09847780028031,0.00194517542715176,0.0165606822717018
ENSG00000003096,KLHL13,84.760105112977,-2.44560753221239,0.789493520641842,-3.09769170774722,0.00195034204770116,0.0165966787437438
ENSG00000172818,OVOL1,23.9221683920293,3.64467731708686,1.17671638656687,3.09732859905214,0.0019527328436519,0.0166081277613902
ENSG00000162367,TAL1,60.9225881895892,-2.04431070468321,0.660050778295843,-3.09720217278029,0.00195356589626713,0.0166081277613902
ENSG00000064270,ATP2C2,84.7441720659045,3.37166155024864,1.08891452665591,3.0963509694403,0.00195918317526981,0.0166478789468025
ENSG00000069998,HDHD5,118.63358427876,1.01394895316013,0.327559899691754,3.09546117859449,0.00196507095017557,0.0166898893429177
ENSG00000136929,HEMGN,9.52463077610751,-5.40799418134474,1.7473041567331,-3.09505025813936,0.0019677955031883,0.0167050061847713
ENSG00000049245,VAMP3,650.553803678801,-1.29080874627737,0.417192996365168,-3.09403263603094,0.0019745576441615,0.0167543679566736
ENSG00000120693,SMAD9,96.4641652405605,-1.67544044981486,0.541908220571032,-3.0917420814347,0.00198985658595289,0.0168760834577482
ENSG00000143797,MBOAT2,451.849772248283,1.80633319909683,0.584284104059746,3.09153233255191,0.00199126295237437,0.0168799150464218
ENSG00000228594,FNDC10,19.8788405853093,2.10062552866381,0.679511899363387,3.09137416229476,0.00199232408738022,0.0168808178424267
ENSG00000291999,KCNT2,35.8241173874265,-1.8195999848615,0.588916597634862,-3.089741386419,0.00200330845081509,0.0169657583025686
ENSG00000291695,PCDHB15,38.1650552295019,-1.82911638453069,0.592179172148545,-3.08878878312165,0.00200974265483637,0.0170121011802161
ENSG00000081479,LRP2,2098.13491542901,3.0803148652621,0.997447366002379,3.0881979042238,0.00201374317458742,0.0170378088785787
ENSG00000157927,RADIL,44.8374322502827,-2.02209455854074,0.654994248169143,-3.0871943749017,0.00202055427481677,0.0170872602781372
ENSG00000253250,C8orf88,33.0480131146178,-2.32905840891983,0.754618596410451,-3.08640473478739,0.00202592853225365,0.0171245192331937
ENSG00000124145,SDC4,776.936486205659,1.34833313320183,0.43690653364336,3.08609056943619,0.0020280703734705,0.0171344330693163
ENSG00000140873,ADAMTS18,48.108712774749,-2.03705778415143,0.660123328750312,-3.08587455621029,0.00202954426191935,0.0171386968402674
ENSG00000173210,ABLIM3,478.06809130415,-2.0012477040843,0.648575917794444,-3.08560285569926,0.00203139950808324,0.0171461754183465
ENSG00000189134,NKAPL,12.2489579255205,-3.375246539145,1.09465023384836,-3.08340183446447,0.00204648615038944,0.0172652741399506
ENSG00000280962,DUSP16,76.1033109201506,1.92748096962557,0.625290457855547,3.08253699606409,0.00205244216384383,0.0173072650373154
ENSG00000088854,DNAAF9,453.273789103048,-1.09030980436312,0.353777671779603,-3.08190677743609,0.0020567923981024,0.0173352454654224
ENSG00000079337,RAPGEF3,339.559528729214,-1.49015207579714,0.483537353536644,-3.08177241095855,0.0020577209880632,0.0173352454654224
ENSG00000104921,FCER2,9.10606921000949,-5.28115850714013,1.71386146026403,-3.08143839486684,0.00206003099823485,0.0173464419722794
ENSG00000156515,HK1,653.917827009557,0.835046777520459,0.271043857531518,3.08085482964083,0.00206407256639184,0.0173722014238491
ENSG00000283563,NA,41.1225470827022,-1.85241756151381,0.601306787429362,-3.08065300482147,0.00206547202632857,0.0173756160639464
ENSG00000140391,TSPAN3,1454.37800248595,-1.84432080936757,0.598706059728557,-3.08051134508936,0.00206645481940348,0.0173756160639464
ENSG00000138758,SEPTIN11,1909.30083344196,-1.43771980216827,0.466735862243224,-3.08037140162812,0.00206742612670606,0.0173756160639464
ENSG00000164938,TP53INP1,1196.41882058143,1.30957129625307,0.425168892079526,3.08012020787289,0.00206917064093026,0.017382016362741
ENSG00000114796,KLHL24,1062.41332354348,-0.983280709702888,0.319408655589966,-3.07844102686169,0.00208086710457832,0.0174677692778337
ENSG00000182326,C1S,1814.65409659585,-1.76912188288881,0.574694127225287,-3.0783712571249,0.00208135440074623,0.0174677692778337
ENSG00000134138,MEIS2,125.271100018896,-1.46675189148712,0.47658234290275,-3.07764631512255,0.00208642384625286,0.0175020080044067
ENSG00000240303,ACAD11,322.876319281962,-1.04802799320022,0.34056144573305,-3.0773536063202,0.00208847393675522,0.017510898351656
ENSG00000153214,TMEM87B,497.66588595081,0.763567986428838,0.248145151254127,3.07710218220973,0.00209023635013698,0.0175173693741574
ENSG00000253293,HOXA10,57.5062498122469,-3.2842010683672,1.06756216996379,-3.07635579525885,0.00209547635473311,0.0175461528443397
ENSG00000148965,SAA4,14.430838258139,-3.84833268330325,1.25094911269446,-3.07633031931587,0.00209565542087007,0.0175461528443397
ENSG00000278728,CNTNAP2,126.899071901703,6.00160637838145,1.95187840802448,3.07478496288903,0.00210654375493604,0.0176289698147345
ENSG00000077274,CAPN6,62.595992265844,-1.61125145028766,0.524235807674525,-3.07352421696462,0.00211546517214507,0.0176952557422144
ENSG00000071894,CPSF1,36.0444713752166,2.06308790479447,0.671561099646645,3.07207773928538,0.00212574355719292,0.0177679236269443
ENSG00000082996,RNF13,509.22210023213,-0.914483359452242,0.297681548177597,-3.07201895801301,0.00212616221198972,0.0177679236269443
ENSG00000166171,DPCD,55.8664907049699,1.26095329270752,0.410518314523775,3.07161275903195,0.002129057328952,0.0177837131543969
ENSG00000167967,E4F1,177.469788946706,0.990444080690908,0.322583492290356,3.07034955092933,0.00213808375459807,0.0178506775413398
ENSG00000213213,CCDC183,31.3484087850185,2.51491442452791,0.819449159074938,3.06903045378307,0.00214754698404707,0.0179212238409176
ENSG00000166128,RAB8B,356.457198278162,-1.45852610870252,0.475400834910795,-3.06799231637066,0.00215502158999552,0.017975116403722
ENSG00000164087,POC1A,19.3031732152181,2.06466260659298,0.673062686955615,3.06756361124671,0.00215811522637232,0.0179918370531059
ENSG00000136111,TBC1D4,576.594966658488,-1.54903836058321,0.504995069666565,-3.06743264168104,0.00215906114498053,0.0179918370531059
ENSG00000168000,BSCL2,173.756136569511,1.26302619607552,0.411790369975823,3.06715816630116,0.00216104475751016,0.0179998843368122
ENSG00000165895,ARHGAP42,259.663400018217,-1.77870828274197,0.579972131172733,-3.06688578146908,0.00216301491339585,0.0180078120120427
ENSG00000124406,ATP8A1,245.860217059111,-1.11250620629322,0.362814212791438,-3.06632476642458,0.0021670779170928,0.0180331476743304
ENSG00000108950,FAM20A,112.74851130144,-1.44481992486918,0.471421267568904,-3.06481702092069,0.00217803206031394,0.0181157765392904
ENSG00000197646,PDCD1LG2,29.8486254833961,-2.55598409578102,0.834035396814708,-3.0645990632324,0.00217961976904281,0.0181204590390146
ENSG00000169432,SCN9A,186.697552141319,-1.03877803483309,0.339001338717792,-3.06422988995285,0.00218231142547711,0.01813431059056
ENSG00000170959,DCDC1,87.2176952287676,1.95480979592573,0.638133592897394,3.06332375803956,0.00218893099019862,0.0181807734615699
ENSG00000077235,GTF3C1,961.675170819814,1.13043735267944,0.369079526578423,3.06285575675043,0.0021923570825083,0.0181948556320657
ENSG00000137332,DDR1,163.686423240285,5.68329984644195,1.85558288911223,3.06281108744273,0.00219268434948437,0.0181948556320657
ENSG00000181374,CCL13,16.2184253067138,-4.76463277765392,1.55578375329018,-3.06252894566977,0.00219475247892235,0.0182000206393006
ENSG00000165379,LRFN5,30.380925398836,-2.30794907574525,0.753629462438795,-3.0624453936243,0.00219536526741097,0.0182000206393006
ENSG00000128918,ALDH1A2,44.5331283197107,-1.92339980265783,0.628217243130314,-3.06167941693833,0.0022009904167585,0.0182268889415571
ENSG00000136143,SUCLA2,345.050543709312,-1.31778603832822,0.430420202223525,-3.0616268277386,0.00220137710344787,0.0182268889415571
ENSG00000115844,DLX2,27.1141118760753,3.57835554277909,1.16879254921467,3.06158312284199,0.00220169851151761,0.0182268889415571
ENSG00000155367,PPM1J,22.5230035847216,2.79009136486467,0.911543260936602,3.06084360932895,0.00220714345707094,0.018263414951514
ENSG00000125841,NRSN2,87.2715473649026,1.37890507432948,0.450595984954895,3.06018056167879,0.00221203588429896,0.0182953370168656
ENSG00000122026,RPL21,2562.80691026516,-0.998427613522356,0.326353368887034,-3.05934520280058,0.00221821389217599,0.0183378570618738
ENSG00000164691,TAGAP,83.9952032062854,-1.52674629320048,0.499195312227937,-3.05841472426197,0.00222511398348445,0.0183863040046521
ENSG00000158850,B4GALT3,203.254843089831,1.18046276216263,0.386118556919357,3.05725467219432,0.00223374405475679,0.0184352525519327
ENSG00000133812,SBF2,921.863681600948,-0.972819769543639,0.318204275724833,-3.05721778039489,0.00223401900950817,0.0184352525519327
ENSG00000185504,FAAP100,183.247007264581,1.10342086841341,0.360925532555343,3.05719814445162,0.00223416536893015,0.0184352525519327
ENSG00000160688,FLAD1,202.640436956332,1.12390229716752,0.367794013387139,3.0557927977596,0.0022446631757245,0.0185132364441867
ENSG00000141756,FKBP10,329.485677252547,1.05191575915132,0.344253369085014,3.05564405062234,0.00224577694377872,0.0185137872712536
ENSG00000104047,DTWD1,330.730215045322,-0.935062731984567,0.30606044665374,-3.0551570521703,0.00224942696656177,0.0185352362766597
ENSG00000168214,RBPJ,861.907500223744,-0.913516699212179,0.299025155547295,-3.05498277407532,0.00225073448999805,0.0185373721409574
ENSG00000176920,FUT2,75.2406784258895,1.93999383954309,0.635123145393489,3.05451604718511,0.00225423954429327,0.0185575967698966
ENSG00000099864,PALM,393.081591003325,-1.65715289545211,0.542771760186392,-3.0531302787069,0.00226467596292776,0.0186232613292816
ENSG00000188522,FAM83G,85.2204840546082,1.39289094173667,0.456218700228208,3.05312110406681,0.00226474520570559,0.0186232613292816
ENSG00000140694,PARN,379.098225680285,0.760424288035428,0.249071379856898,3.05303760099745,0.0022653755086402,0.0186232613292816
ENSG00000136379,ABHD17C,112.098016722254,2.21950396417319,0.727016524736885,3.05289341941224,0.00226646420716062,0.0186235532412738
ENSG00000067177,PHKA1,187.722722968414,1.16118553089783,0.380387008002095,3.05264245747171,0.0022683603351803,0.0186304764547113
ENSG00000197136,PCNX3,299.801693690356,0.789425871623995,0.258649486431093,3.05210685904187,0.0022724118786081,0.0186550878595298
ENSG00000171408,PDE7B,78.6613528430362,-1.42466802170073,0.46700343448373,-3.05065855302691,0.00228340083771626,0.0187281049047651
ENSG00000169679,BUB1,94.4733697016349,1.33074048756026,0.436230651712249,3.05054329019974,0.00228427747727447,0.0187281049047651
ENSG00000178531,CTXN1,10.770208820433,3.16777036972458,1.03843748346137,3.05051620360007,0.0022844835310512,0.0187281049047651
ENSG00000173272,MZT2A,163.234066563658,1.26148333316246,0.413573963527822,3.05020007159517,0.00228688967672435,0.0187391427958835
ENSG00000197594,ENPP1,1232.21671980373,1.44728833147406,0.474687446906598,3.04892901825322,0.00229658737424216,0.0188091319420846
ENSG00000126545,CSN1S1,22.1365484127368,-4.42654271171531,1.45189575503992,-3.04880202063378,0.0022975583891253,0.0188091319420846
ENSG00000244207,C4A,49.6452002363052,3.15721594470221,1.03564479917306,3.04855095803424,0.00229947910277474,0.0188161448284895
ENSG00000104870,FCGRT,714.551859259882,-1.42337748101289,0.467088900775397,-3.04733740975218,0.00230878390926729,0.0188835457296824
ENSG00000275650,TTYH1,10.3730807565064,-5.07479604209335,1.66574915248594,-3.04655477958359,0.00231480295580945,0.0189240225000363
ENSG00000138639,ARHGAP24,156.671989123795,-0.956227758045813,0.314017237742548,-3.04514416125713,0.00232568803807153,0.0190042243887333
ENSG00000135334,AKIRIN2,123.693997438355,-1.11093709176435,0.364919812230803,-3.04433208208962,0.0023319757144808,0.0190468021058494
ENSG00000172123,SLFN12,108.72125839076,-1.19967583519916,0.394257750961633,-3.0428719087273,0.00234332055745544,0.0191306266932062
ENSG00000188641,DPYD,462.718772036323,-1.11946563423618,0.367985438324904,-3.04214655702702,0.00234897495887028,0.0191663214108685
ENSG00000177125,ZBTB34,201.313091144371,-0.913810013724503,0.300394501310532,-3.04203309227639,0.00234986059032759,0.0191663214108685
ENSG00000175395,ZNF25,314.507277122264,-0.844909180999565,0.277889037712664,-3.04045524053092,0.00236220799643612,0.0192581484559613
ENSG00000150510,FAM124A,31.4365378356246,-1.98834439412987,0.65407468720174,-3.0399347857909,0.00236629380159757,0.0192825683380875
ENSG00000260220,CCDC187,11.8959925830286,4.42636274215207,1.45635314617402,3.03934712111589,0.00237091501220771,0.019311326651713
ENSG00000282034,NA,230.718848372569,1.68043335479668,0.553069079141207,3.03837878155478,0.00237854775887113,0.0193645764365185
ENSG00000151240,DIP2C,469.453136214961,-0.851848266480996,0.280469131569221,-3.03722645595583,0.00238766004991757,0.0194298171480407
ENSG00000156671,SAMD8,666.274703642705,-1.1007074284755,0.362427304337966,-3.03704333338275,0.00238911107491505,0.0194326822160639
ENSG00000163251,FZD5,145.945711385575,-2.10036752053349,0.692005866145496,-3.03518745040795,0.00240386231789818,0.0195436769505258
ENSG00000149294,NCAM1,72.4471653305105,-2.03587687760179,0.670882573196267,-3.03462477479825,0.00240835111374349,0.0195711731361793
ENSG00000134480,CCNH,541.989393535882,-0.850780032286616,0.280392392145268,-3.03424791870187,0.0024113618062836,0.0195823991482266
ENSG00000203799,CCDC162P,25.2897722425369,-1.94384400641999,0.6406500008783,-3.03417467221583,0.00241194737006376,0.0195823991482266
ENSG00000175084,DES,188.675074601484,-3.26596027712977,1.07646447940166,-3.03396938740153,0.0024135891984224,0.019586736023728
ENSG00000121316,PLBD1,111.368100883374,-1.23057907324946,0.405645228465533,-3.03363379351082,0.00241627541683797,0.0195995404568559
ENSG00000251322,SHANK3,465.530029969072,-1.29016933811406,0.425411381386521,-3.03275698433145,0.00242330664336951,0.0196475613822572
ENSG00000169902,TPST1,165.852423922172,-1.08524932756841,0.357959317149777,-3.0317672304485,0.00243126608258469,0.0197030605583616
ENSG00000197150,ABCB8,170.276480396366,1.20774136226003,0.398595612931499,3.02999160823075,0.00244560533758366,0.0198101874413613
ENSG00000115825,PRKD3,491.132649884542,-1.27824888299158,0.421959133338881,-3.02931914964619,0.00245105603446789,0.0198452490189999
ENSG00000144229,THSD7B,57.9759279623095,-2.30892326680316,0.762249430276679,-3.02909149563428,0.00245290382978224,0.0198511205592858
ENSG00000146950,SHROOM2,92.2355023090938,2.13931021874893,0.706449486283823,3.02825645751753,0.00245969248744811,0.0198889701493325
ENSG00000196476,C20orf96,54.6493764265947,1.6855652994062,0.556615577547233,3.02823953801971,0.00245983021639938,0.0198889701493325
ENSG00000136114,THSD1,90.3198079125211,-1.3489703906226,0.445486882521222,-3.02808105816302,0.00246112062480084,0.0198903089617703
ENSG00000183340,JRKL,98.2612842212796,-1.28944325674836,0.426221538477586,-3.02528882363406,0.00248395798713033,0.0200657053843881
ENSG00000240972,MIF,259.705688259332,1.61097136249439,0.532532742503095,3.02511232440327,0.00248540804855828,0.0200682513802082
ENSG00000160867,FGFR4,68.3549748215169,1.88567682387679,0.623467400413752,3.02449947282793,0.00249044905720839,0.0200997766675563
ENSG00000141293,SKAP1,99.8126595136572,2.17191558503976,0.718301440979813,3.02368262282353,0.00249718259732653,0.0201449269473198
ENSG00000225614,ZNF469,201.067694088295,1.26119438890378,0.417169044482093,3.02322141488118,0.00250099182582075,0.020166456204281
ENSG00000112297,CRYBG1,719.244530712563,-0.946156886266066,0.313011021470158,-3.02275901283646,0.00250481625240198,0.0201880883278142
ENSG00000082397,EPB41L3,338.336147278082,-1.66678004427505,0.551620161633778,-3.02160827359612,0.00251435700090664,0.020255751638739
ENSG00000047617,ANO2,91.9213939278345,-1.74680724471102,0.578329618522018,-3.02043538626842,0.00252411557657274,0.0203251073499707
ENSG00000229341,TNXB,94.324880043349,-2.34743168281818,0.777335681748501,-3.0198429557974,0.00252905783292085,0.0203556348017931
ENSG00000258728,NA,15.3133921168146,-2.68074815495646,0.887775715784753,-3.01962320808336,0.00253089329241288,0.0203611401682152
ENSG00000140534,TICRR,15.5485371219514,2.53432711378959,0.839515207060601,3.01879834036961,0.00253779393857809,0.020407371630685
ENSG00000010818,HIVEP2,732.035912028049,-1.35028280854873,0.447330954814777,-3.01853201531252,0.00254002562272933,0.0204160332212376
ENSG00000152137,HSPB8,146.605572880692,-2.29858296518431,0.761588208997063,-3.01814410731401,0.00254327932844274,0.0204327411066488
ENSG00000199523,RNA5SP226,11.5769163586542,-4.27049642705135,1.41500463893197,-3.01800878212998,0.00254441530944074,0.0204327411066488
ENSG00000121898,CPXM2,157.250737719834,-1.86812523970974,0.619411488412533,-3.01596801909097,0.00256160276181131,0.020561426072224
ENSG00000276386,CNTNAP3P2,25.8375100952014,-1.97334102802835,0.654397916655545,-3.01550628112262,0.00256550625172281,0.0205826165795622
ENSG00000151090,THRB,426.378588790276,-0.951137336683861,0.315437890357155,-3.0152919663739,0.00256731989638827,0.0205826165795622
ENSG00000187498,COL4A1,5495.37016314196,-1.57308262880955,0.521710072118569,-3.01524297282886,0.00256773467027734,0.0205826165795622
ENSG00000261893,CLK2,217.463519044936,1.02412117712465,0.339700124293089,3.01478010717787,0.00257165626452805,0.0206047112485952
ENSG00000162889,MAPKAPK2,632.33678834608,1.14947690249321,0.381318892801444,3.014476660331,0.00257423016642042,0.0206159927684838
ENSG00000126602,TRAP1,354.92607996631,0.895206180870457,0.297001580767995,3.0141461825072,0.00257703603057938,0.0206291209274491
ENSG00000132874,SLC14A2,55.5708932371837,-1.31572441825219,0.436589182262894,-3.01364411145653,0.00258130412902279,0.0206539370649367
ENSG00000113638,TTC33,175.913053975008,-1.08120054908627,0.35895593135961,-3.0120704371454,0.00259472382521388,0.0207519228409123
ENSG00000124496,TRERF1,224.246259274965,1.2074898272507,0.400993292969987,3.01124694208059,0.00260177167376839,0.0207988826886286
ENSG00000116871,MAP7D1,620.169668647171,-1.56688056583644,0.520690560155759,-3.00923559161074,0.00261905937634334,0.0209276217586441
ENSG00000143819,EPHX1,702.023700081264,-1.74860163914064,0.581836131997164,-3.00531634764334,0.00265304757837924,0.0211896297779947
ENSG00000154277,UCHL1,74.9610863684359,-2.7130069539537,0.903098020014864,-3.00411128562661,0.002663578784742,0.0212601481038187
ENSG00000101057,MYBL2,21.0477305391139,2.13243858055986,0.709859036630858,3.0040310406991,0.00266428141141561,0.0212601481038187
ENSG00000116962,NID1,1048.72599323918,-1.38959159585414,0.4626082292091,-3.00381944832641,0.0026661349320542,0.0212653423561184
ENSG00000263324,HCN3,18.8882975251472,2.36490028441958,0.787379391248852,3.00350797938544,0.00266886550225491,0.0212775242003488
ENSG00000049246,PER3,600.964623592174,-1.05331085941592,0.35075079160919,-3.00301776820942,0.0026731682380543,0.021302223503161
ENSG00000143740,SNAP47,221.172974571918,1.01606998160114,0.338436248559377,3.00224927420229,0.00267992630962054,0.021346458077937
ENSG00000197329,PELI1,343.601151738259,-1.341164572476,0.446747963144231,-3.00206085560375,0.0026815856285222,0.0213500579329843
ENSG00000143793,C1orf35,60.9587823665326,1.22902917072686,0.409428524659143,3.00181618207976,0.00268374176078732,0.0213576082610271
ENSG00000168546,GFRA2,40.399503467175,-2.42259556329291,0.807089842585518,-3.00164298379981,0.00268526899054436,0.0213601491497058
ENSG00000130307,USHBP1,77.4885896232388,-1.39068331171088,0.463422347885147,-3.00089824769423,0.00269184498696118,0.0214028304426415
ENSG00000143061,IGSF3,386.265745122493,2.22674879663872,0.742195943770546,3.00021687713121,0.00269787435536568,0.0214320495026744
ENSG00000155970,MICU3,123.829237560808,-2.2955275255662,0.765122532000806,-3.00020902477329,0.00269794391183358,0.0214320495026744
ENSG00000140199,SLC12A6,320.349670628766,-1.27163805883479,0.42387069466781,-3.00006128008301,0.00269925294510837,0.0214328198600589
ENSG00000177508,IRX3,203.938363906186,1.64931812744194,0.54981816713464,2.9997519653403,0.00270199538542373,0.0214389931735953
ENSG00000173320,STOX2,105.340814943365,-2.10192368529967,0.700711269495351,-2.99970012871845,0.00270245522727727,0.0214389931735953
ENSG00000101444,AHCY,455.727289681505,1.18128898437832,0.393841579890117,2.9994013956269,0.00270510667763209,0.0214504042065328
ENSG00000101230,ISM1,76.9878408456412,-1.61584724281729,0.538837485199396,-2.99876546677028,0.00271075887715132,0.0214855890742567
ENSG00000005882,PDK2,207.939461996625,-1.26863064290282,0.423092617115457,-2.99847029133251,0.00271338609114821,0.0214959640466332
ENSG00000085644,ZNF213,84.3617793823934,1.14882600919614,0.383153335204061,2.99834531933356,0.00271449910739874,0.0214959640466332
ENSG00000105726,ATP13A1,254.89070464302,1.03093263022934,0.343933426198161,2.99747727816184,0.00272224150933344,0.021539075079328
ENSG00000240342,RPS2P5,226.375263321205,1.51741054147802,0.506231810836874,2.99746185244566,0.00272237927966398,0.021539075079328
ENSG00000107338,SHB,162.635885073286,1.32344410456904,0.44154364095237,2.99731211554647,0.00272371694263195,0.0215400208839717
ENSG00000155099,PIP4P2,119.736156097394,-1.65720268892129,0.553204496920746,-2.99564211452661,0.00273867651728965,0.0216486441015793
ENSG00000154040,CABYR,35.9711536124129,2.20262340650594,0.735400464395286,2.99513464179974,0.00274323721643984,0.02167500612078
ENSG00000125484,GTF3C4,441.884052032082,0.774413337889301,0.258588310425942,2.99477318450204,0.0027464898927227,0.0216910141907171
ENSG00000104313,EYA1,19.9666699537668,-2.45227763536977,0.819518868907793,-2.99233822234993,0.0027684935621481,0.0218550319908325
ENSG00000134245,WNT2B,73.9366330700901,-1.10749085121355,0.370146856615638,-2.99203095047103,0.00277128165370996,0.02186727955491
ENSG00000146197,SCUBE3,987.825109496592,2.98307907874083,0.99706627756521,2.99185635485073,0.00277286702369008,0.0218700301426903
ENSG00000135378,PRRG4,239.72929128141,1.96523894261664,0.656906276536925,2.99165803830796,0.00277466879015611,0.0218744842694296
ENSG00000165304,MELK,92.8994978069844,1.33046503225247,0.44483452673863,2.99092123537931,0.00278137224097332,0.0219175603106646
ENSG00000288210,ASF1B,18.6715180163771,2.15224240369063,0.719649119212656,2.99068302347861,0.00278354266074945,0.0219248930378764
ENSG00000179295,PTPN11,1747.37814232507,-0.986041757129634,0.329881141353649,-2.9890819253367,0.0027981709299249,0.0220303012261185
ENSG00000063438,AHRR,11.6010393797393,4.47395998152355,1.49741922503667,2.98778051377963,0.00281011283199372,0.0221144749479951
ENSG00000151834,GABRA2,29.9014678648527,-2.6975803742197,0.903106375282387,-2.98700180626696,0.00281728057904416,0.0221610197861378
ENSG00000213983,AP1G2,304.902915272418,1.55208707414406,0.519721709570348,2.98638106810502,0.00282300622433509,0.0221961845553212
ENSG00000178343,SHISA3,6.21352115503842,-5.01194728812632,1.67850424201687,-2.98596045375735,0.00282689197883747,0.0222168581607924
ENSG00000197043,ANXA6,1913.16230900042,-1.59749712814593,0.535157436976194,-2.98509750172264,0.00283487946721214,0.0222697350594013
ENSG00000138413,IDH1,788.033017751686,-1.40521500615389,0.470862151190839,-2.98434478668548,0.00284186342237962,0.0223047365047969
ENSG00000162616,DNAJB4,357.916222451801,-1.52503189643891,0.511016609656169,-2.98430983968409,0.00284218805425152,0.0223047365047969
ENSG00000285326,NOP9,385.535392433654,0.992162712281139,0.332483976020558,2.98409181746489,0.00284421408453048,0.0223047365047969
ENSG00000096433,ITPR3,512.37319278918,1.08369794766531,0.363160558096662,2.98407391305105,0.00284438052470265,0.0223047365047969
ENSG00000182224,CYB5D1,186.289537166221,0.844556019743193,0.28316781213075,2.9825283226514,0.00285878196044354,0.0224077311199127
ENSG00000138670,RASGEF1B,271.920935270929,-1.28095695549911,0.429704717971303,-2.98101673527509,0.00287293092310985,0.0225086564082195
ENSG00000276068,NAIP,420.508780632481,1.12417561202834,0.377228655931052,2.98009070719648,0.00288163040301724,0.0225618855648132
ENSG00000173540,GMPPB,182.576548374458,0.99717084557681,0.334618617717272,2.98002200947272,0.00288227673420308,0.0225618855648132
ENSG00000172935,MRGPRF,46.0209610718027,-2.71263689905755,0.910503734719034,-2.97927048030684,0.00288935601966447,0.0226072931397021
ENSG00000274497,IGHG2,99.8960166868994,-5.87008825768977,1.97049519874374,-2.97899140349702,0.00289198891765308,0.0226147610896856
ENSG00000187758,ADH1A,9.18084804725082,-4.5786077672724,1.53701381749095,-2.97889824747743,0.0028928682681032,0.0226147610896856
ENSG00000166851,PLK1,31.917414024436,2.09724807687061,0.704203605912522,2.9781842343067,0.00289961633623538,0.0226574969834955
ENSG00000079950,STX7,852.66098004534,-1.31116940188105,0.440310023994327,-2.97783227823571,0.00290294792224661,0.02267351064889
ENSG00000181690,PLAG1,31.1302569275998,-2.09459701106774,0.703453035770444,-2.97759325009333,0.00290521253394513,0.0226757890866663
ENSG00000101222,SPEF1,9.63898943077346,4.24865825045162,1.42690655985114,2.97753081385712,0.00290580433582457,0.0226757890866663
ENSG00000277401,TJP1,887.932954015506,-1.20070068376477,0.403357975980084,-2.97676197141583,0.00291310083435821,0.0227128314667562
ENSG00000277258,PCGF2,165.696256833664,0.992519388567247,0.333422716454121,2.97675994941939,0.00291312004561461,0.0227128314667562
ENSG00000213376,GAPDHP71,48.6340240019098,4.27232701401814,1.4353155306169,2.97657687308789,0.00291485995741228,0.0227163810607851
ENSG00000179889,PDXDC1,538.790962955023,0.935757724587509,0.314699573681019,2.9734953677948,0.00294428850715091,0.0229327587304386
ENSG00000187961,KLHL17,27.8190695367085,1.65198102996411,0.555586830384387,2.97339846738479,0.00294521829309653,0.0229327587304386
ENSG00000182247,UBE2E2,106.793231062751,-1.71354790791322,0.576357956021022,-2.97306194876353,0.00294844936271899,0.0229478125356338
ENSG00000258227,CLEC5A,22.6012235634947,3.60468651629358,1.21268506634023,2.97248363680455,0.00295400955762287,0.0229809727265487
ENSG00000184357,H1-5,65.3635523029992,1.66211609061396,0.559407301930484,2.9712091438172,0.00296629699532138,0.023066415905131
ENSG00000111817,DSE,614.872214580541,-1.24746929525921,0.41993114607996,-2.9706519911759,0.0029716831611048,0.0230981421265126
ENSG00000173517,PEAK1,1498.09820415792,-0.861550933389846,0.290079598225194,-2.97005007818926,0.0029775120653128,0.0231332802508463
ENSG00000162702,ZNF281,363.744358815818,0.998386325242501,0.336279675227839,2.96891664524794,0.00298851651442249,0.0232085803796807
ENSG00000025708,TYMP,273.568693586051,1.14181634296125,0.384611523275939,2.96875229643614,0.00299011524618879,0.023210802413677
ENSG00000167987,VPS37C,253.406535913608,0.975762225403764,0.328790023427661,2.96773671911139,0.00300001177209193,0.0232708914271758
ENSG00000176597,B3GNT5,117.724434240729,-1.16904187783383,0.393923456308616,-2.96768790766792,0.00300048817813498,0.0232708914271758
ENSG00000138795,LEF1,53.8693379162144,1.99659652092235,0.672907272280583,2.96711984424777,0.00300603762877165,0.0233037103856068
ENSG00000166510,CCDC68,33.9999018954802,-2.24755151937749,0.757535802688609,-2.96692448251368,0.003007948293654,0.0233083039775125
ENSG00000151365,THRSP,537.731360848879,-4.22188038209162,1.42306118536056,-2.96675956418691,0.00300956208005959,0.0233105940699491
ENSG00000077063,CTTNBP2,78.9873459795856,-1.28227972088925,0.432248537094381,-2.96653339652428,0.003011776498001,0.0233175323179298
ENSG00000137288,UQCC2,165.597777341456,0.973431278478339,0.328240677884966,2.96560220613328,0.00302090949214044,0.0233739781055837
ENSG00000143420,ENSA,1227.15545139361,0.859600911597097,0.289865093684475,2.96552061743865,0.00302171090591893,0.0233739781055837
ENSG00000153443,UBALD1,51.7165565684071,1.53147170434469,0.516473747299288,2.9652459826912,0.00302440996071836,0.0233846267316934
ENSG00000077942,FBLN1,1011.29341427937,-1.33869040570451,0.451494588401827,-2.9650198254715,0.00302663423904262,0.0233915966997337
ENSG00000139684,ESD,361.080516120778,-1.41809773940465,0.478342897559175,-2.9646049865917,0.00303071809898357,0.0234118368485578
ENSG00000136999,CCN3,62.0462791284069,-1.98998820428001,0.671339070860315,-2.96420734418132,0.00303463738648326,0.0234118368485578
ENSG00000064655,EYA2,59.1923468493652,-1.30035855184758,0.438693388061458,-2.96416264123271,0.00303507828161704,0.0234118368485578
ENSG00000169071,ROR2,105.854510954423,1.93374135769208,0.652382909572057,2.96412019585331,0.00303549696492724,0.0234118368485578
ENSG00000153814,JAZF1,126.095964822502,-1.49944678681756,0.505872221477779,-2.96408208072249,0.00303587297934418,0.0234118368485578
ENSG00000105997,HOXA3,39.6561561818603,-2.36856081595553,0.799310907711308,-2.96325346383362,0.00304405798129896,0.0234647241862727
ENSG00000185130,H2BC13,18.5452330621314,2.16974107289223,0.732430660740747,2.96238427634617,0.00305266536079737,0.023520819858379
ENSG00000276726,DNAJA3,240.45579478898,1.0030060580207,0.338671381957441,2.96159082655158,0.00306054209983832,0.023571239525889
ENSG00000128573,FOXP2,114.597141322262,-1.78778513046866,0.603807160045196,-2.96085447270092,0.00306786861375128,0.0236173794936717
ENSG00000133275,CSNK1G2,227.027034569974,0.874544557362416,0.295396407754078,2.9605795277324,0.00307060833740029,0.0236184191973078
ENSG00000163637,PRICKLE2,806.269405827404,-1.04768012248998,0.353877502198629,-2.96057284224282,0.00307067498357805,0.0236184191973078
ENSG00000108387,SEPTIN4,117.302992539205,-1.77583731573086,0.599858366627617,-2.960427685146,0.00307212234809886,0.0236192780354053
ENSG00000134201,GSTM5,81.8177293861585,-2.52485929181124,0.852931251547843,-2.96021430476289,0.00307425109793218,0.0236253725183549
ENSG00000005810,MYCBP2,2834.38332065272,-0.779928872442758,0.263500577520149,-2.95987538161323,0.00307763506710551,0.0236411037756849
ENSG00000124193,SRSF6,1129.1865265209,0.906316644158049,0.306313108443823,2.9587915736367,0.00308847913002683,0.0237141018047175
ENSG00000188833,ENTPD8,17.7115524615475,4.24174317340777,1.43369262797209,2.9586140645834,0.00309025851731297,0.0237153787153598
ENSG00000173175,ADCY5,210.911186303822,-2.49898875961265,0.844678880642532,-2.95850744807508,0.00309132771243027,0.0237153787153598
ENSG00000136003,ISCU,407.79930635921,-1.26038437579817,0.426088196539126,-2.95803635499776,0.00309605607086455,0.0237413527758447
ENSG00000184719,RNLS,42.4196252071173,-1.56005372398026,0.527474292691846,-2.95759195394883,0.00310052256523159,0.0237652971482402
ENSG00000165434,PGM2L1,286.677559144986,1.30398791405529,0.4410682803893,2.95643094739061,0.0031122191085238,0.0238446145996648
ENSG00000136908,DPM2,79.2627621204039,1.24239593092502,0.42031854421009,2.95584372385917,0.0031181503902686,0.0238797112824251
ENSG00000198589,LRBA,2012.21348401185,1.16438214068816,0.393959662785758,2.95558721026058,0.00312074455188165,0.0238892319960707
ENSG00000186462,NAP1L2,18.4577304697165,-1.96037488795273,0.663428060049919,-2.95491705280784,0.00312753124567776,0.0239220321894372
ENSG00000173227,SYT12,355.652108330267,1.86741770739873,0.631973885485073,2.95489695110643,0.00312773502358078,0.0239220321894372
ENSG00000138363,ATIC,209.837021854274,1.02888826369034,0.348262796447243,2.95434446109778,0.0031333405464397,0.0239545442640265
ENSG00000125850,OVOL2,49.7742516225808,3.08326783774352,1.04372929994695,2.95408765270865,0.00313594922202085,0.0239641270929104
ENSG00000129680,MAP7D3,332.92273463917,-1.02712913782003,0.347793505889154,-2.95327290598515,0.00314423858033155,0.0240170932250552
ENSG00000115295,CLIP4,749.608262722421,-1.19549441823285,0.404839410764946,-2.95300898688188,0.00314692801382503,0.0240272573698049
ENSG00000157992,KRTCAP3,37.7744367514119,2.53303954215108,0.857985171256773,2.95231156319484,0.00315404511534272,0.0240712040460101
ENSG00000137076,TLN1,4393.76258524089,-1.20273549809866,0.407407762144289,-2.95216637937471,0.00315552853773722,0.0240721359503051
ENSG00000116005,PCYOX1,1875.68009567767,-1.17187012231803,0.396999061983226,-2.95182088457313,0.003159061204636,0.024087494982378
ENSG00000119801,YPEL5,599.892759831575,-0.871085005200143,0.295112676533554,-2.95170311025627,0.00316026626472415,0.024087494982378
ENSG00000128886,ELL3,40.9398972785218,1.54561836698264,0.523659838916363,2.95156941991402,0.0031616346844365,0.0240875424924131
ENSG00000163479,SSR2,919.24265836623,0.958257062068722,0.324688154569822,2.95131512678161,0.00316423905387532,0.0240970022350032
ENSG00000110651,CD81,1871.12934953583,-1.59706142029972,0.541251545871022,-2.95068241833769,0.00317072749055326,0.024136019894728
ENSG00000182095,TNRC18,1146.96354312085,0.768278512989006,0.260405682357016,2.95031393337914,0.00317451189618058,0.0241489912571671
ENSG00000054793,ATP9A,1564.36474760466,-1.19237049432932,0.404159056194252,-2.95025059083724,0.00317516284979435,0.0241489912571671
ENSG00000100504,PYGL,1343.16358834049,-1.68511468428336,0.571273546068727,-2.94975094834976,0.00318030180234511,0.0241688584118775
ENSG00000066056,TIE1,236.543652564604,-1.53961348164898,0.521950495101225,-2.94973085780941,0.00318050859720856,0.0241688584118775
ENSG00000088367,EPB41L1,631.167541257226,-1.32227650964086,0.448317851949665,-2.94941748112523,0.00318373581602587,0.0241829898774851
ENSG00000182253,SYNM,1305.61504531647,-2.09912257353983,0.71177097531242,-2.94915449821265,0.00318644637209122,0.024192471215667
ENSG00000007237,GAS7,583.995449474194,-1.29498259362095,0.439132002445605,-2.94895973513422,0.00318845514402726,0.024192471215667
ENSG00000205060,SLC35B4,166.171924456552,-0.971400545588818,0.329411335134267,-2.94889835892525,0.00318908841281003,0.024192471215667
ENSG00000169926,KLF13,387.696969843465,-1.20520206767536,0.408728252714394,-2.94866346936266,0.00319151302037528,0.0242004823067307
ENSG00000265590,CFAP298-TCP10L,149.360793234039,1.88846226568117,0.64053025202047,2.94827958511601,0.00319547921692374,0.0242201710213727
ENSG00000020577,SAMD4A,531.491648214373,-1.66781901782401,0.566031437714581,-2.94651304980166,0.00321378858011045,0.0243485104807597
ENSG00000182916,TCEAL7,21.0698240288681,-2.19882087324865,0.746284633142724,-2.94635689333312,0.00321541166345985,0.0243503744946297
ENSG00000226174,TEX22,19.5636898378265,2.33765923501457,0.793461894802463,2.94615185723133,0.00321754393381994,0.0243560913449221
ENSG00000113648,MACROH2A1,1158.84794954288,0.669184426887194,0.227250371302898,2.94470113756273,0.00323266752311942,0.0244601026150281
ENSG00000147065,MSN,1854.50192811106,-1.3952208762893,0.473836194215574,-2.94452153153699,0.00323454439483166,0.0244638359853756
ENSG00000131781,FMO5,240.079935831923,1.45908096294789,0.495564072531201,2.94428317915646,0.00323703669543148,0.0244722188479328
ENSG00000135070,ISCA1,285.834141549535,-1.1174041833115,0.379590800626128,-2.94370722754178,0.00324306628250396,0.024507325245093
ENSG00000169860,P2RY1,42.9948231230848,-1.56813130788105,0.532771581086403,-2.94334638623815,0.00324684911065141,0.0245254305098884
ENSG00000143157,POGK,562.481030399829,0.934293306501627,0.317450220401004,2.94311752350156,0.00324925044344603,0.024533089492509
ENSG00000117600,PLPPR4,45.5173317065798,-1.86388705323263,0.63352190070737,-2.9421035818201,0.00325990866117407,0.0246010401368702
ENSG00000067208,EVI5,562.518634767218,-0.728596566699915,0.247653755505092,-2.94199684238156,0.00326103252167753,0.0246010401368702
ENSG00000106565,TMEM176B,192.10361731114,-1.86199447474113,0.633019800471113,-2.94144744501732,0.00326682271763055,0.024634211563267
ENSG00000140332,TLE3,701.389589473909,1.24055493531249,0.421791058003444,2.94115987471305,0.00326985720477825,0.024636928699062
ENSG00000119699,TGFB3,365.27521800514,1.51361539942001,0.514634001861244,2.94114923216463,0.0032699695558841,0.024636928699062
ENSG00000131697,NPHP4,111.449362776816,1.07126746913816,0.364471617839381,2.93923426874424,0.00329024275656825,0.0247791152744448
ENSG00000131759,RARA,253.503594695738,0.880040285895671,0.29942610079874,2.93909009117142,0.00329177375053873,0.0247800916265544
ENSG00000143382,ADAMTSL4,137.731265013024,-1.9406041243785,0.660451643917918,-2.9382985752999,0.00330019027175915,0.0248328785427732
ENSG00000205403,CFI,176.391557947788,-1.103933440585,0.375877692066417,-2.93694854439496,0.00331459095857215,0.0249290568856677
ENSG00000147576,ADHFE1,74.8422356221909,-1.58662303978888,0.540249068491221,-2.93683623410943,0.00331579153961943,0.0249290568856677
ENSG00000006453,BAIAP2L1,121.944420734443,1.63248793735806,0.556031932797969,2.93596076243919,0.00332516379353492,0.024988895606068
ENSG00000099250,NRP1,2060.27513327873,-1.83537785864059,0.625216060859527,-2.93558974815421,0.00332914291509782,0.0250081708443818
ENSG00000213203,GIMAP1,104.744644099836,-1.65155777006861,0.562661485100022,-2.93526003432601,0.0033326827288974,0.0250241310807188
ENSG00000111269,CREBL2,673.44943610392,-1.14423927675446,0.389914692515854,-2.93458876702353,0.00333990006261463,0.0250676794597685
ENSG00000173821,RNF213,3848.42033542734,0.782292321539352,0.266689343696505,2.93334675730278,0.00335329145057491,0.0251575107002614
ENSG00000133740,E2F5,89.2775116398572,1.67792956090154,0.572433841242138,2.93122006424457,0.00337633510824162,0.0253187107840601
ENSG00000182054,IDH2,478.247414124115,0.723234087606551,0.246744948662599,2.93109987266855,0.00337764173158388,0.0253187107840601
ENSG00000134954,ETS1,844.514448575694,-1.1224264576004,0.383005010361605,-2.93057904527328,0.00338330905790263,0.0253504466402085
ENSG00000068654,POLR1A,624.825358814413,0.724355727017814,0.247221831072101,2.92998285740614,0.00338980703792971,0.025388376896108
ENSG00000291681,PCDHB7,22.8494791692781,-1.99036471273166,0.679363215748074,-2.92975048780054,0.00339234276025245,0.0253966117821948
ENSG00000072310,SREBF1,1204.76586804387,1.29372068502627,0.441731534756948,2.92874876080131,0.00340329384015055,0.0254678142087948
ENSG00000197168,NEK5,96.1504289921089,1.28453902699169,0.438651772716178,2.92837988329031,0.00340733458416312,0.0254872662655484
ENSG00000130766,SESN2,29.6622764487953,-3.73451304088745,1.27574909285516,-2.9273099716885,0.00341907928748369,0.0255643040340694
ENSG00000197021,EOLA2,167.023988135815,0.876313354329931,0.299422532736672,2.9266780503143,0.00342603335527132,0.0256054724519285
ENSG00000101276,SLC52A3,82.1415835635387,1.77162896689629,0.605412574388802,2.92631676619015,0.00343001493972699,0.0256235742610503
ENSG00000152784,PRDM8,19.1332738661033,-2.5485180487266,0.870932287968579,-2.92619539306659,0.00343135349489154,0.0256235742610503
ENSG00000153904,DDAH1,311.184393091248,0.996818423059433,0.340760930353406,2.92527204344003,0.0034415521715989,0.0256888843606515
ENSG00000184661,CDCA2,23.988697651376,2.2075731747193,0.75470939955066,2.92506384051086,0.0034438556449622,0.0256932642739849
ENSG00000233151,CYP21A2,9.27467038046978,3.48440657873551,1.19126787172764,2.92495639430134,0.00344504493545316,0.0256932642739849
ENSG00000128284,APOL3,275.722719574665,-1.40450126334193,0.480262606693166,-2.92444434309092,0.00345071781727787,0.0257247230872363
ENSG00000203667,COX20,273.43947342827,0.986306584333093,0.337325847834038,2.92389862996313,0.00345677298896037,0.0257590041145328
ENSG00000166908,PIP4K2C,187.983146933622,0.986257528346984,0.337617486909245,2.92122762175557,0.00348654993772364,0.0259699505260182
ENSG00000122877,EGR2,139.755620937113,-1.02727881257634,0.351862688873689,-2.91954459810631,0.00350543231874744,0.0260996040810152
ENSG00000163734,CXCL3,11.2923824088741,-3.34913998788274,1.14771182745743,-2.91810183336895,0.00352169318414984,0.0262002200828455
ENSG00000142675,CNKSR1,54.7410060233185,2.34631952253388,0.804062039516034,2.91808269414899,0.00352190935570457,0.0262002200828455
ENSG00000140992,PDPK1,553.694859954258,0.697582507452139,0.239085858791043,2.91770709894563,0.00352615403112203,0.0262207660775151
ENSG00000142687,KIAA0319L,852.531326770873,1.07948597028601,0.370165817869074,2.9162227255349,0.00354297481409604,0.0263278890009643
ENSG00000067840,PDZD4,22.319230783631,-1.82775390799315,0.626764530486843,-2.91617317044638,0.00354353762496721,0.0263278890009643
ENSG00000088179,PTPN4,609.255007720404,-0.843503309530639,0.289327244171383,-2.91539537504111,0.00355238192677593,0.0263825155863834
ENSG00000172469,MANEA,213.113483407089,-1.28181850999997,0.439696233345937,-2.91523650372389,0.00355419091860737,0.026384869023398
ENSG00000213339,QTRT1,142.452441373205,1.03329601262707,0.3545383937226,2.91448269333434,0.00356278562475001,0.0264375737316217
ENSG00000105388,CEACAM5,105.508648965306,2.24918601171322,0.771828870658843,2.91409935183337,0.00356716361096507,0.0264589572704259
ENSG00000106077,ABHD11,145.223839462026,1.82023889793992,0.624970669544632,2.91251891751366,0.00358526483104359,0.0265763691924394
ENSG00000197860,SGTB,145.483483974571,-1.04597632789031,0.359139053709133,-2.91245498669006,0.00358599880637676,0.0265763691924394
ENSG00000111077,TNS2,1092.20221373529,-1.03579092094614,0.355764888044682,-2.91144785714787,0.0035975794835445,0.0266510255582394
ENSG00000064205,CCN5,223.744683700141,-2.33970041798667,0.804101798284251,-2.90970673486739,0.00361768038507159,0.0267887111596403
ENSG00000094975,SUCO,769.042577604205,0.869145270789913,0.298777816997656,2.90900201200925,0.00362584526469407,0.0268379329491776
ENSG00000019549,SNAI2,113.228230140612,-1.1523294778241,0.396352541618033,-2.90733464990521,0.00364523000295253,0.0269701264193346
ENSG00000123364,HOXC13,25.0732071772587,4.04713621434592,1.39239641140154,2.90659770537057,0.00365382770761606,0.0270224321847657
ENSG00000121964,GTDC1,335.294568026959,-1.22638048220233,0.421949197421377,-2.90646478224631,0.00365538044226375,0.0270226138631061
ENSG00000235657,HLA-A,937.122559934935,-1.48431878376573,0.510827495043323,-2.90571435204333,0.00366415781545545,0.0270761816342243
ENSG00000135298,ADGRB3,26.4395137032531,-2.48808774098305,0.856357529873667,-2.90543103106725,0.003667476647029,0.0270893857766975
ENSG00000108691,CCL2,140.989095393496,-1.98872837222347,0.684526326765975,-2.90526206876389,0.00366945717805091,0.0270926978202398
ENSG00000152952,PLOD2,739.043989374132,-1.66452268810914,0.572962151566556,-2.90511804934778,0.00367114610289374,0.0270938549822496
ENSG00000127129,EDN2,8.74598674366068,3.93248861345009,1.35372537855126,2.90493823618687,0.00367325577538719,0.0270981150922702
ENSG00000182580,EPHB3,271.948381847766,2.52169469535076,0.868119410706703,2.90477861023513,0.0036751295233861,0.0271006319274547
ENSG00000165626,BEND7,122.109651744611,-1.66309739415155,0.572731561006291,-2.9037991048188,0.003686646357807,0.0271742257378496
ENSG00000184730,APOBR,33.6962973603214,1.88216173563912,0.648337104150838,2.90306034251161,0.00369535427787551,0.0272265110560212
ENSG00000163624,CDS1,160.54856680609,2.05118081657045,0.706588316199631,2.90293622119693,0.00369681915090804,0.0272265110560212
ENSG00000065978,YBX1,1290.36057934002,-1.51634584151697,0.5224045958032,-2.90262730017829,0.0037004673124111,0.0272420330913262
ENSG00000129048,ACKR4,52.2370635279724,-1.43927615323393,0.496070986931938,-2.90135120002776,0.00371557195715963,0.0273294475797822
ENSG00000170525,PFKFB3,2335.33925586611,-1.69996651372332,0.585929467073477,-2.90131595909332,0.00371598988298851,0.0273294475797822
ENSG00000041353,RAB27B,555.152140744848,2.4106810685701,0.830916150325494,2.90123265461354,0.00371697796920071,0.0273294475797822
ENSG00000143569,UBAP2L,782.952112083644,0.741215331182672,0.255542608012998,2.90055477223967,0.00372502731164419,0.0273732071690732
ENSG00000262826,INTS3,620.062607022978,0.9407256834533,0.324349694910731,2.90034397507977,0.00372753359700276,0.0273732071690732
ENSG00000160191,PDE9A,52.5188997264378,-1.59894751836476,0.551296461210276,-2.90034061683354,0.00372757353747262,0.0273732071690732
ENSG00000177303,CASKIN2,209.048703501495,-0.851178312040513,0.293495107309447,-2.90014480937521,0.00372990299770928,0.027378943424032
ENSG00000167641,PPP1R14A,20.1395645508558,-2.84127308631259,0.979927251939914,-2.89947348712658,0.00373789955820616,0.027423816366977
ENSG00000183018,SPNS2,77.1611267118916,-1.36260565452992,0.469965900449022,-2.89937132295776,0.00373911786805302,0.027423816366977
ENSG00000131188,PRR7,10.9537769165279,2.86957520675987,0.989837085922613,2.89903787963772,0.00374309669849612,0.0274416164674573
ENSG00000145757,SPATA9,14.549690604025,-2.81703025794415,0.971892581571845,-2.89849959898671,0.00374952788286174,0.0274502061198365
ENSG00000163683,SMIM14,1819.63175560363,0.796569515861092,0.274827131912301,2.89843841224266,0.00375025955550471,0.0274502061198365
ENSG00000107551,RASSF4,256.822613823804,-1.27106156815922,0.438534041518687,-2.89843306977358,0.0037503234470458,0.0274502061198365
ENSG00000115041,KCNIP3,48.9153657534328,1.704875906087,0.58820868172632,2.89842016796386,0.00375047774617005,0.0274502061198365
ENSG00000255073,ZFP91-CNTF,11.7442757973662,4.92499525850523,1.69942566547663,2.89803511771958,0.00375508540917722,0.0274725590775675
ENSG00000186523,FAM86B1,93.980850480821,2.13807523254178,0.737950088999215,2.89731685708091,0.00376369415163746,0.0275241537152213
ENSG00000145860,RNF145,315.839973991443,-1.14214594949277,0.394309878466075,-2.89656945429794,0.00377267121883571,0.0275783981656353
ENSG00000165458,INPPL1,610.168136484803,1.06586125365153,0.368006833782927,2.89630831768804,0.00377581231940462,0.027589954233071
ENSG00000005243,COPZ2,145.335688490461,-1.96241409480115,0.677644124624001,-2.89593611674863,0.00378029347343629,0.0276112885133308
ENSG00000124067,SLC12A4,336.366691177033,-1.03883686579624,0.358749725545741,-2.89571473320551,0.00378296113668907,0.0276193648968096
ENSG00000157224,CLDN12,422.229183828465,1.3762658777723,0.475316803282571,2.89547070136741,0.00378590369322713,0.0276240651939904
ENSG00000087088,BAX,77.702095061411,1.41126280572762,0.487415107481416,2.89540226403718,0.00378672928972644,0.0276240651939904
ENSG00000100100,PIK3IP1,361.926137938596,-1.06081868244142,0.366402048758974,-2.89523130679667,0.00378879235419206,0.0276266210177649
ENSG00000196878,LAMB3,248.316268340948,-1.72145341179193,0.594606361388927,-2.89511435392454,0.0037902042972967,0.0276266210177649
ENSG00000184602,SNN,296.043874075143,-1.51862433420409,0.524713391170519,-2.89419778446358,0.00380128638273403,0.0276959815022191
ENSG00000102595,UGGT2,420.945093458929,-0.874062470687484,0.302064569742066,-2.89362791350819,0.00380819143184713,0.0277348637106066
ENSG00000180875,GREM2,15.2626980544933,-3.25293456353144,1.12422299536987,-2.8934958428432,0.00380979334013985,0.0277351073008205
ENSG00000106066,CPVL,168.695966053906,-1.82468212755535,0.630863410627689,-2.89235688235564,0.0038236334217703,0.0278127470965272
ENSG00000237651,C2orf74,54.3718763357319,-1.24686109448937,0.431099684327995,-2.89228023080786,0.00382456649194283,0.0278127470965272
ENSG00000185630,PBX1,2541.09442524461,0.962940737528171,0.33295258912623,2.89212569289587,0.00382644829260921,0.0278127470965272
ENSG00000164841,TMEM74,7.7203864774456,-4.3342506656952,1.49865123532107,-2.89210095287222,0.00382674962878757,0.0278127470965272
ENSG00000184347,SLIT3,1367.66885359676,-1.72592420280016,0.596816059500836,-2.89188632799809,0.00382936468811887,0.0278203187263788
ENSG00000109436,TBC1D9,2506.35670755323,1.48670241079812,0.514128528061684,2.89169406024431,0.0038317087197046,0.0278259159304051
ENSG00000101331,CCM2L,45.4511900714454,-2.04715906039283,0.708160737951585,-2.89081129563101,0.00384248768364489,0.0278822938917308
ENSG00000176953,NFATC2IP,308.916058112739,0.959109457901762,0.331779941706485,2.89080000728391,0.00384262569779721,0.0278822938917308
ENSG00000158055,GRHL3,8.49225338065162,3.50069893548785,1.21149917347184,2.88955949136618,0.00385782002673274,0.0279810629748626
ENSG00000198756,COLGALT2,26.6994420348047,-1.78719182951081,0.618572233210217,-2.88922090834208,0.00386197659647042,0.0279997261809703
ENSG00000173372,C1QA,403.775324987391,-1.79709526154961,0.622047155213481,-2.88900165604465,0.00386467038821459,0.0280077731454093
ENSG00000137872,SEMA6D,156.572499763314,-1.28031824149053,0.443247711572747,-2.88849374303064,0.00387091730039892,0.0280397092818828
ENSG00000109861,CTSC,891.055208234331,-1.34096906981405,0.464268567182658,-2.88834774654575,0.00387271463357918,0.0280397092818828
ENSG00000166920,C15orf48,58.6077168457058,1.96217061136979,0.679361539401523,2.88825683758657,0.00387383417834303,0.0280397092818828
ENSG00000111642,CHD4,1870.20939926345,0.674639253237378,0.233611003328631,2.88787447348245,0.00387854621574317,0.0280623292688161
ENSG00000109184,DCUN1D4,384.735773287704,-0.956656355075942,0.331298586329334,-2.88759564499004,0.00388198562130686,0.0280666183894014
ENSG00000177106,EPS8L2,240.160572400787,1.56664366953945,0.542547598251048,2.88756908073995,0.00388231344118509,0.0280666183894014
ENSG00000291672,PCDHB2,41.2736160366173,-1.63831134520783,0.567471803754635,-2.88703568065948,0.00388890126440388,0.0281020611307782
ENSG00000187634,SAMD11,31.9782120671671,2.458913263328,0.851781814713193,2.88678769710052,0.00389196747224115,0.0281020611307782
ENSG00000277868,CCDC125,181.8498420745,1.40552292401578,0.486881513341704,2.88678638539588,0.00389198369672996,0.0281020611307782
ENSG00000153790,SPMIP4,23.7809742185754,-2.02530932148577,0.701714786252513,-2.88622865181717,0.00389888787866637,0.0281404221871254
ENSG00000113555,PCDH12,183.442945000106,-1.54990268069885,0.537036124936788,-2.88603058291709,0.00390134244850054,0.0281466497416708
ENSG00000180543,TSPYL5,160.83516319486,-1.29326454638631,0.448204014258318,-2.88543722332872,0.00390870406306411,0.0281776746340915
ENSG00000126261,UBA2,971.284942480877,-1.2833056486601,0.444772720807868,-2.8853065591099,0.0039103268645933,0.0281776746340915
ENSG00000143248,RGS5,2213.0910931503,-1.57655419838672,0.54640933427433,-2.88529880347029,0.0039104232060205,0.0281776746340915
ENSG00000136830,NIBAN2,577.920539006002,0.883742657473818,0.306475150373454,2.8835703527576,0.00393194807331902,0.0283212373851325
ENSG00000106714,CNTNAP3,132.776096908971,-1.24325823262979,0.431297610563484,-2.88259939814063,0.00394408678264075,0.028397103655308
ENSG00000162572,SCNN1D,38.983770376038,1.71599340358544,0.59589373635045,2.87969699781548,0.00398057528155082,0.0286481533185442
ENSG00000079974,RABL2B,216.496645521752,1.14289514001873,0.396932713533012,2.87931707579875,0.00398537421798064,0.0286710220897281
ENSG00000168216,LMBRD1,476.698917195379,-0.916673117970511,0.318490036046231,-2.87818460304186,0.00399971008586262,0.0287603650834064
ENSG00000125730,C3,4072.99777441068,-0.8935413988793,0.31046448715114,-2.87807925176417,0.00400104609541253,0.0287603650834064
ENSG00000113441,LNPEP,2417.25408392045,-0.970512781366908,0.337231297476239,-2.87788467034347,0.00400351474003855,0.0287655024242148
ENSG00000278259,MYO19,48.151751755658,1.95892741420296,0.680711028312923,2.87776653047325,0.00400501424918943,0.0287655024242148
ENSG00000225630,MTND2P28,243.59136575413,-1.48306048080393,0.515414301086394,-2.87741430084094,0.00400948800692531,0.0287859425198783
ENSG00000177666,PNPLA2,1143.9246329371,-2.16300994105866,0.751869562974698,-2.87684200501604,0.00401676655627043,0.0288264947299229
ENSG00000162825,NBPF20,216.204711298725,0.898760612197728,0.312679615646448,2.8743818503793,0.00404819200357948,0.0290384056782504
ENSG00000142731,PLK4,41.3479904494947,1.48350515626075,0.516132189887035,2.87427365571879,0.00404957916657612,0.0290384056782504
ENSG00000169618,PROKR1,13.1168497292116,-3.94233689053641,1.37244735769661,-2.87248677949504,0.00407255118587689,0.0291912941304665
ENSG00000072958,AP1M1,383.583563094583,-0.890023516020561,0.309917391581867,-2.87180887615807,0.00408129718996712,0.0292421305551817
ENSG00000052795,FNIP2,530.741634594846,-1.04573363862013,0.364166496599731,-2.87158112672164,0.00408423933416339,0.0292513585038522
ENSG00000092978,GPATCH2,356.9800448144,0.914487515891091,0.318547350713684,2.87080559245664,0.00409427239116003,0.0293113436003574
ENSG00000237649,KIFC1,24.0168434963875,1.90501685556523,0.6637426412213,2.87011371163372,0.00410324209989318,0.0293582173411882
ENSG00000244187,TMEM141,147.957533083086,1.07122064815296,0.373248866453325,2.86999035879704,0.00410484314746795,0.0293582173411882
ENSG00000128652,HOXD3,36.0285208005165,-1.74042710530814,0.606438213657036,-2.86991661493881,0.00410580057030812,0.0293582173411882
ENSG00000288136,NA,15.6645187718237,3.26913423046714,1.13918370241275,2.86971646762786,0.00410840012151996,0.0293649310221655
ENSG00000277737,NA,10.5446245748434,-4.2063202700567,1.46619550040457,-2.86886726149143,0.00411944639267085,0.0294319881056964
ENSG00000148843,PDCD11,399.56288068299,0.873093644944821,0.304404447913764,2.86820265251894,0.00412811026034941,0.0294707298976081
ENSG00000109929,SC5D,422.285036470871,-1.24771456408494,0.43501724858233,-2.86819561327992,0.00412820211255868,0.0294707298976081
ENSG00000198125,MB,112.060972207973,2.94170700973185,1.02581545212342,2.8676766407082,0.00413497908830692,0.0295071974247503
ENSG00000005812,FBXL3,716.34202834675,-0.787309376636384,0.274563990435157,-2.86748956186343,0.00413742452177383,0.0295127381276832
ENSG00000174444,RPL4,4456.21515186849,-0.871942663591643,0.304119429585409,-2.86710607336177,0.00414244146054867,0.0295207526791936
ENSG00000281165,SLC2A6,9.06622874987516,4.12828875939108,1.43988971356125,2.86708677790376,0.00414269403667698,0.0295207526791936
ENSG00000100003,SEC14L2,266.14975634008,2.54514078977957,0.887730112358061,2.86702090460688,0.00414355641858047,0.0295207526791936
ENSG00000173546,CSPG4,496.108744748406,-1.50170278757932,0.523867929709882,-2.8665675114164,0.00414949644697039,0.0295455696226535
ENSG00000167965,MLST8,97.6114789768664,1.29561538521259,0.451985131629638,2.86650001193895,0.00415038143655892,0.0295455696226535
ENSG00000122592,HOXA7,26.9316941174724,-1.9542822765212,0.68187171750876,-2.86605563237207,0.00415621199922231,0.029575169731287
ENSG00000134504,KCTD1,180.461446345805,1.75303378201592,0.611738208883813,2.86566010845478,0.00416140779236219,0.0296002308899198
ENSG00000161179,YDJC,30.8997553365195,2.18837665172005,0.763857527407309,2.86490159905586,0.00417138842845362,0.0296485377357492
ENSG00000077157,PPP1R12B,1235.23011936432,-0.925617162433755,0.323099271449958,-2.86480733391909,0.00417263030615392,0.0296485377357492
ENSG00000213186,TRIM59,82.2808905099898,1.51429097161971,0.528592263373314,2.86476189030079,0.00417322911408017,0.0296485377357492
ENSG00000137968,SLC44A5,101.587309726299,2.1637851503889,0.755633043952602,2.86353960789019,0.00418936433564356,0.0297512166856165
ENSG00000160072,ATAD3B,167.385339949558,1.23933249313287,0.432841649926693,2.86324685561744,0.00419323731875191,0.0297667665626214
ENSG00000156968,MPV17L,198.309133007952,1.14529059522603,0.40002115790912,2.863075046361,0.00419551179141213,0.0297709610784674
ENSG00000076604,TRAF4,181.51338348878,2.01855813138132,0.705069789093473,2.86291961817941,0.00419757036963718,0.0297736208769732
ENSG00000173473,SMARCC1,982.961660618997,0.896623934558095,0.313276639912322,2.86208360383665,0.00420865874050643,0.0298403017274961
ENSG00000120860,WASHC3,135.608477142217,-0.964171406230521,0.336914146092758,-2.86177181163853,0.00421280095484216,0.0298576991120136
ENSG00000033011,ALG1,239.798999506245,0.913279122224033,0.319186206287489,2.86127377760632,0.00421942509636519,0.0298926658569814
ENSG00000118894,EEF2KMT,111.752672406615,1.32515851209594,0.463352104976676,2.85993847413868,0.00423723205541767,0.0300067979318986
ENSG00000143258,USP21,118.812760995022,1.13860516566804,0.398167229769915,2.85961545937869,0.00424154984908876,0.0300253506731131
ENSG00000102313,ITIH6,30.9588143836659,4.23821271987169,1.48226447574181,2.85928239476336,0.00424600615926317,0.0300384222156714
ENSG00000130669,PAK4,241.469934622498,1.54832052643033,0.54151782677961,2.85922355619971,0.00424679384375833,0.0300384222156714
ENSG00000137075,RNF38,484.059990799956,-0.807008096599024,0.282290915860136,-2.85878167258795,0.00425271367094336,0.0300682670305044
ENSG00000011426,ANLN,62.038964530239,1.86813936878969,0.653648706354233,2.85801738858989,0.00426297030097607,0.0301287385420303
ENSG00000184731,FAM110C,93.3120045709406,2.15532300220115,0.75422389219779,2.85767001615474,0.00426763942217709,0.0301388361534909
ENSG00000150048,CLEC1A,37.5408923787497,-1.91355420160674,0.669623356069594,-2.8576574939657,0.00426780782267382,0.0301388361534909
ENSG00000163788,SNRK,734.791090381873,-0.99088294216968,0.346838508366286,-2.85690002196422,0.0042780056474798,0.0301987919618304
ENSG00000163541,SUCLG1,418.193374072552,-0.89044196420493,0.311786812182172,-2.85593209659124,0.00429106895784392,0.0302789195457119
ENSG00000168356,SCN11A,48.0245142485214,-1.25743324582558,0.440491058650155,-2.85461695789892,0.00430887628941201,0.0303924449244805
ENSG00000164283,ESM1,22.9390535243115,3.39179571382152,1.18841314068767,2.85405436686679,0.00431651436481403,0.0304341800291095
ENSG00000171320,ESCO2,67.7263233594276,1.25570086311193,0.440069449975201,2.85341521249133,0.00432520680460549,0.0304833128440968
ENSG00000235387,SPAAR,25.6807662359232,-2.05904835231126,0.721741783977909,-2.85288783055171,0.00433239109646779,0.0305217815772271
ENSG00000165568,AKR1E2,28.1767209381139,-1.88595418026163,0.661112807229837,-2.85269648331888,0.00433500040919394,0.0305280016868883
ENSG00000126458,RRAS,147.725363587953,-1.96100524024811,0.687955751923281,-2.8504816403756,0.00436530704797491,0.0307291897011705
ENSG00000213178,RPL22P1,140.859589924599,-2.14483307061518,0.752533694867588,-2.85014888402116,0.00436987685367268,0.0307491175501369
ENSG00000224940,PRRT4,27.672903279658,-3.25241046148995,1.14127728181197,-2.84979865394866,0.00437469131290665,0.0307707503922547
ENSG00000162078,ZG16B,111.444467992775,5.39161666082981,1.89208686687211,2.84956085010141,0.00437796303827795,0.0307815190480592
ENSG00000165949,IFI27,74.645558111886,-2.35246199574898,0.825679340712367,-2.84912299455059,0.00438399289393145,0.0308116638884697
ENSG00000134470,IL15RA,51.4527924227748,-1.36659068776798,0.479714552882635,-2.84875803653661,0.00438902460436659,0.0308347723794257
ENSG00000170684,ZNF296,7.28941319959381,3.29803241988086,1.15781415307037,2.84849896776172,0.00439259958608433,0.0308476324387328
ENSG00000074047,GLI2,46.1372727094376,-1.54820666654623,0.543624695849548,-2.84793291836526,0.00440041988720614,0.0308882500602365
ENSG00000109736,MFSD10,160.478706452699,0.975045461411753,0.34238219941364,2.84782755377355,0.00440187695254176,0.0308882500602365
ENSG00000142920,AZIN2,101.762215801529,1.62254877569149,0.569857432736712,2.8472889576947,0.00440933192030079,0.0309259142463834
ENSG00000138834,MAPK8IP3,556.768208139118,1.3801375976593,0.484737223657195,2.84718715688179,0.00441074227955545,0.0309259142463834
ENSG00000268163,NA,5.79750531770883,-4.16438975993514,1.46282403510619,-2.84681524229456,0.00441589829972411,0.0309497643289388
ENSG00000162735,PEX19,984.7943714385,-1.24251310424582,0.436476529867112,-2.84668938470555,0.00441764435707977,0.0309497643289388
ENSG00000206505,HLA-A,46.1974588745667,-1.71838472728674,0.603692759667352,-2.84645575049402,0.00442088728845403,0.0309602177907852
ENSG00000169122,FAM110B,181.849002299327,1.22189230920889,0.429295350160257,2.84627426957397,0.00442340780106118,0.0309641547357185
ENSG00000152785,BMP3,61.86959999299,-2.19902113019251,0.772650846087113,-2.84607354192243,0.00442619714028435,0.0309641547357185
ENSG00000139910,NOVA1,305.879578622147,-1.36589743805763,0.479929584110288,-2.84603717561979,0.00442670266198588,0.0309641547357185
ENSG00000106852,LHX6,59.5703233395087,-1.42940468086706,0.5023173894008,-2.84562053997804,0.00443249797699339,0.0309924324741693
ENSG00000075420,FNDC3B,1482.65246311194,-0.780490360945465,0.274338865800259,-2.84498646835453,0.00444133097665729,0.0310175152946212
ENSG00000106278,PTPRZ1,49.472485769675,-2.42089163788588,0.85095671592798,-2.84490573089356,0.00444245684225753,0.0310175152946212
ENSG00000172725,CORO1B,353.905033612087,1.12946812386087,0.397025410008307,2.84482578542578,0.00444357191852938,0.0310175152946212
ENSG00000117758,STX12,456.857206623474,-1.21084793171071,0.425650423008344,-2.84470040732692,0.00444532119818437,0.0310175152946212
ENSG00000211675,IGLC1,241.947126005294,-2.08774112795273,0.733916214125584,-2.84465867870237,0.00444590353581965,0.0310175152946212
ENSG00000143171,RXRG,11.533875763781,-3.8719083049147,1.36119285379485,-2.84449649740686,0.00444816748937456,0.0310175152946212
ENSG00000165757,JCAD,804.296363377694,-1.62391889347162,0.570901361793442,-2.84448243102837,0.00444836389680254,0.0310175152946212
ENSG00000278243,GFUS,63.3594926783275,2.18972553462901,0.770053713942376,2.84360103065859,0.00446068648682818,0.0310911782209628
ENSG00000291873,GMFG,71.4626770442093,-1.69241005736739,0.595412872235324,-2.84241429147085,0.00447732678624645,0.0311948658633554
ENSG00000099194,SCD,8707.5913005903,-2.48109959131344,0.873124017559373,-2.84163479805402,0.00448828732364565,0.0312522476935033
ENSG00000154310,TNIK,197.98758907771,1.22583663726388,0.431393035199127,2.84157725610485,0.00448909738966796,0.0312522476935033
ENSG00000100151,PICK1,135.161882324138,1.20980595288741,0.425781105093069,2.84138008572026,0.00449187412637416,0.0312592720097104
ENSG00000148688,RPP30,140.150365929614,-0.992383588760342,0.349306844189315,-2.84100814303683,0.00449711640604774,0.0312834419386869
ENSG00000164442,CITED2,708.202263037973,-1.15312288031499,0.406029743965637,-2.83999607775675,0.00451140885258042,0.0313705240818638
ENSG00000090661,CERS4,507.095805498491,1.4978635102315,0.527493870905702,2.83958467168478,0.00451723050852248,0.0313986584442622
ENSG00000158435,CNOT11,232.087648254398,0.796101523699526,0.280488115601283,2.83827185331158,0.00453585325662327,0.0315157143956265
ENSG00000146670,CDCA5,16.6416140296566,2.49334122323668,0.878521002861794,2.83811225356547,0.00453812196502365,0.0315190929723147
ENSG00000076382,SPAG5,67.0021472057551,1.64238877668413,0.578741322999966,2.83786332755822,0.00454166249705985,0.0315235445373016
ENSG00000105948,IFT56,83.6585046939967,1.22572957011687,0.431926995534239,2.83781653564116,0.004542328308604,0.0315235445373016
ENSG00000105518,TMEM205,205.318718244394,1.11082566263329,0.391518608801542,2.83722315532736,0.00455077930918315,0.0315698040503278
ENSG00000173110,HSPA6,43.4519633286799,1.412349385309,0.497873580304788,2.83676306833632,0.00455734172850346,0.0316029308961281
ENSG00000213638,ADAT3,13.177973862913,2.29581908487577,0.810212240084661,2.83360207522398,0.00460266057589544,0.031899516226695
ENSG00000196562,SULF2,872.63512966528,1.18898369398251,0.419612388271695,2.83352857831417,0.00460371913196435,0.031899516226695
ENSG00000112679,DUSP22,246.820232974604,-1.05733522000826,0.373705299556981,-2.82932894251623,0.00466457282309044,0.0323085159540573
ENSG00000121152,NCAPH,26.6040636399813,2.34058460461407,0.827492697354041,2.82852599436616,0.0046762903256144,0.0323769936679089
ENSG00000176890,TYMS,56.1416332268424,1.6637863569651,0.588317578982985,2.82804120835767,0.00468337775159246,0.0324133732999646
ENSG00000175793,SFN,40.1757801392829,2.14448735479519,0.758341529068689,2.82786485058891,0.00468595846066832,0.0324185459546158
ENSG00000112659,CUL9,351.828374841662,0.872623036815285,0.308610973621887,2.82758265713659,0.00469009058108522,0.0324344433888658
ENSG00000154529,CNTNAP3B,198.986321741776,-1.03813808070568,0.367284780110794,-2.82652082776889,0.00470566837941791,0.0325294503335601
ENSG00000291884,ZNF496,216.32279224859,1.41104472655364,0.49928042929782,2.82615669221826,0.0047110212848397,0.032553727776405
ENSG00000231617,DAXX,55.4946131180279,1.54333377711879,0.546157386382497,2.8258040916395,0.00471620987495996,0.0325689967225582
ENSG00000178188,SH2B1,332.824965315051,0.794479907884634,0.281156562546048,2.82575622880762,0.00471691458499528,0.0325689967225582
ENSG00000276537,TTYH1,12.1247291767081,-3.49380103661761,1.23671746798501,-2.82505998909361,0.00472717647788655,0.0326271122788711
ENSG00000130005,GAMT,76.4791803065693,1.06532655961507,0.377218673083172,2.82416178103721,0.00474044503734283,0.0327059264905709
ENSG00000248313,CYP4F27P,15.0486517512494,3.605004850319,1.276569111444,2.82397938192408,0.00474314359801861,0.0327059386399317
ENSG00000174175,SELP,63.2983491421253,-2.08988572731155,0.74006767262962,-2.82391165646478,0.00474414593742152,0.0327059386399317
ENSG00000074696,HACD3,839.706248400665,0.93878504706966,0.332568681964778,2.82283058501909,0.0047601718131956,0.0328036314001316
ENSG00000144959,NCEH1,145.97364785755,0.857602251082101,0.303879445291414,2.8221792041896,0.00476985156531226,0.0328575322280548
ENSG00000168421,RHOH,125.032822712253,1.63224901644928,0.578526166121051,2.8213918609651,0.00478157554513871,0.032925467431732
ENSG00000107099,DOCK8,407.444816716858,-0.734201755856081,0.260248775964075,-2.82115354101581,0.00478512940014936,0.0329371129555629
ENSG00000160323,ADAMTS13,34.3196515276527,2.67535982670654,0.948569495948414,2.82041520218993,0.00479615477480068,0.0330001575419457
ENSG00000086300,SNX10,182.80360720122,-1.73783099671168,0.616227074911993,-2.82011464192785,0.00480064952382276,0.033018236300956
ENSG00000151693,ASAP2,339.898362754743,-1.20628925570513,0.427766660959391,-2.81997024499216,0.00480281027292289,0.0330184623120498
ENSG00000272601,EFCAB3P1,17.9029036806613,-2.44687423444487,0.867728079385065,-2.81986291855267,0.00480441687094407,0.0330184623120498
ENSG00000159267,HLCS,361.660384853228,1.23589836720843,0.438342612881484,2.81948031263523,0.00481014815846154,0.033045007725748
ENSG00000158813,EDA,43.240539211777,-1.56669851045522,0.55571556353867,-2.81924533565128,0.00481367108788122,0.0330563673192247
ENSG00000138386,NAB1,742.858909021757,-1.18137072182429,0.419057133995266,-2.81911612042294,0.004815609362323,0.0330568401995177
ENSG00000004846,ABCB5,50.9309504927058,-1.52320429072659,0.540509893714223,-2.81808771391692,0.00483106102124808,0.0331500395959371
ENSG00000123388,HOXC11,13.2429556337135,3.90437359767524,1.3857869391976,2.81744147475943,0.00484079360846306,0.0332039384710831
ENSG00000174989,FBXW8,204.542053035444,0.919959239368953,0.32663267438868,2.81649483197213,0.00485508240734346,0.0332890353660545
ENSG00000288243,STING1,156.062761622648,-1.1329744563943,0.402285033248466,-2.81634752167012,0.00485730936370076,0.0332913959218297
ENSG00000147853,AK3,584.689349012785,-1.29441595955097,0.459671472923425,-2.81595886583678,0.00486318928566495,0.033318781921121
ENSG00000142627,EPHA2,90.4345048771632,-1.2509825295153,0.444409259451321,-2.81493353909817,0.00487873223165209,0.0334123245748659
ENSG00000163931,TKT,1101.34438915376,-1.65195055458933,0.58715675431077,-2.81347449801282,0.00490092733823034,0.033551334929124
ENSG00000136875,PRPF4,196.016563655134,0.797777988242422,0.283753943764268,2.81151330501043,0.00493090513570549,0.0337434967162075
ENSG00000162076,FLYWCH2,187.603765114051,0.994090336433819,0.35365782010664,2.81088181828997,0.00494059295941933,0.0337967138496758
ENSG00000182107,TMEM30B,208.805549550658,1.48414420704503,0.528061586668301,2.81055135331646,0.00494566957842152,0.0338183585287037
ENSG00000109654,TRIM2,582.714531689065,-1.41662284842521,0.504221648746685,-2.80952404948583,0.00496148121273499,0.033913363851872
ENSG00000136770,DNAJC1,325.966604424661,1.0189714835887,0.362950407093013,2.80746753185917,0.00499327131261562,0.0341174716464382
ENSG00000147443,DOK2,35.1677216103719,-2.43016617965527,0.865694948822334,-2.80718535202405,0.00499764765093778,0.034134184399974
ENSG00000100448,CTSG,20.8680866029397,-2.81819244361214,1.00426222504669,-2.80623165277487,0.00501246429234646,0.0342053883063313
ENSG00000238105,GOLGA2P5,43.5265184084357,2.43247409039569,0.866836009052185,2.80615256518404,0.00501369477630705,0.0342053883063313
ENSG00000143748,NVL,286.590939836083,1.28611230119726,0.458320638104442,2.80614092901524,0.00501387584063851,0.0342053883063313
ENSG00000185112,FAM43A,47.2442757113292,-2.02214642587101,0.720799552556736,-2.80542131123457,0.00502508493179561,0.0342686374272818
ENSG00000169696,ASPSCR1,156.126314633122,0.831775409388154,0.296513976779826,2.80518111969401,0.00502883130377619,0.0342774569820919
ENSG00000177943,MAMDC4,43.683144979522,2.08100584318244,0.741867795124676,2.8050898783559,0.00503025509633707,0.0342774569820919
ENSG00000189195,BTBD8,166.100131728573,-1.13386148480072,0.404272828710879,-2.80469377181818,0.00503644044159907,0.0343063853346673
ENSG00000170370,EMX2,18.2720645528269,-2.73216494163216,0.974426443566913,-2.80386986587823,0.00504932805894341,0.0343809272492477
ENSG00000008300,CELSR3,44.3903613339845,1.85353751919962,0.661234361834165,2.80314760723895,0.00506065021455117,0.0344410046822191
ENSG00000292118,CCDC74B,19.2352881445975,2.85954165301921,1.02015049768387,2.80305862665505,0.00506204666454151,0.0344410046822191
ENSG00000276141,WHAMMP3,38.0110612393153,-1.52435463592787,0.543855552494257,-2.8028667335229,0.00506505939675321,0.0344482481972258
ENSG00000128656,CHN1,72.3798157803039,-1.21634347433517,0.433987008630443,-2.80271863015821,0.00506738573551534,0.0344508196697877
ENSG00000160408,ST6GALNAC6,441.000337088656,-1.53806455028536,0.548894388651787,-2.80211381658175,0.00507689589531529,0.0345022098834974
ENSG00000291690,PCDHB11,49.2267743891182,-1.76896504843129,0.631427304743702,-2.80153397729501,0.00508602850182119,0.0345509957732248
ENSG00000183778,B3GALT5,296.356417652747,5.28803425242377,1.8882835907795,2.80044495341975,0.00510322103272663,0.0346544767748483
ENSG00000171236,LRG1,59.8247332703866,2.36314887980171,0.84394844043522,2.80011048848322,0.00510851179891535,0.034668291597758
ENSG00000129158,SERGEF,108.832735615756,1.01283477322742,0.361717856728589,2.80006849091607,0.00510917649175804,0.034668291597758
ENSG00000153208,MERTK,136.902478901302,-0.893488727359766,0.319170739146023,-2.79940676814672,0.00511965986043442,0.0347261010019416
ENSG00000115275,MOGS,260.572442344286,0.760331241968508,0.271648657624911,2.79895085297408,0.00512689402199725,0.0347618355026754
ENSG00000089351,GRAMD1A,229.998722128742,0.939931528524383,0.33583933117042,2.79875357436148,0.00513002717174641,0.034769747212722
ENSG00000173917,HOXB2,104.87518502497,1.31941355432649,0.471476945333524,2.79846886976229,0.00513455185887978,0.0347870806592227
ENSG00000173705,SUSD5,36.0314579009847,-1.65749434991595,0.592329641116068,-2.798263390623,0.00513781969058181,0.0347879253994826
ENSG00000183638,RP1L1,6.84162189542875,-4.84022442076152,1.72975513710508,-2.79821364130309,0.00513861116006608,0.0347879253994826
ENSG00000205038,PKHD1L1,79.9627936862131,-1.9791237924685,0.707323722744403,-2.79804526389916,0.00514129071939242,0.0347927454232745
ENSG00000096063,SRPK1,306.848396341433,0.745772545928985,0.266566896001125,2.79769377637138,0.00514688836445319,0.0348173018166127
ENSG00000170837,GPR27,27.6614244526461,2.34131826827282,0.836943011603115,2.79746438624078,0.00515054450642481,0.0348287107101759
ENSG00000105784,RUNDC3B,22.5827320361079,-1.95100822396127,0.69746244855759,-2.7972950056252,0.00515324569103065,0.0348336557930027
ENSG00000274671,MARVELD2,62.3364694302137,3.84235521613238,1.37378496727141,2.79691167662433,0.0051593635290495,0.0348563924513762
ENSG00000155659,VSIG4,151.980700933045,-2.12560720062767,0.760003886489977,-2.79683727729951,0.00516055168453899,0.0348563924513762
ENSG00000064932,SBNO2,155.126942810872,1.36244846940965,0.487346253044289,2.79564777793794,0.00517958157082462,0.0349715696513523
ENSG00000165966,PDZRN4,28.8514595461541,-2.27325732482225,0.813282222503088,-2.79516416555339,0.00518733662798833,0.0350105624399686
ENSG00000130768,SMPDL3B,29.1352605334435,3.36832888474423,1.20514920340542,2.79494760916428,0.00519081265829171,0.0350206563283374
ENSG00000182791,CCDC87,8.80595532382775,3.00002900734976,1.07410819485186,2.79304172682859,0.00522149560209548,0.035213785796797
ENSG00000071073,MGAT4A,915.332210509405,1.05641062014997,0.378245597973025,2.79292244459989,0.00522342137335285,0.035213785796797
ENSG00000160781,PAQR6,47.8414870518718,2.56696526028456,0.91942939861826,2.79191122683509,0.00523977293875571,0.0352975467364614
ENSG00000171603,CLSTN1,871.391887754598,0.799279733131971,0.286284492329873,2.79190719213319,0.00523983827309909,0.0352975467364614
ENSG00000143321,HDGF,973.19038259184,0.920424561445547,0.32970005968398,2.79170274439071,0.00524314988011084,0.0353064049238385
ENSG00000275199,AKT3,72.5459754190386,-3.61349982777466,1.29502675138154,-2.79028971711956,0.0052660895773769,0.035447377996481
ENSG00000033100,CHPF2,323.208117915527,0.856034026284151,0.306872765160212,2.78954056361839,0.00527828840029258,0.0355159717588941
ENSG00000177791,MYOZ1,28.5233751525919,2.69347202224476,0.965641486439801,2.78930851674078,0.00528207210435227,0.0355279121419784
ENSG00000010278,CD9,717.151361882896,1.2446991068469,0.446294667274648,2.78896253555482,0.00528771814532799,0.0355464614236907
ENSG00000274512,TBC1D3L,80.5811606415304,1.76131292648185,0.631560723012037,2.78882593914613,0.00528994875239367,0.0355464614236907
ENSG00000184887,BTBD6,341.741011883156,-1.32979666859063,0.476839829470217,-2.78877012028981,0.0052908605138921,0.0355464614236907
ENSG00000171862,PTEN,1598.95500055774,-0.969401429306594,0.347697604706666,-2.78805898051678,0.00530248890869262,0.0356110563510869
ENSG00000148484,RSU1,410.562094962728,-1.32225886808484,0.474320005981503,-2.78769364861326,0.00530847170325833,0.0356377012637498
ENSG00000227568,SNX18P26,20.9264602651511,1.84729407618312,0.662999875534524,2.78626609800461,0.00533190824010651,0.0357814548044795
ENSG00000236346,NFKBIL1,33.744452761207,1.60777620257603,0.5770910133026,2.78600110817008,0.00533626892837667,0.0357971333309881
ENSG00000125166,GOT2,390.219984609136,1.14525439021608,0.41111459787662,2.78573029547294,0.00534072876547869,0.0358001073006457
ENSG00000127328,RAB3IP,293.939202663366,1.53523311082381,0.551106545933343,2.78572831724176,0.00534076135605403,0.0358001073006457
ENSG00000130830,MPP1,132.478381078794,-1.46390149442562,0.525557186394952,-2.78542760392494,0.00534571757807241,0.0358146944336348
ENSG00000136235,GPNMB,1135.78022188778,-1.27380338183497,0.457322466266066,-2.78535054758033,0.00534698825452671,0.0358146944336348
ENSG00000165795,NDRG2,646.14494423087,-1.2731494043799,0.457137853615321,-2.78504480499934,0.0053520327070789,0.0358349088827248
ENSG00000108557,RAI1,368.83002746367,1.34468393724565,0.482953872320849,2.78429062134594,0.0053644943776803,0.0359047517337323
ENSG00000225697,SLC26A6,72.5916613747543,1.2366181231445,0.444264197720348,2.78351964774555,0.00537726055207615,0.0359765790171633
ENSG00000196865,NHLRC2,890.444670766011,-0.865050129520435,0.310827247484249,-2.78305758752463,0.00538492472170583,0.0360142298993662
ENSG00000131480,AOC2,23.3910162248199,-2.50186549208456,0.89912106479158,-2.78256798784323,0.00539305644842463,0.0360549781389386
ENSG00000168096,ANKS3,162.020735827157,1.20647360665407,0.433604588184758,2.78242813736094,0.00539538125022186,0.0360568883778054
ENSG00000204946,ZNF783,222.471678545771,0.951845468613235,0.342147663454752,2.78197272780474,0.00540295801440438,0.0360938823455658
ENSG00000099625,CBARP,8.17961736837364,4.08357172716631,1.46863443406804,2.78052293507447,0.00542714259749646,0.0362417532294297
ENSG00000187513,GJA4,89.963703918143,-1.96152742441696,0.705680526261015,-2.77962527152328,0.00544216583541432,0.0362994177127453
ENSG00000100600,LGMN,960.292518835111,-1.24834152015691,0.449105187819885,-2.77961946112625,0.00544226320000314,0.0362994177127453
ENSG00000163704,PRRT3,114.242077792157,1.2713315986793,0.457389900732935,2.779535789142,0.00544366546245249,0.0362994177127453
ENSG00000095397,WHRN,99.7464149188994,1.61257473604178,0.580185269875565,2.77941343872387,0.00544571652565514,0.0362994177127453
ENSG00000133083,DCLK1,657.031731314827,-1.1769712654335,0.42346326070739,-2.77939404581966,0.00544604168930121,0.0362994177127453
ENSG00000113361,CDH6,140.497157169772,-1.43980919057292,0.518150205949526,-2.77874866021606,0.00545687296605646,0.0363477612046637
ENSG00000123545,NDUFAF4,83.0327273358137,-1.41666162419887,0.509825812772068,-2.77871694353035,0.00545740575685021,0.0363477612046637
ENSG00000140632,GLYR1,543.952553640144,0.766478021608638,0.275853788934138,2.77856622731269,0.00545993819577165,0.0363509364140926
ENSG00000140299,BNIP2,801.825458910408,-0.906478292261833,0.326254956621132,-2.77843531221655,0.00546213878329402,0.0363519006793331
ENSG00000055163,CYFIP2,196.33960433526,1.54449469362281,0.555978769127268,2.77797423100749,0.00546989559988048,0.0363898284020642
ENSG00000077782,FGFR1,1113.37189478836,-0.97654150572155,0.35156275111177,-2.77771607667015,0.0054742428975623,0.0364050534628034
ENSG00000225648,SBDSP1,80.4959571575941,-1.15220905310639,0.414882058004516,-2.77719662944269,0.00548299979832659,0.0364495809901538
ENSG00000117525,F3,327.365375681457,-1.44040333274493,0.5187155205166,-2.77686569183509,0.00548858537401798,0.0364730008150169
ENSG00000117262,GPR89A,189.556811948437,1.08798325283498,0.391880778104388,2.77631186223981,0.00549794441816654,0.0365016603931188
ENSG00000174125,TLR1,231.619342879479,-0.829407837105574,0.298747239467224,-2.77628619626649,0.00549837849080775,0.0365016603931188
ENSG00000147454,SLC25A37,458.731280467927,-0.977236956565951,0.35199965430951,-2.77624408036115,0.00549909083793861,0.0365016603931188
ENSG00000166086,JAM3,194.414479989335,-1.18948485039191,0.428590619367433,-2.77534037526883,0.00551439616147414,0.0365895186954399
ENSG00000198382,UVRAG,416.481794833867,-0.804486268504799,0.289916210599909,-2.7748923278216,0.00552199862586677,0.0366180881298182
ENSG00000180113,TDRD6,16.3058745685834,-3.09514590868789,1.11543117439568,-2.77484257185547,0.0055228434678632,0.0366180881298182
ENSG00000181625,SLX1B,85.9125518694287,1.47931331783771,0.533151325637198,2.77465936349254,0.0055259552988379,0.0366249878370879
ENSG00000285098,CLDN23,11.3098476557428,-2.82560161848351,1.01844788718312,-2.77441944162573,0.00553003281300769,0.0366382803418565
ENSG00000183474,GTF2H2C,220.704536731714,1.00324318112736,0.36163499416818,2.7741872255338,0.00553398195183974,0.0366387733884588
ENSG00000277639,CHD9NB,31.5051621334539,-2.14654931046098,0.77376232442005,-2.77417139955718,0.00553425118591718,0.0366387733884588
ENSG00000198300,PEG3,414.819205103163,-1.87635407260881,0.676516067138218,-2.77355433780918,0.0055447579604543,0.0366945939426323
ENSG00000154639,CXADR,331.972318978006,2.17933331899376,0.785999324421334,2.77269108417902,0.00555948687608607,0.0367783039393303
ENSG00000111145,ELK3,470.003356665126,-1.2460481064962,0.449436704247684,-2.77246627771972,0.0055633283350829,0.0367874942807206
ENSG00000173898,SPTBN2,336.506468612488,2.1755190940823,0.784715593088863,2.77236633659698,0.00556503688293432,0.0367874942807206
ENSG00000107186,MPDZ,794.780281436799,-0.893943647724569,0.322472892873045,-2.77215129544705,0.00556871473385843,0.0367980503134599
ENSG00000171298,GAA,179.8200461295,1.13271717776206,0.408677335270475,2.77166625110832,0.00557701850607939,0.0368261679430289
ENSG00000277443,MARCKS,1091.57036822693,-0.923009850237759,0.333017048466316,-2.77165945253736,0.00557713497435002,0.0368261679430289
ENSG00000091972,CD200,106.755093827968,-1.06365468284844,0.383822513013671,-2.77121494124174,0.00558475478942339,0.0368627170367204
ENSG00000261716,H2BC20P,12.5295701314294,2.92038677559364,1.05393772160214,2.77092916947145,0.00558965845002798,0.0368697086549822
ENSG00000158062,UBXN11,106.973878690553,1.24518279311301,0.449376812511163,2.77091019929312,0.00558998410360275,0.0368697086549822
ENSG00000104497,SNX16,173.581303764431,-0.874275668443777,0.315675559466369,-2.76953866787054,0.00561357405151744,0.0370114951353403
ENSG00000163565,IFI16,524.372300080432,-1.03894873956647,0.375211491003316,-2.76896834046399,0.00562340993074781,0.0370509121290293
ENSG00000161634,DCD,98.3797651727197,5.38723725383945,1.94558916533198,2.76894904116113,0.00562374303875557,0.0370509121290293
ENSG00000116690,PRG4,219.13245691031,-2.38334847876965,0.861054732438738,-2.76794074636738,0.00564117109306974,0.0371443014220317
ENSG00000139220,PPFIA2,33.0756432884908,-2.22262108674707,0.803035086610862,-2.76777580930797,0.00564402660996212,0.0371443014220317
ENSG00000172375,C2CD2L,103.495111385732,1.07988457034788,0.390164882001071,2.76776465582804,0.00564421975462304,0.0371443014220317
ENSG00000137460,FHDC1,145.82046464209,1.52206961960823,0.550249816897275,2.76614289158843,0.00567236737046759,0.0373156518645753
ENSG00000196873,ZNG1C,351.648328425857,1.33102660367247,0.481232575278248,2.76586971050926,0.00567712118857993,0.0373330360645812
ENSG00000133639,BTG1,1058.88354229669,-0.783310768336083,0.283265718181565,-2.76528615380843,0.00568728811264944,0.0373859909650483
ENSG00000162543,UBXN10,109.642296574061,1.71965767066109,0.621983832414698,2.76479480822668,0.00569586123495593,0.0374284333770813
ENSG00000267361,SEC24AP1,28.3630204102534,-3.01580763651666,1.09093552530707,-2.76442334726223,0.0057023503151389,0.0374571547632248
ENSG00000213123,DYNLT2B,30.5435071998264,1.58526740217858,0.573490809263937,2.76424203591551,0.00570552007788847,0.0374640592414786
ENSG00000136848,DAB2IP,491.923651180215,-0.929365935028052,0.336310312023693,-2.76341789651273,0.00571994807391868,0.0375351008977992
ENSG00000140941,MAP1LC3B,427.660084657929,-1.10998799540144,0.40167742391616,-2.76338158261321,0.00572058456820499,0.0375351008977992
ENSG00000110318,CEP126,229.537871796996,-1.57189489000768,0.568899152780311,-2.7630466354635,0.00572645838903139,0.0375597046339919
ENSG00000141295,SCRN2,286.098302032158,-1.24650411460995,0.451302088273258,-2.76201716544065,0.0057445458167831,0.0376492701835652
ENSG00000023516,AKAP11,1169.53296110218,-0.919970296792297,0.333093615974754,-2.7618971144197,0.00574665842193889,0.0376492701835652
ENSG00000134815,DHX34,195.257356225776,1.17618250973275,0.425867814676877,2.76184879250659,0.00574750896748861,0.0376492701835652
ENSG00000188112,C6orf132,354.643518131776,1.17478873270747,0.425372971328832,2.76178509658834,0.00574863029438591,0.0376492701835652
ENSG00000134324,LPIN1,496.16355490399,-0.872884089266108,0.316126624635276,-2.76118498488755,0.00575920457544358,0.0376997437531763
ENSG00000211893,IGHG2,174.479152840378,3.13716802928433,1.13619985849657,2.76110580882792,0.00576060100780876,0.0376997437531763
ENSG00000273780,ARHGAP23,56.8132368200376,-1.51726915677041,0.549664514972225,-2.76035493549565,0.00577385938616196,0.0377725325658535
ENSG00000182979,MTA1,300.084931129589,1.00854176658222,0.365387650703317,2.7601966422262,0.00577665792346043,0.0377768646673634
ENSG00000182667,NTM,135.074183181412,-1.60685649056004,0.582206386202643,-2.75994308657541,0.00578114319557388,0.0377922200101046
ENSG00000130956,HABP4,94.4634760638185,-1.55143159500763,0.562176346304312,-2.75968849491192,0.00578564995339286,0.0378077044071862
ENSG00000116604,MEF2D,637.573381871796,0.811995718872331,0.294309747798266,2.75898343478896,0.00579814740036055,0.0378753751313541
ENSG00000132207,SLX1A,95.3416375589787,1.36741128409002,0.49576366328425,2.75819182678987,0.00581220794018803,0.037953202734987
ENSG00000152932,RAB3C,45.3421392831811,-3.46208628113257,1.25547111388232,-2.75759931299946,0.00582275227682847,0.0380080208605234
ENSG00000179604,CDC42EP4,458.413595855599,-0.836235427149328,0.303328297724148,-2.75686585598359,0.00583582871538482,0.0380793207284686
ENSG00000253313,C1orf210,46.1607529216346,1.64695470646343,0.597544430366159,2.75620459796475,0.00584764064078998,0.038130963795974
ENSG00000167962,ZNF598,60.3178814515925,1.7440586639164,0.632780804571385,2.75618136851945,0.00584805597549519,0.038130963795974
ENSG00000011198,ABHD5,429.138744015013,-1.03502703835665,0.37559191030078,-2.75572239436091,0.00585626773512269,0.0381704321268612
ENSG00000088002,SULT2B1,24.9189299648907,2.5608045658837,0.929399491147246,2.75533243806994,0.00586325282372146,0.0382018790279538
ENSG00000169891,REPS2,373.996356887907,1.37069805187248,0.497556937042921,2.75485668036067,0.00587178499951916,0.0382368089267363
ENSG00000275873,LMNTD2,16.0546335276909,2.60267654155205,0.944781370139291,2.75479240363125,0.00587293858762743,0.0382368089267363
ENSG00000170836,PPM1D,199.689954218886,-0.843144246666982,0.306107625963069,-2.75440457915513,0.00587990329171292,0.0382661011466677
ENSG00000128191,DGCR8,265.627597924826,0.812565131213073,0.295016829396996,2.75430094233582,0.00588176570246241,0.0382661011466677
ENSG00000154783,FGD5,399.035598930561,-1.15887572112036,0.421184505908097,-2.75146807364568,0.0059328802650379,0.0385844508005388
ENSG00000158163,DZIP1L,92.2384950480116,-0.998543816700213,0.362942125813761,-2.75124805218285,0.00593686690262381,0.0385961828820209
ENSG00000104888,SLC17A7,13.8775555411268,-2.75117709526835,1.0003011722876,-2.75034876643865,0.005953186452287,0.0386880544049213
ENSG00000163239,TDRD10,16.2106288327265,-2.12922239338406,0.774925464661123,-2.74764798742957,0.00600244141529402,0.0389938176144909
ENSG00000214652,ZNF727,179.28831157701,-1.34727425527755,0.49043104156358,-2.74712271674771,0.00601206348416028,0.0390419825892054
ENSG00000135862,LAMC1,3072.12326723846,-1.42657094962569,0.519394425350683,-2.74660427605187,0.00602157406385907,0.0390844700049191
ENSG00000171219,CDC42BPG,172.43757511548,1.69749617526127,0.618052294740084,2.74652515605518,0.00602302667892352,0.0390844700049191
ENSG00000278019,NA,29.2572502864656,2.12619317800828,0.774278374812094,2.74603197916289,0.00603208835088076,0.0391289135394807
ENSG00000186908,ZDHHC17,428.956133061216,-0.665516229375953,0.242388973820408,-2.74565389211578,0.00603904366803464,0.0391596659999474
ENSG00000206418,RAB12,261.246221345902,-1.12099542420512,0.408598043220934,-2.74351637949226,0.00607850156539024,0.0394010788785908
ENSG00000188343,CIBAR1,117.926061156753,-1.88558923065715,0.687638572188414,-2.7421225436151,0.00610435632544188,0.0395282855952609
ENSG00000141441,GAREM1,166.191583274177,-1.38334659479838,0.504503157972741,-2.74199789027509,0.0061066733831223,0.0395282855952609
ENSG00000129757,CDKN1C,59.1197825628835,-1.60881694277468,0.586743935782495,-2.7419404695323,0.00610774098699629,0.0395282855952609
ENSG00000166398,GARRE1,424.894128748815,-0.704838633299793,0.257059925730439,-2.74192343009898,0.00610805782758815,0.0395282855952609
ENSG00000114631,PODXL2,69.1386451437841,1.43444204182021,0.523164525588652,2.74185647470307,0.00610930297640943,0.0395282855952609
ENSG00000240184,PCDHGC3,244.622013854016,-1.16318263720906,0.424556239444876,-2.739761023722,0.00614838714984185,0.0397666166681249
ENSG00000165804,ZNF219,183.961560038641,-1.20445824139644,0.439725150250177,-2.73911610630226,0.00616046132891469,0.0398301417474217
ENSG00000282936,NA,34.823856111563,2.0971814464446,0.765691080559286,2.73893937083967,0.00616377390523919,0.0398344122421476
ENSG00000170876,TMEM43,669.491731097131,-1.03539822348319,0.378042537678104,-2.73884052795352,0.00616562722992467,0.0398344122421476
ENSG00000198363,ASPH,5409.94457285211,-1.3010143934184,0.475212597406463,-2.73775232499909,0.00618606446032978,0.0399518545843723
ENSG00000276180,H4C9,17.9612112840151,-2.29642664185412,0.838857195883905,-2.73756564659897,0.00618957653749146,0.0399599422827534
ENSG00000280893,NA,62.8565445231609,1.38418465064388,0.505794772192314,2.73665274285907,0.00620677733833013,0.040056055130481
ENSG00000168427,KLHL30,55.9041875267137,-1.47179622526114,0.53783200062443,-2.73653524437439,0.00620899435122142,0.040056055130481
ENSG00000160209,PDXK,1590.87284677387,-0.946361020153048,0.345960665533543,-2.73545843338451,0.00622934532524708,0.0401539576229595
ENSG00000242259,C22orf39,211.440602069931,-1.10261016175626,0.403093260749892,-2.73537235453907,0.00623097474446665,0.0401539576229595
ENSG00000103540,CCP110,411.854753455237,0.948855997553288,0.346883719181609,2.7353719563198,0.00623098228340219,0.0401539576229595
ENSG00000282534,IMPDH1P5,25.2694905419799,2.32919409755465,0.851578990083159,2.73514744337128,0.00623523398479624,0.0401667185985981
ENSG00000155755,TMEM237,221.772926120422,-1.08348566309235,0.396165368290573,-2.73493280790171,0.00623930107381276,0.0401782814596617
ENSG00000204642,HLA-F,78.1355614557252,-1.47891498125775,0.540800830878251,-2.73467586737251,0.00624417293450676,0.0401950163818286
ENSG00000168907,PLA2G4F,19.9661087259316,2.11532665959729,0.773640249811726,2.73425104253828,0.00625223556955404,0.0402322713160204
ENSG00000272573,MUSTN1,23.9162713009341,-2.58029364131826,0.943921213262243,-2.73359005504349,0.0062647989077129,0.0402984500127636
ENSG00000058668,ATP2B4,3066.59187722351,-1.58212896795199,0.578802075886475,-2.73345420458082,0.00626738382051959,0.040300417490272
ENSG00000111961,SASH1,1208.55329960814,-1.45098557716391,0.531030797856542,-2.73239439787802,0.00628758241752049,0.0404156015590748
ENSG00000135720,DYNC1LI2,1237.7280730257,-0.891144735479975,0.326179413827028,-2.7320692162153,0.00629379171238133,0.0404408135356247
ENSG00000137575,SDCBP,1153.61302127302,-1.63985766555119,0.600472350248346,-2.73094617074869,0.00631527856598404,0.0405641376252436
ENSG00000279718,SNX18P12,30.9324896691647,-2.53263433085621,0.928047008996813,-2.72899358147159,0.00635279404101583,0.0407902894071471
ENSG00000148143,ZNF462,405.869553433178,-1.07350526221382,0.393412932131113,-2.72869846041575,0.00635848167304935,0.0408119896277792
ENSG00000148985,PGAP2,105.748443670141,1.21630931361036,0.445804922185302,2.72834428935442,0.00636531337790281,0.0408410146812248
ENSG00000169220,RGS14,65.060483865834,1.20385590405986,0.441303033174184,2.72795746587287,0.00637278247074009,0.0408741067936514
ENSG00000205903,ZNF316,196.312037897571,0.773780344516679,0.283687222976717,2.72758263977291,0.00638002743135437,0.040898336669889
ENSG00000283056,ZG16B,161.752356415959,5.44941045793188,1.99796447304433,2.72748115967675,0.0063819902002937,0.040898336669889
ENSG00000278615,C11orf98,81.7494815905753,1.28754622066643,0.472077700077247,2.72740318056911,0.00638349879595621,0.040898336669889
ENSG00000197245,FAM110D,52.5953261510564,-1.21011110179983,0.44371878088169,-2.72720280037569,0.00638737685346542,0.0409083610647697
ENSG00000197070,ARRDC1,158.135487946155,1.35450429521177,0.496760560137395,2.72667438581906,0.00639761369161775,0.040959088670846
ENSG00000248124,RRN3P1,32.2780433470116,-1.9245686262315,0.705989441817936,-2.72605865220264,0.00640956076066302,0.0410207249116193
ENSG00000160299,PCNT,566.376140005807,0.72887557737631,0.267417013826879,2.7256140772261,0.00641819931695973,0.0410611031790168
ENSG00000103199,ZNF500,183.179859945203,0.973478170472882,0.357180218353235,2.72545376382002,0.00642131694280641,0.0410611031790168
ENSG00000158828,PINK1,411.317245963916,-1.42615180811635,0.523296199102452,-2.72532422471719,0.00642383709389301,0.0410611031790168
ENSG00000261456,TUBB8,13.1365561050943,2.96874775595711,1.08938186229215,2.72516723356365,0.00642689251055048,0.0410611031790168
ENSG00000224470,ATXN1L,567.665641431086,-0.984482725042328,0.361259896311396,-2.72513704148808,0.00642748026915787,0.0410611031790168
ENSG00000197119,SLC25A29,402.809477525017,1.77562440069455,0.651718631932836,2.72452606645369,0.00643938470804889,0.041117928964389
ENSG00000108468,CBX1,320.002854784256,0.820878129491712,0.301301388365929,2.72444190829535,0.00644102602676908,0.041117928964389
ENSG00000184307,ZDHHC23,67.1770618587876,1.58335151631707,0.581351169588531,2.72357156765975,0.0064580221821754,0.0412058209837172
ENSG00000291533,CCT8,550.945020843842,0.689181226382736,0.253049992279771,2.72349831025002,0.00645945460424499,0.0412058209837172
ENSG00000163482,STK36,266.145562313692,1.55264469911411,0.570192715521658,2.72301742349274,0.00646886461235057,0.0412509675226092
ENSG00000006071,ABCC8,90.8745831953031,2.12188982692819,0.779309432291768,2.72278216970659,0.00647347255687105,0.0412654705202418
ENSG00000089280,FUS,937.668181233396,0.955285653580342,0.350882542710496,2.72252260315077,0.00647856014464533,0.0412830194730679
ENSG00000091844,RGS17,44.0394088033734,-1.32943186134959,0.488492601045537,-2.72149845976001,0.00649866879496441,0.0413962393016411
ENSG00000185950,IRS2,701.352059599982,-1.46933255928496,0.540039225537761,-2.72078858312899,0.00651263986751352,0.0414702955625645
ENSG00000160183,TMPRSS3,84.1654492840129,3.24872574993347,1.19426627038997,2.72026919831927,0.00652287898107564,0.0415138339788122
ENSG00000116151,MORN1,139.188102542142,1.40536676009652,0.516640278288648,2.72020362940293,0.00652417263061239,0.0415138339788122
ENSG00000233493,TMEM238,7.4590370962572,3.65781774803946,1.34519770433883,2.7191674028594,0.00654464764536967,0.0416011844242198
ENSG00000117592,PRDX6,1305.21895249691,-1.19822205179925,0.440660138302469,-2.71915235268409,0.00654494545020171,0.0416011844242198
ENSG00000165899,OTOGL,11.8164741163748,-3.14189114204704,1.1555115895543,-2.71904771051143,0.00654701639061486,0.0416011844242198
ENSG00000164830,OXR1,688.526444693814,-0.774940236413042,0.285005839365187,-2.71903283855208,0.00654731076472339,0.0416011844242198
ENSG00000162772,ATF3,403.301085610929,-1.79447526312877,0.66044721974108,-2.71706081802006,0.00658645034933062,0.041834842502591
ENSG00000134198,TSPAN2,52.9363611978114,-1.47212539341051,0.541841273337551,-2.71689416412067,0.00658976762715563,0.0418408836448808
ENSG00000197162,ZNF785,167.22123039641,1.08072371780567,0.397892384948061,2.71612063635433,0.00660518452460732,0.0419237178566516
ENSG00000113269,RNF130,555.136656636797,-0.866568097465552,0.319077835761388,-2.71585174632308,0.00661055126467833,0.0419362669639309
ENSG00000181788,SIAH2,257.730552102333,1.38267275540522,0.509124722295558,2.71578396187673,0.00661190478399815,0.0419362669639309
ENSG00000104427,ZC2HC1A,128.867502792671,-1.3197699573565,0.486075003408266,-2.71515701918947,0.00662443538694283,0.0419905852233213
ENSG00000170382,LRRN2,104.21018042473,1.99813238356612,0.73592840698002,2.71511789002102,0.00662521816281549,0.0419905852233213
ENSG00000213145,CRIP1,442.680770895512,1.89521058341194,0.698248534657853,2.71423495982073,0.00664290323593763,0.0420821730391469
ENSG00000102001,CACNA1F,31.5474605025036,2.64267884430953,0.973664006619226,2.71415891554366,0.00664442838462355,0.0420821730391469
ENSG00000100625,SIX4,206.796489866009,1.46132852527102,0.538566478516837,2.71336702814365,0.00666032924612077,0.042167777321573
ENSG00000110719,TCIRG1,398.521979789916,1.32346666023362,0.487926586929725,2.7124298935246,0.00667919082129208,0.0422720584441331
ENSG00000119285,HEATR1,698.739174173942,0.860429246164427,0.317359433903727,2.7112137035934,0.00670374049465387,0.0424122515803093
ENSG00000275832,ARHGAP23,116.439715320808,-1.34964311187252,0.497965851797152,-2.71031257866715,0.00672198263569459,0.0425124531283932
ENSG00000126759,CFP,33.2004724268155,-2.63710111631392,0.973035849277215,-2.71017878557382,0.00672469490956685,0.0425144011747839
ENSG00000288031,NA,46.6380911384061,1.66151327578885,0.613282336751493,2.70921429857209,0.00674427625939181,0.0426091649314428
ENSG00000204789,ZNF204P,50.6544130932812,-1.69783231989185,0.626690668646013,-2.70920312817179,0.0067445033446309,0.0426091649314428
ENSG00000140832,MARVELD3,103.110050927389,2.05111543463872,0.757575030669696,2.70747497158867,0.00677971826234841,0.0428025768624435
ENSG00000276219,ZNF676,9.20771007685399,-3.74167087001401,1.38201903618761,-2.70739459590633,0.00678136010432333,0.0428025768624435
ENSG00000149968,MMP3,14.0760770494991,2.36401800645049,0.873186932856721,2.70734469046206,0.00678237970754775,0.0428025768624435
ENSG00000253797,UTP14C,32.1409861003226,-9.14255266216827,3.37722346611309,-2.70712102823643,0.00678695097622225,0.0428161448849583
ENSG00000242114,MTFP1,17.3783448963516,2.33079208555045,0.861068096920464,2.70686150594399,0.00679225863276785,0.0428343471480862
ENSG00000090104,RGS1,563.010429653275,1.06922711744305,0.395045281620079,2.70659381896211,0.00679773717838138,0.0428536137345162
ENSG00000278788,SBNO2,210.087445893762,1.19342445761803,0.44100891071315,2.70612322932016,0.0068073780058397,0.0428990966775707
ENSG00000258818,RNASE4,584.284658140842,-1.20550918450374,0.445534507378678,-2.70575940704661,0.00681483994232043,0.0429308210545252
ENSG00000145388,METTL14,278.895388422602,-0.811743040547172,0.300028508391489,-2.70555303194048,0.00681907592901222,0.0429422078535339
ENSG00000100320,RBFOX2,745.782312600398,-0.81220065002943,0.300241358231135,-2.70515912535998,0.00682716769263716,0.0429778591345329
ENSG00000186377,CYP4X1,364.67700862497,1.68404333246587,0.622646610316282,2.70465349776888,0.00683756711278743,0.0430280068524627
ENSG00000068615,REEP1,85.7336851102366,1.54715271397598,0.572059857096717,2.70452942079871,0.00684012122136853,0.0430287668294058
ENSG00000170549,IRX1,45.5747538757374,-2.61252324075495,0.966081793121515,-2.70424643063979,0.00684594974519288,0.0430501171209978
ENSG00000112977,DAP,436.39404262813,0.788538024642352,0.29162399789,2.70395451110916,0.00685196685578342,0.0430726377215849
ENSG00000122870,BICC1,288.768386624161,-1.26616817195942,0.468289381044524,-2.70381568152415,0.0068548301091504,0.0430753236745226
ENSG00000163382,NAXE,324.411534505059,1.19396856507994,0.441636587932372,2.70350916954094,0.00686115549013785,0.0430997557840524
ENSG00000171962,DRC3,60.9948171207096,1.82740725083583,0.67607537185373,2.70296379207729,0.00687242322296209,0.0431552059132239
ENSG00000254413,CHKB-CPT1B,50.316860588657,1.6739201451894,0.61940434441667,2.70246755657781,0.00688269010434795,0.0432043340841977
ENSG00000060138,YBX3,808.382759348216,-1.01152795961953,0.374334189088764,-2.70220564699654,0.00688811444549909,0.0432230403618738
ENSG00000119139,TJP2,631.099717483983,-0.887064877616454,0.328436861271316,-2.70086881899552,0.00691586101827738,0.0433817560788219
ENSG00000137731,FXYD2,9.83433167672595,-2.49994431743602,0.925677636005818,-2.70066405430617,0.0069201198737198,0.0433930779173714
ENSG00000134899,ERCC5,569.575691794047,-0.883702718377212,0.327333807121203,-2.69969889804263,0.00694022568534279,0.0435037259106404
ENSG00000164292,RHOBTB3,1495.61883179694,-1.64890249322761,0.610867357105977,-2.6992807424502,0.0069489528422045,0.0435429954318576
ENSG00000139508,SLC46A3,128.986016259907,-1.28366785630707,0.47558687070009,-2.69912383076816,0.0069522302253225,0.0435481002743102
ENSG00000116044,NFE2L2,688.421283726552,-0.825251682648775,0.305818743792723,-2.69849935427147,0.00696528730429833,0.0435999308735155
ENSG00000277224,H2BC7,31.0732296570036,1.48499578316185,0.55030574342665,2.69849224889979,0.00696543599602337,0.0435999308735155
ENSG00000160957,RECQL4,29.1939570440372,1.6477043754714,0.611102907413081,2.69627971898621,0.00701187576821187,0.0438750881844623
ENSG00000185046,ANKS1B,262.677473369503,1.74264656131979,0.646399539809239,2.69592791144942,0.00701928558003542,0.0439059168417992
ENSG00000091490,SEL1L3,123.401187412211,-0.949438636064994,0.35221431203599,-2.69562764379654,0.0070256154140318,0.0439299707801712
ENSG00000164463,CREBRF,718.305103958681,-0.71990212757513,0.267109514428106,-2.69515718718022,0.0070355432479145,0.0439630277747075
ENSG00000276368,H2AC14,19.8072092862081,2.36794578131446,0.878597944007,2.69514150069032,0.00703587448975979,0.0439630277747075
ENSG00000136244,IL6,47.6766874274524,-2.41027830991182,0.894365885466119,-2.69495778973686,0.00703975484217612,0.0439672938416606
ENSG00000198740,ZNF652,1658.1961694878,0.843431175260606,0.312976133940302,2.69487377405423,0.00704153006614165,0.0439672938416606
ENSG00000174788,PCP2,9.32925549967795,3.47703877854419,1.29173622426855,2.69175603596089,0.00710769175910487,0.044364741749471
ENSG00000144504,ANKMY1,204.61960651818,1.25787908792382,0.467430647871698,2.6910496640543,0.0071227590466387,0.0444431009956641
ENSG00000072736,NFATC3,492.435886377697,-0.923891650761551,0.343362062867537,-2.69072140074476,0.00712977083132714,0.0444711596509199
ENSG00000130822,PNCK,8.16805166794224,3.4448110079485,1.28045079491249,2.6903111167063,0.00713854331106263,0.0444971813456335
ENSG00000120318,ARAP3,121.337066045546,-1.19167036856768,0.442952232976063,-2.69029091593286,0.00713897548366014,0.0444971813456335
ENSG00000277956,MAPT,129.050368094116,2.57066708013651,0.955614865152493,2.69006602333074,0.00714378839190254,0.0445114905334787
ENSG00000215114,UBXN2B,308.836600411066,0.976287186340856,0.363056211469291,2.68907997026085,0.00716492523474173,0.0446250721392087
ENSG00000120314,WDR55,301.761636284471,0.783342379010438,0.29131577370258,2.68898030839275,0.00716706468785572,0.0446250721392087
ENSG00000229802,SLC39A7,510.642226493163,1.01578091386569,0.378070712540396,2.68674848427239,0.00721512597221224,0.0449085084711823
ENSG00000185129,PURA,1105.41305059992,-0.743898560566973,0.277008195844231,-2.68547491275416,0.00724268117841414,0.0450641559739258
ENSG00000231852,CYP21A2,18.3554340965132,2.74684991575972,1.02314030878836,2.68472456041992,0.00725896010413159,0.0451495573413151
ENSG00000146006,LRRTM2,11.9582339218527,-2.37101686364752,0.883196781814878,-2.68458503525718,0.00726199072626698,0.0451525253208787
ENSG00000169508,GPR183,81.8055176822693,-1.680894800099,0.626165841674777,-2.68442429820698,0.00726548349865855,0.0451583636930683
ENSG00000293570,NA,87.9851455752349,2.14099416508057,0.797649514971321,2.68412896252754,0.00727190499240605,0.0451823949334913
ENSG00000269067,ZNF728,25.1293766589358,-2.800771358193,1.04400727135327,-2.68271250119032,0.00730277400271257,0.045343103507481
ENSG00000164823,OSGIN2,346.977749998051,-0.791901966877758,0.29518844582823,-2.68269974001139,0.00730305264129204,0.045343103507481
ENSG00000137812,KNL1,113.575363394047,0.9838166572053,0.366754451161131,2.68249411586028,0.00730754373164481,0.045343103507481
ENSG00000130701,RBBP8NL,19.3516265615039,3.53432496320916,1.31756267365038,2.68247198701913,0.0073080272010587,0.045343103507481
ENSG00000168792,ABHD15,209.282541137151,-1.21049390637349,0.451333889352585,-2.68203637025769,0.00731755037153134,0.0453862655979616
ENSG00000136717,BIN1,291.449103592446,-1.57353486835099,0.586960374248212,-2.68081958746601,0.00734420989992348,0.0455356464447219
ENSG00000169957,ZNF768,181.911430666851,0.89912813731921,0.335487098214869,2.68006770484911,0.0073607270615698,0.0456220598071289
ENSG00000269343,ZNF587B,505.464853140918,1.25228349738968,0.467314850437351,2.67974256803031,0.00736787989798231,0.0456503925143732
ENSG00000101187,SLCO4A1,21.1327009889711,-2.49887618902521,0.932569074405454,-2.67956150124143,0.00737186597325137,0.0456590914203166
ENSG00000144320,LNPK,557.546081409546,-1.04060525669762,0.388398001044727,-2.67922402766895,0.00737930041198301,0.045689134868731
ENSG00000186687,LYRM7,338.767801548081,-0.832597791566445,0.310802638821351,-2.67886332858654,0.00738725393685221,0.04572237009638
ENSG00000126001,CEP250,368.683811819291,0.86835465887014,0.324174355796591,2.67866548770133,0.00739161965359406,0.0457333836019957
ENSG00000143543,JTB,492.138279547938,0.843113194163401,0.314842971131634,2.67788475992656,0.00740887041900194,0.045824083812246
ENSG00000118507,AKAP7,99.4222141231698,-0.951154538198686,0.35522022070593,-2.67764750640731,0.00741411986318318,0.0458405180212127
ENSG00000187231,SESTD1,1201.67778829664,-1.19591312540416,0.446898406394222,-2.67602906677007,0.00745001836243865,0.0460463735417695
ENSG00000174899,SLC66A1LP,8.89628888689796,-4.46810535856478,1.67038721626367,-2.67489197418492,0.0074753332939654,0.0461643113263336
ENSG00000123342,MMP19,136.325014688809,-1.80629037204683,0.675304964387723,-2.67477727441932,0.00747789111694353,0.0461643113263336
ENSG00000170275,CRTAP,1277.81110811043,-1.23809625120756,0.462888232698974,-2.6747196488201,0.00747917647314769,0.0461643113263336
ENSG00000166900,STX3,283.135549032356,0.761695685075906,0.284777643705075,2.67470323571025,0.00747954260871717,0.0461643113263336
ENSG00000076716,GPC4,369.125483849997,1.43697022662487,0.537441448844347,2.67372423491855,0.00750141077080612,0.0462831286322975
ENSG00000156475,PPP2R2B,21.4718885353852,-2.01126920607054,0.752348354969131,-2.67332173026824,0.00751041822762732,0.0463225411646787
ENSG00000214456,PLIN5,111.949855507256,-1.63836240482348,0.612893940618748,-2.67315810492345,0.0075140826919234,0.0463289833477272
ENSG00000166619,BLCAP,573.608516339097,-1.05122379198334,0.393282394455998,-2.67294902289596,0.00751876751256668,0.0463417099772453
ENSG00000154134,ROBO3,59.8813717747824,-1.46305380810375,0.547515296217829,-2.67216974249004,0.00753625163034155,0.0464332883551671
ENSG00000104953,TLE6,19.3615750868351,2.49725174781728,0.93459101790587,2.67202626600548,0.0075394746733003,0.0464369664395574
ENSG00000105325,FZR1,228.512422327334,0.808010986781203,0.302429708884334,2.67173152320902,0.00754609962681684,0.0464615876396247
ENSG00000164919,COX6C,952.404521998444,1.30792286228413,0.489570115927234,2.67157414174874,0.00754963923757863,0.0464672017536035
ENSG00000166262,FAM227B,89.8005809281823,1.9703017271482,0.737613064742245,2.67118604771014,0.00755837408572018,0.0465047769512143
ENSG00000185345,PRKN,97.5673273997379,-1.0503722978735,0.393297945095419,-2.67067832662758,0.00756981506502358,0.0465359647592783
ENSG00000113369,ARRDC3,1201.9183222296,-1.18086587433779,0.442188921895622,-2.67050081054842,0.00757381887148944,0.0465359647592783
ENSG00000185274,GALNT17,16.970405551268,-2.86284395790207,1.07203043065741,-2.67048758694888,0.00757411720062866,0.0465359647592783
ENSG00000130270,ATP8B3,19.0463369576849,2.06743487731895,0.774185006605094,2.67046618015109,0.00757460016798167,0.0465359647592783
ENSG00000134222,PSRC1,17.4775245451893,2.19395110990085,0.82158837721189,2.67037749164144,0.00757660139919483,0.0465359647592783
ENSG00000231116,VARS1,28.2361485459038,2.23657086533541,0.837727932219678,2.66980576785748,0.00758951356631923,0.0465968402940913
ENSG00000178921,PFAS,186.750717216392,0.831528950271221,0.311468432978447,2.66970537694509,0.00759178289245473,0.0465968402940913
ENSG00000179403,VWA1,252.03896359141,1.06731668473122,0.400056386527995,2.66791562558028,0.00763234225754377,0.0468295309299606
ENSG00000127191,TRAF2,143.716491591174,1.0298769595245,0.386063097554717,2.66763895862524,0.0076386293912807,0.0468518499916811
ENSG00000143315,PIGM,225.374893899686,0.845791065242734,0.317093556938422,2.66732340262272,0.00764580592802066,0.0468788019480232
ENSG00000130032,PRRG3,30.7948175902417,-2.49534562276498,0.935593233654029,-2.66712662405565,0.00765028422615199,0.0468788019480232
ENSG00000237970,TMEM161BP1,152.581797071823,2.36679145912824,0.887403857906704,2.66709620207339,0.00765097678120199,0.0468788019480232
ENSG00000060762,MPC1,156.59408504777,-0.990672316670387,0.371503992048501,-2.66665322008451,0.00766106761479885,0.0469243708460298
ENSG00000109790,KLHL5,771.872020478924,-1.20958668613488,0.453624890483385,-2.66649099621922,0.00766476594904998,0.0469307674089511
ENSG00000185909,KLHDC8B,172.332755606896,-1.39519311348914,0.523296154888372,-2.66616351076908,0.00767223674682264,0.0469602500498667
ENSG00000133027,PEMT,118.350988817183,-1.86972433338254,0.701371293470623,-2.66581246023131,0.0076802523729677,0.0469930459208263
ENSG00000278211,TRIM69,52.3047478611331,-2.68580914153967,1.00770241308486,-2.66528005358015,0.00769242327318958,0.0470512351227296
ENSG00000145386,CCNA2,32.3057110037016,1.62830473763612,0.611091486583083,2.66458422901747,0.00770835599030059,0.0471323855382038
ENSG00000197550,NA,15.0244605146176,-2.56161164503806,0.961533551359956,-2.66408971524188,0.00771969714328513,0.0471854146507815
ENSG00000135677,GNS,2214.7282608299,-1.23392133468723,0.463209359590321,-2.66385233618455,0.00772514649205748,0.047202406848325
ENSG00000164466,SFXN1,235.225891150983,0.729064042736004,0.273731744137599,2.66342526341964,0.00773495919018357,0.0472460391571731
ENSG00000158158,CNNM4,148.770719774126,1.24283419489183,0.466684940484741,2.66311184929369,0.00774216749907097,0.0472737389109364
ENSG00000139737,SLAIN1,25.7220325018148,-2.12097090775231,0.796494836557479,-2.66288092578143,0.00774748243161871,0.0472898625606882
ENSG00000102805,CLN5,468.961919302709,-0.686932210699458,0.258031741860898,-2.66220041668275,0.00776316403936423,0.0473620134718941
ENSG00000139278,GLIPR1,212.533252686199,-1.11699505715318,0.419588931403969,-2.66211754780006,0.00776507560585429,0.0473620134718941
ENSG00000108840,HDAC5,306.328166831881,-0.799598450499124,0.300397118437275,-2.66180466263722,0.00777229684410209,0.0473620134718941
ENSG00000204370,SDHD,389.69999353653,-1.09280764041549,0.410553804074929,-2.66178909942836,0.00777265619248027,0.0473620134718941
ENSG00000114770,ABCC5,612.074908760396,1.33510895140988,0.501602843646414,2.66168537184572,0.00777505160188848,0.0473620134718941
ENSG00000134744,TUT4,467.499502391623,-0.924672459135865,0.347402930039054,-2.66167144598325,0.00777537324599382,0.0473620134718941
ENSG00000111602,TIMELESS,103.426316291449,0.939026338801992,0.352851076320882,2.66125400152682,0.00778502045135462,0.047396027942603
ENSG00000185585,OLFML2A,487.639087480332,-1.13333241654358,0.425873032783604,-2.66119789068554,0.00778631799882721,0.047396027942603
ENSG00000144785,NA,9.17913993144546,5.61668425521844,2.11097736881982,2.66070320704506,0.00779776580654209,0.0474493780994783
ENSG00000166823,MESP1,29.4716955007147,-3.09280615936853,1.16245315927763,-2.66058561988893,0.00780048918752354,0.047449621707251
ENSG00000074211,PPP2R2C,74.109115709539,2.87293002279775,1.07994245329345,2.66026214085418,0.00780798553100982,0.0474652477800594
ENSG00000116701,NCF2,104.7542388385,-1.54210333212606,0.579685112211846,-2.66024312103172,0.00780842649958677,0.0474652477800594
ENSG00000122679,RAMP3,118.104369908921,-1.59181873180566,0.598428819779865,-2.65999677687852,0.00781413992731542,0.0474761118257099
ENSG00000115226,FNDC4,64.9119272409518,-2.10811445459534,0.792543727628169,-2.65993456399466,0.00781558341484146,0.0474761118257099
ENSG00000173812,EIF1,1355.00710069708,-0.885470870451244,0.332945593945963,-2.65950619726463,0.00782552903348433,0.0475202025752416
ENSG00000144668,ITGA9,64.4703226286802,-2.03437824118574,0.765243691143125,-2.65847110499764,0.00784960813828021,0.0476500586025434
ENSG00000106261,ZKSCAN1,2070.05381058263,0.927513902841689,0.348913871211881,2.65828899155015,0.0078538514594015,0.0476579921363544
ENSG00000054179,ENTPD2,22.3041416530516,2.4290939970508,0.913840967065385,2.65811457856977,0.00785791728258426,0.0476579921363544
ENSG00000134690,CDCA8,17.1166630791693,2.3104654366089,0.869227320847364,2.65806812693894,0.00785900045634843,0.0476579921363544
ENSG00000085741,WNT11,79.266821946427,-1.4987189931357,0.563869895857494,-2.65791631038673,0.0078625414955171,0.0476631200772125
ENSG00000120992,LYPLA1,578.447353458543,1.06276644524783,0.400026031406493,2.65674321621306,0.0078899515086472,0.0478128898311886
ENSG00000184232,OAF,153.409828499321,-1.23652589453063,0.465496862874824,-2.6563570952854,0.00789899214825056,0.0478495542087973
ENSG00000047662,FAM184B,13.1443810984378,2.54164557207818,0.956853456460621,2.65625373971022,0.0079014136905326,0.0478495542087973
ENSG00000184014,DENND5A,898.044557930187,-0.905891921402877,0.341227724784363,-2.65480163423224,0.00793550577965773,0.0480395579259458
ENSG00000120688,WBP4,115.120725122024,-1.17122050404018,0.441242625259493,-2.6543684517138,0.00794570138704551,0.0480848178053134
ENSG00000167113,COQ4,232.8598878339,0.772157767812289,0.290965556051893,2.65377723153794,0.00795963558226876,0.0481526637021069
ENSG00000133454,MYO18B,31.9503672408627,2.45238659664719,0.924192436562105,2.65354540854045,0.0079651052813304,0.0481605040493508
ENSG00000177076,ACER2,100.310185114776,-0.916219351219303,0.345288223351775,-2.65349145802135,0.00796637868825149,0.0481605040493508
ENSG00000008294,SPAG9,1165.53458152283,-0.640964394663918,0.241592558858226,-2.65308003563163,0.00797609558654345,0.0482027676886014
ENSG00000134874,DZIP1,113.409797590017,-1.23225702023895,0.464520531832122,-2.6527503862505,0.00798388884239028,0.0482333810727664
ENSG00000276130,SLC67A1,35.3937271101921,1.70573172978455,0.643033819239764,2.65263144604304,0.00798670238670689,0.0482338996940362
ENSG00000184428,TOP1MT,93.2529276535028,1.33456840321634,0.503233591124653,2.65198593010012,0.00800198763152724,0.0482953072392262
ENSG00000146063,TRIM41,255.757032633938,0.735079189715033,0.277182174249668,2.65197136758484,0.00800233276089649,0.0482953072392262
ENSG00000143198,MGST3,597.875457774003,-1.34200537762805,0.506101266359619,-2.651653862242,0.00800986090275662,0.0483242478142085
ENSG00000162368,CMPK1,1029.06913294097,-1.04267871694395,0.393364250981899,-2.65066974017405,0.00803323502175816,0.0484487363198327
ENSG00000143443,C1orf56,39.9071409065516,1.34494266026303,0.507423100000403,2.65053494857045,0.00803644124013408,0.0484515480563556
ENSG00000170471,RALGAPB,976.760349190444,0.675797411692581,0.254984700747964,2.6503449411287,0.00804096279505754,0.0484622853118618
ENSG00000113916,BCL6,662.945026025763,-1.10113769178982,0.415521407269982,-2.65001434949984,0.00804883522254101,0.0484932038297079
ENSG00000255071,SAA2-SAA4,10.8840460230296,-3.46679380491472,1.3086850119307,-2.64906663812109,0.0080714414735552,0.0486128404553394
ENSG00000226887,ERVMER34-1,23.8966677135041,1.95605664987897,0.738527936040341,2.64858856980614,0.00808286664002647,0.0486650768796691
ENSG00000204634,TBC1D8,547.575114041618,1.38097829528481,0.521446751588433,2.64835918735339,0.00808835369911934,0.0486796543805332
ENSG00000035862,TIMP2,2111.72543393605,-1.33308470652631,0.503381880987922,-2.64825723148803,0.00809079365630193,0.0486796543805332
ENSG00000266412,NCOA4,1942.33874583602,-0.97974674951282,0.3700431064085,-2.64765572590143,0.00810520200493251,0.0487497575010958
ENSG00000125810,CD93,1094.19924983694,-1.50278955027557,0.56832151810919,-2.64425945946118,0.00818698732300518,0.0492249224184633
ENSG00000128266,GNAZ,81.1938321974136,-1.77539372647457,0.671584899701737,-2.64358791757089,0.00820324587296445,0.0493059132466452
ENSG00000184923,NUTM2A,18.8526796457942,2.09253210362505,0.791777264747054,2.64282923593865,0.00822164890127839,0.049381712516278
ENSG00000013810,TACC3,73.3816098097124,1.0588923302096,0.400675568497166,2.64276739952286,0.0082231504688608,0.049381712516278
ENSG00000151422,FER,529.391969947684,-0.898767912653179,0.340111685351914,-2.6425669900851,0.00822801867815861,0.049381712516278
ENSG00000100031,GGT1,87.4250621786677,1.842842400462,0.697368926926981,2.64256454411103,0.00822807811001863,0.049381712516278
ENSG00000162738,VANGL2,104.621455453271,1.78605073580591,0.675896143770047,2.64249286265133,0.00822981998447499,0.049381712516278
ENSG00000119509,INVS,263.517977440217,-0.838712437862415,0.317424798235028,-2.64223980774626,0.00823597191057565,0.0494018627186938
ENSG00000105963,ADAP1,41.0358176384225,1.37425711756601,0.520147059648151,2.64205495748763,0.00824046833875949,0.0494120724429583
ENSG00000107771,CCSER2,700.79447431393,-0.839077484646675,0.317670842631955,-2.64134245905221,0.00825782021181089,0.0494993338323566
ENSG00000188647,PTAR1,879.622257860555,-0.778431497609344,0.29473361728118,-2.64113576452567,0.00826286007341036,0.0495127599722519
ENSG00000196352,CD55,471.604654610612,-1.35045048264714,0.511383840908711,-2.64077660382745,0.00827162408559279,0.0495308482876295
ENSG00000185028,LRRC14B,8.02280261882577,4.18868258544183,1.5862009797688,2.64070104536965,0.00827346887386082,0.0495308482876295
ENSG00000148357,HMCN2,186.085745666807,-0.969768058799285,0.367243496576183,-2.64066775270481,0.00827428184367232,0.0495308482876295
ENSG00000249437,NAIP,329.247119607118,1.09287196494606,0.41403724790121,2.6395498725922,0.00830162075746938,0.0496553666708009
ENSG00000028137,TNFRSF1B,258.540027974074,-1.35971474012148,0.515157986978226,-2.63941310140057,0.00830497118107549,0.0496553666708009
ENSG00000232045,EHMT2,167.428670934588,1.37601222015489,0.521333196587317,2.63941032177188,0.00830503928495564,0.0496553666708009
ENSG00000005156,LIG3,508.156422779271,1.1570410036481,0.438379673075872,2.63935824288972,0.00830631536573145,0.0496553666708009
ENSG00000100422,CERK,219.232087514271,-0.899949245102258,0.341116519175839,-2.63824586178528,0.00833361378927904,0.0498017210665162
ENSG00000120675,DNAJC15,219.811943656213,-1.18938050332574,0.450887258223677,-2.63786674303338,0.0083429358866323,0.0498306297819916
ENSG00000167747,C19orf48P,39.7850012126583,1.47110057115118,0.557695597842106,2.63781994486476,0.00834408724676114,0.0498306297819916
ENSG00000103489,XYLT1,269.45010492859,-1.03028066887538,0.390628120115599,-2.63749744532085,0.00835202546382805,0.0498611972575528
ENSG00000186825,CDRT15P3,11.677565728878,2.55467540363405,0.968927240587437,2.63660190014393,0.00837410444388212,0.0499761352957028
